acgme_id,rise_program_id,program_name,state,faculty_name,degree,role,subspecialty_interest,medical_school,residency_program,fellowship_program,trained_here,puerto_rico_tie,pr_tie_type,pr_tie_school,spanish_documented,section_status,confidence,source_url,roster_completeness,absence_message,adversarially_validated
1804800001,RISE-NEURO-0247,University of Texas at Austin Dell Medical School/Ascension Seton Medical Center Program,TX,"David Paydarfar, M.D.",M.D.,"Chair, Department of Neurology; Professor; runs the Paydarfar Lab",Neural control of breathing; digital-twin neurovascular work,,,,,,,,,CONFLICT,HIGH,https://dellmed.utexas.edu/units/department-of-neurology,"13 named faculty verified individually against an unresolved official count of 30 (FREIDA physician faculty, 1.90:1 ratio, ~27% of full-time faculty female) versus 'over 100 members' (the department's own Directors' Welcome). REGISTRY DEFECT CONFIRMED: 'Program Faculty Count: 0', 'Faculty Resident Ratio: 0.00:1' and 'Faculty Distribution: Physicians: 0; non-physicians: 0' are FREIDA null sentinels","Research complete · No complete core-faculty roster is publicly enumerable for this program, and two official numbers disagree without a reconcilable denominator. FREIDA's survey_2026 reports 30 physician faculty and a 1.90:1 full-time-faculty-to-resident ratio (1.90 x 16 = 30.4, internally consistent); the Directors' Welcome, written by this program's own PD and the chair, states 'Our growing neurology faculty, currently over 100 members, offers a multitude of training and research opportunities.' The likely but unproven reconciliation is that 100+ is the whole Dell Med Department of Neurology - adult neurology, child neurology, PM&R-adjacent faculty, clinical neuropsychologists and PhD researchers across the Mulva Clinic - while 30 is the subset of physician faculty the program attributes to this residency on the AMA survey. The dossier does NOT resolve 30 vs 100+; both are official and answer different questions. An attempt to enumerate the full department roster programmatically failed: the team page is JS-rendered against a Craft CMS 'reliquary' search action whose POST was rejected without the full internal payload shape, though its pagination hint (pages 0-3 at limit 50, implying roughly 150-200 directory entries) is weak corroboration for a department far larger than 30.",NO
1804800001,RISE-NEURO-0247,University of Texas at Austin Dell Medical School/Ascension Seton Medical Center Program,TX,"Esther Melamed, M.D., Ph.D.","M.D., Ph.D.",Associate Chair for Research; Associate Professor; founder of the MS and Neuroimmunology Clinic at Dell Seton; Research Director of UT Medicine's Post-COVID-19 Program; runs the Melamed Lab,"MS / neuroimmunology; PI on work into 'genetic, environmental, and sex differences in multiple sclerosis and advancing patient-specific treatments'",,,,,,,,,CONFLICT,HIGH,https://dellmed.utexas.edu/directory/esther-melamed,"13 named faculty verified individually against an unresolved official count of 30 (FREIDA physician faculty, 1.90:1 ratio, ~27% of full-time faculty female) versus 'over 100 members' (the department's own Directors' Welcome). REGISTRY DEFECT CONFIRMED: 'Program Faculty Count: 0', 'Faculty Resident Ratio: 0.00:1' and 'Faculty Distribution: Physicians: 0; non-physicians: 0' are FREIDA null sentinels","Research complete · No complete core-faculty roster is publicly enumerable for this program, and two official numbers disagree without a reconcilable denominator. FREIDA's survey_2026 reports 30 physician faculty and a 1.90:1 full-time-faculty-to-resident ratio (1.90 x 16 = 30.4, internally consistent); the Directors' Welcome, written by this program's own PD and the chair, states 'Our growing neurology faculty, currently over 100 members, offers a multitude of training and research opportunities.' The likely but unproven reconciliation is that 100+ is the whole Dell Med Department of Neurology - adult neurology, child neurology, PM&R-adjacent faculty, clinical neuropsychologists and PhD researchers across the Mulva Clinic - while 30 is the subset of physician faculty the program attributes to this residency on the AMA survey. The dossier does NOT resolve 30 vs 100+; both are official and answer different questions. An attempt to enumerate the full department roster programmatically failed: the team page is JS-rendered against a Craft CMS 'reliquary' search action whose POST was rejected without the full internal payload shape, though its pagination hint (pages 0-3 at limit 50, implying roughly 150-200 directory entries) is weak corroboration for a department far larger than 30.",NO
1804800001,RISE-NEURO-0247,University of Texas at Austin Dell Medical School/Ascension Seton Medical Center Program,TX,"Leorah Freeman, M.D., Ph.D.","M.D., Ph.D.",Associate Professor; medical director and creator of the Moving Stronger program,Advanced MS imaging - 'the application of advanced imaging techniques to determine the mechanisms driving disability progression in multiple sclerosis',,,,,,,,,CONFLICT,HIGH,https://dellmed.utexas.edu/directory/leorah-freeman,"13 named faculty verified individually against an unresolved official count of 30 (FREIDA physician faculty, 1.90:1 ratio, ~27% of full-time faculty female) versus 'over 100 members' (the department's own Directors' Welcome). REGISTRY DEFECT CONFIRMED: 'Program Faculty Count: 0', 'Faculty Resident Ratio: 0.00:1' and 'Faculty Distribution: Physicians: 0; non-physicians: 0' are FREIDA null sentinels","Research complete · No complete core-faculty roster is publicly enumerable for this program, and two official numbers disagree without a reconcilable denominator. FREIDA's survey_2026 reports 30 physician faculty and a 1.90:1 full-time-faculty-to-resident ratio (1.90 x 16 = 30.4, internally consistent); the Directors' Welcome, written by this program's own PD and the chair, states 'Our growing neurology faculty, currently over 100 members, offers a multitude of training and research opportunities.' The likely but unproven reconciliation is that 100+ is the whole Dell Med Department of Neurology - adult neurology, child neurology, PM&R-adjacent faculty, clinical neuropsychologists and PhD researchers across the Mulva Clinic - while 30 is the subset of physician faculty the program attributes to this residency on the AMA survey. The dossier does NOT resolve 30 vs 100+; both are official and answer different questions. An attempt to enumerate the full department roster programmatically failed: the team page is JS-rendered against a Craft CMS 'reliquary' search action whose POST was rejected without the full internal payload shape, though its pagination hint (pages 0-3 at limit 50, implying roughly 150-200 directory entries) is weak corroboration for a department far larger than 30.",NO
1804800001,RISE-NEURO-0247,University of Texas at Austin Dell Medical School/Ascension Seton Medical Center Program,TX,"Ethan Meltzer, M.D.",M.D.,Program Director (this program); Assistant Professor,MS / neuroimmunology,,,,,,,,,CONFLICT,HIGH,https://utmedicine.org/clinics/mulva-clinic-for-the-neurosciences/multiple-sclerosis-and-neuroimmunology-center-care-team,"13 named faculty verified individually against an unresolved official count of 30 (FREIDA physician faculty, 1.90:1 ratio, ~27% of full-time faculty female) versus 'over 100 members' (the department's own Directors' Welcome). REGISTRY DEFECT CONFIRMED: 'Program Faculty Count: 0', 'Faculty Resident Ratio: 0.00:1' and 'Faculty Distribution: Physicians: 0; non-physicians: 0' are FREIDA null sentinels","Research complete · No complete core-faculty roster is publicly enumerable for this program, and two official numbers disagree without a reconcilable denominator. FREIDA's survey_2026 reports 30 physician faculty and a 1.90:1 full-time-faculty-to-resident ratio (1.90 x 16 = 30.4, internally consistent); the Directors' Welcome, written by this program's own PD and the chair, states 'Our growing neurology faculty, currently over 100 members, offers a multitude of training and research opportunities.' The likely but unproven reconciliation is that 100+ is the whole Dell Med Department of Neurology - adult neurology, child neurology, PM&R-adjacent faculty, clinical neuropsychologists and PhD researchers across the Mulva Clinic - while 30 is the subset of physician faculty the program attributes to this residency on the AMA survey. The dossier does NOT resolve 30 vs 100+; both are official and answer different questions. An attempt to enumerate the full department roster programmatically failed: the team page is JS-rendered against a Craft CMS 'reliquary' search action whose POST was rejected without the full internal payload shape, though its pagination hint (pages 0-3 at limit 50, implying roughly 150-200 directory entries) is weak corroboration for a department far larger than 30.",NO
1804800001,RISE-NEURO-0247,University of Texas at Austin Dell Medical School/Ascension Seton Medical Center Program,TX,"Navid Valizadeh, MB BCh BAO, MRCPI","MB BCh BAO, MRCPI",Associate Program Director; Assistant Professor; joint appointment in Neurosurgery,MS / neuroimmunology,,,,,,,,,CONFLICT,HIGH,https://utmedicine.org/clinics/mulva-clinic-for-the-neurosciences/multiple-sclerosis-and-neuroimmunology-center-care-team,"13 named faculty verified individually against an unresolved official count of 30 (FREIDA physician faculty, 1.90:1 ratio, ~27% of full-time faculty female) versus 'over 100 members' (the department's own Directors' Welcome). REGISTRY DEFECT CONFIRMED: 'Program Faculty Count: 0', 'Faculty Resident Ratio: 0.00:1' and 'Faculty Distribution: Physicians: 0; non-physicians: 0' are FREIDA null sentinels","Research complete · No complete core-faculty roster is publicly enumerable for this program, and two official numbers disagree without a reconcilable denominator. FREIDA's survey_2026 reports 30 physician faculty and a 1.90:1 full-time-faculty-to-resident ratio (1.90 x 16 = 30.4, internally consistent); the Directors' Welcome, written by this program's own PD and the chair, states 'Our growing neurology faculty, currently over 100 members, offers a multitude of training and research opportunities.' The likely but unproven reconciliation is that 100+ is the whole Dell Med Department of Neurology - adult neurology, child neurology, PM&R-adjacent faculty, clinical neuropsychologists and PhD researchers across the Mulva Clinic - while 30 is the subset of physician faculty the program attributes to this residency on the AMA survey. The dossier does NOT resolve 30 vs 100+; both are official and answer different questions. An attempt to enumerate the full department roster programmatically failed: the team page is JS-rendered against a Craft CMS 'reliquary' search action whose POST was rejected without the full internal payload shape, though its pagination hint (pages 0-3 at limit 50, implying roughly 150-200 directory entries) is weak corroboration for a department far larger than 30.",NO
1804800001,RISE-NEURO-0247,University of Texas at Austin Dell Medical School/Ascension Seton Medical Center Program,TX,"John Jefferson, M.D.",M.D.,Site Associate Program Director (Ascension Seton Medical Center Austin); Assistant Professor,,,,,,,,,,CONFLICT,HIGH,https://dellmed.utexas.edu/education/academics/graduate-medical-education/neurology-residency/team,"13 named faculty verified individually against an unresolved official count of 30 (FREIDA physician faculty, 1.90:1 ratio, ~27% of full-time faculty female) versus 'over 100 members' (the department's own Directors' Welcome). REGISTRY DEFECT CONFIRMED: 'Program Faculty Count: 0', 'Faculty Resident Ratio: 0.00:1' and 'Faculty Distribution: Physicians: 0; non-physicians: 0' are FREIDA null sentinels","Research complete · No complete core-faculty roster is publicly enumerable for this program, and two official numbers disagree without a reconcilable denominator. FREIDA's survey_2026 reports 30 physician faculty and a 1.90:1 full-time-faculty-to-resident ratio (1.90 x 16 = 30.4, internally consistent); the Directors' Welcome, written by this program's own PD and the chair, states 'Our growing neurology faculty, currently over 100 members, offers a multitude of training and research opportunities.' The likely but unproven reconciliation is that 100+ is the whole Dell Med Department of Neurology - adult neurology, child neurology, PM&R-adjacent faculty, clinical neuropsychologists and PhD researchers across the Mulva Clinic - while 30 is the subset of physician faculty the program attributes to this residency on the AMA survey. The dossier does NOT resolve 30 vs 100+; both are official and answer different questions. An attempt to enumerate the full department roster programmatically failed: the team page is JS-rendered against a Craft CMS 'reliquary' search action whose POST was rejected without the full internal payload shape, though its pagination hint (pages 0-3 at limit 50, implying roughly 150-200 directory entries) is weak corroboration for a department far larger than 30.",NO
1804800001,RISE-NEURO-0247,University of Texas at Austin Dell Medical School/Ascension Seton Medical Center Program,TX,"Steven Warach, M.D.",M.D.,Leads the thrice-weekly stroke huddle; nationally known vascular neurology figure,Vascular neurology,,,,,,,,,CONFLICT,HIGH,https://dellmed.utexas.edu/education/academics/graduate-medical-education/neurology-residency/curriculum,"13 named faculty verified individually against an unresolved official count of 30 (FREIDA physician faculty, 1.90:1 ratio, ~27% of full-time faculty female) versus 'over 100 members' (the department's own Directors' Welcome). REGISTRY DEFECT CONFIRMED: 'Program Faculty Count: 0', 'Faculty Resident Ratio: 0.00:1' and 'Faculty Distribution: Physicians: 0; non-physicians: 0' are FREIDA null sentinels","Research complete · No complete core-faculty roster is publicly enumerable for this program, and two official numbers disagree without a reconcilable denominator. FREIDA's survey_2026 reports 30 physician faculty and a 1.90:1 full-time-faculty-to-resident ratio (1.90 x 16 = 30.4, internally consistent); the Directors' Welcome, written by this program's own PD and the chair, states 'Our growing neurology faculty, currently over 100 members, offers a multitude of training and research opportunities.' The likely but unproven reconciliation is that 100+ is the whole Dell Med Department of Neurology - adult neurology, child neurology, PM&R-adjacent faculty, clinical neuropsychologists and PhD researchers across the Mulva Clinic - while 30 is the subset of physician faculty the program attributes to this residency on the AMA survey. The dossier does NOT resolve 30 vs 100+; both are official and answer different questions. An attempt to enumerate the full department roster programmatically failed: the team page is JS-rendered against a Craft CMS 'reliquary' search action whose POST was rejected without the full internal payload shape, though its pagination hint (pages 0-3 at limit 50, implying roughly 150-200 directory entries) is weak corroboration for a department far larger than 30.",NO
1804800001,RISE-NEURO-0247,University of Texas at Austin Dell Medical School/Ascension Seton Medical Center Program,TX,"Max Padrick, M.D.",M.D.,"Program Director, Vascular Neurology Fellowship",Vascular neurology,,,,,,,,,CONFLICT,HIGH,https://dellmed.utexas.edu/education/academics/graduate-medical-education/vascular-neurology-fellowship,"13 named faculty verified individually against an unresolved official count of 30 (FREIDA physician faculty, 1.90:1 ratio, ~27% of full-time faculty female) versus 'over 100 members' (the department's own Directors' Welcome). REGISTRY DEFECT CONFIRMED: 'Program Faculty Count: 0', 'Faculty Resident Ratio: 0.00:1' and 'Faculty Distribution: Physicians: 0; non-physicians: 0' are FREIDA null sentinels","Research complete · No complete core-faculty roster is publicly enumerable for this program, and two official numbers disagree without a reconcilable denominator. FREIDA's survey_2026 reports 30 physician faculty and a 1.90:1 full-time-faculty-to-resident ratio (1.90 x 16 = 30.4, internally consistent); the Directors' Welcome, written by this program's own PD and the chair, states 'Our growing neurology faculty, currently over 100 members, offers a multitude of training and research opportunities.' The likely but unproven reconciliation is that 100+ is the whole Dell Med Department of Neurology - adult neurology, child neurology, PM&R-adjacent faculty, clinical neuropsychologists and PhD researchers across the Mulva Clinic - while 30 is the subset of physician faculty the program attributes to this residency on the AMA survey. The dossier does NOT resolve 30 vs 100+; both are official and answer different questions. An attempt to enumerate the full department roster programmatically failed: the team page is JS-rendered against a Craft CMS 'reliquary' search action whose POST was rejected without the full internal payload shape, though its pagination hint (pages 0-3 at limit 50, implying roughly 150-200 directory entries) is weak corroboration for a department far larger than 30.",NO
1804800001,RISE-NEURO-0247,University of Texas at Austin Dell Medical School/Ascension Seton Medical Center Program,TX,"Krishna Pokala, M.D.",M.D.,"Director, Clinical Neurophysiology Fellowship",Clinical neurophysiology; EMG/neuromuscular and EEG/epilepsy,,,,,,,,,CONFLICT,HIGH,https://www.aan.com/Fellowship/Home/ListingView/2047?searchString=6%7C%7C%7C%7Cname,"13 named faculty verified individually against an unresolved official count of 30 (FREIDA physician faculty, 1.90:1 ratio, ~27% of full-time faculty female) versus 'over 100 members' (the department's own Directors' Welcome). REGISTRY DEFECT CONFIRMED: 'Program Faculty Count: 0', 'Faculty Resident Ratio: 0.00:1' and 'Faculty Distribution: Physicians: 0; non-physicians: 0' are FREIDA null sentinels","Research complete · No complete core-faculty roster is publicly enumerable for this program, and two official numbers disagree without a reconcilable denominator. FREIDA's survey_2026 reports 30 physician faculty and a 1.90:1 full-time-faculty-to-resident ratio (1.90 x 16 = 30.4, internally consistent); the Directors' Welcome, written by this program's own PD and the chair, states 'Our growing neurology faculty, currently over 100 members, offers a multitude of training and research opportunities.' The likely but unproven reconciliation is that 100+ is the whole Dell Med Department of Neurology - adult neurology, child neurology, PM&R-adjacent faculty, clinical neuropsychologists and PhD researchers across the Mulva Clinic - while 30 is the subset of physician faculty the program attributes to this residency on the AMA survey. The dossier does NOT resolve 30 vs 100+; both are official and answer different questions. An attempt to enumerate the full department roster programmatically failed: the team page is JS-rendered against a Craft CMS 'reliquary' search action whose POST was rejected without the full internal payload shape, though its pagination hint (pages 0-3 at limit 50, implying roughly 150-200 directory entries) is weak corroboration for a department far larger than 30.",NO
1804800001,RISE-NEURO-0247,University of Texas at Austin Dell Medical School/Ascension Seton Medical Center Program,TX,"Mariana Georgeta Varga, M.D.",M.D.,"AFFILIATE Faculty, Department of Neurology (the dossier notes 'Affiliate', not core)",Movement disorders,,Oklahoma University Health Sciences Center,"Movement Disorders fellowship, Cleveland Clinic",False,,,,,CONFLICT,HIGH,https://dellmed.utexas.edu/directory/mariana-georgeta-varga,"13 named faculty verified individually against an unresolved official count of 30 (FREIDA physician faculty, 1.90:1 ratio, ~27% of full-time faculty female) versus 'over 100 members' (the department's own Directors' Welcome). REGISTRY DEFECT CONFIRMED: 'Program Faculty Count: 0', 'Faculty Resident Ratio: 0.00:1' and 'Faculty Distribution: Physicians: 0; non-physicians: 0' are FREIDA null sentinels","Research complete · No complete core-faculty roster is publicly enumerable for this program, and two official numbers disagree without a reconcilable denominator. FREIDA's survey_2026 reports 30 physician faculty and a 1.90:1 full-time-faculty-to-resident ratio (1.90 x 16 = 30.4, internally consistent); the Directors' Welcome, written by this program's own PD and the chair, states 'Our growing neurology faculty, currently over 100 members, offers a multitude of training and research opportunities.' The likely but unproven reconciliation is that 100+ is the whole Dell Med Department of Neurology - adult neurology, child neurology, PM&R-adjacent faculty, clinical neuropsychologists and PhD researchers across the Mulva Clinic - while 30 is the subset of physician faculty the program attributes to this residency on the AMA survey. The dossier does NOT resolve 30 vs 100+; both are official and answer different questions. An attempt to enumerate the full department roster programmatically failed: the team page is JS-rendered against a Craft CMS 'reliquary' search action whose POST was rejected without the full internal payload shape, though its pagination hint (pages 0-3 at limit 50, implying roughly 150-200 directory entries) is weak corroboration for a department far larger than 30.",NO
1804800001,RISE-NEURO-0247,University of Texas at Austin Dell Medical School/Ascension Seton Medical Center Program,TX,"Jared F. Benge, Ph.D., ABPP","Ph.D., ABPP",Clinical neuropsychology faculty,Cognitive impairment in movement disorders,,,,,,,,,CONFLICT,HIGH,https://dellmed.utexas.edu/units/department-of-neurology,"13 named faculty verified individually against an unresolved official count of 30 (FREIDA physician faculty, 1.90:1 ratio, ~27% of full-time faculty female) versus 'over 100 members' (the department's own Directors' Welcome). REGISTRY DEFECT CONFIRMED: 'Program Faculty Count: 0', 'Faculty Resident Ratio: 0.00:1' and 'Faculty Distribution: Physicians: 0; non-physicians: 0' are FREIDA null sentinels","Research complete · No complete core-faculty roster is publicly enumerable for this program, and two official numbers disagree without a reconcilable denominator. FREIDA's survey_2026 reports 30 physician faculty and a 1.90:1 full-time-faculty-to-resident ratio (1.90 x 16 = 30.4, internally consistent); the Directors' Welcome, written by this program's own PD and the chair, states 'Our growing neurology faculty, currently over 100 members, offers a multitude of training and research opportunities.' The likely but unproven reconciliation is that 100+ is the whole Dell Med Department of Neurology - adult neurology, child neurology, PM&R-adjacent faculty, clinical neuropsychologists and PhD researchers across the Mulva Clinic - while 30 is the subset of physician faculty the program attributes to this residency on the AMA survey. The dossier does NOT resolve 30 vs 100+; both are official and answer different questions. An attempt to enumerate the full department roster programmatically failed: the team page is JS-rendered against a Craft CMS 'reliquary' search action whose POST was rejected without the full internal payload shape, though its pagination hint (pages 0-3 at limit 50, implying roughly 150-200 directory entries) is weak corroboration for a department far larger than 30.",NO
1804800001,RISE-NEURO-0247,University of Texas at Austin Dell Medical School/Ascension Seton Medical Center Program,TX,"Rachel E. Mis, Ph.D.",Ph.D.,Clinical neuropsychology faculty,Neuropsychological assessment in movement disorders,,,,,,,,,CONFLICT,HIGH,https://dellmed.utexas.edu/units/department-of-neurology,"13 named faculty verified individually against an unresolved official count of 30 (FREIDA physician faculty, 1.90:1 ratio, ~27% of full-time faculty female) versus 'over 100 members' (the department's own Directors' Welcome). REGISTRY DEFECT CONFIRMED: 'Program Faculty Count: 0', 'Faculty Resident Ratio: 0.00:1' and 'Faculty Distribution: Physicians: 0; non-physicians: 0' are FREIDA null sentinels","Research complete · No complete core-faculty roster is publicly enumerable for this program, and two official numbers disagree without a reconcilable denominator. FREIDA's survey_2026 reports 30 physician faculty and a 1.90:1 full-time-faculty-to-resident ratio (1.90 x 16 = 30.4, internally consistent); the Directors' Welcome, written by this program's own PD and the chair, states 'Our growing neurology faculty, currently over 100 members, offers a multitude of training and research opportunities.' The likely but unproven reconciliation is that 100+ is the whole Dell Med Department of Neurology - adult neurology, child neurology, PM&R-adjacent faculty, clinical neuropsychologists and PhD researchers across the Mulva Clinic - while 30 is the subset of physician faculty the program attributes to this residency on the AMA survey. The dossier does NOT resolve 30 vs 100+; both are official and answer different questions. An attempt to enumerate the full department roster programmatically failed: the team page is JS-rendered against a Craft CMS 'reliquary' search action whose POST was rejected without the full internal payload shape, though its pagination hint (pages 0-3 at limit 50, implying roughly 150-200 directory entries) is weak corroboration for a department far larger than 30.",NO
1804800001,RISE-NEURO-0247,University of Texas at Austin Dell Medical School/Ascension Seton Medical Center Program,TX,"Duriel Hardy, M.D.",M.D.,Listed on the MS and Neuroimmunology Center care team. Recorded here ONLY as a named member of an adult MS center care team; he is a Dell Med neurologist with pediatric MS expertise and nothing was im,MS / neuroimmunology (pediatric MS expertise),,,,,,,,,CONFLICT,HIGH,https://utmedicine.org/clinics/mulva-clinic-for-the-neurosciences/multiple-sclerosis-and-neuroimmunology-center-care-team,"13 named faculty verified individually against an unresolved official count of 30 (FREIDA physician faculty, 1.90:1 ratio, ~27% of full-time faculty female) versus 'over 100 members' (the department's own Directors' Welcome). REGISTRY DEFECT CONFIRMED: 'Program Faculty Count: 0', 'Faculty Resident Ratio: 0.00:1' and 'Faculty Distribution: Physicians: 0; non-physicians: 0' are FREIDA null sentinels","Research complete · No complete core-faculty roster is publicly enumerable for this program, and two official numbers disagree without a reconcilable denominator. FREIDA's survey_2026 reports 30 physician faculty and a 1.90:1 full-time-faculty-to-resident ratio (1.90 x 16 = 30.4, internally consistent); the Directors' Welcome, written by this program's own PD and the chair, states 'Our growing neurology faculty, currently over 100 members, offers a multitude of training and research opportunities.' The likely but unproven reconciliation is that 100+ is the whole Dell Med Department of Neurology - adult neurology, child neurology, PM&R-adjacent faculty, clinical neuropsychologists and PhD researchers across the Mulva Clinic - while 30 is the subset of physician faculty the program attributes to this residency on the AMA survey. The dossier does NOT resolve 30 vs 100+; both are official and answer different questions. An attempt to enumerate the full department roster programmatically failed: the team page is JS-rendered against a Craft CMS 'reliquary' search action whose POST was rejected without the full internal payload shape, though its pagination hint (pages 0-3 at limit 50, implying roughly 150-200 directory entries) is weak corroboration for a department far larger than 30.",NO
1804800004,RISE-NEURO-0251,University of Texas Health Science Center at Tyler Program,TX,Shilpa Chitnis,"MD, PhD, FAAN",Chair and Program Director,Movement disorders,,Tulane University Medical Center,"Movement Disorders, Louisiana State University",False,,,,,VERIFIED,HIGH,https://www.uttyler.edu/directory/neurology-residency/shilpa-chitnis.php,"Complete published roster: eleven named neurology physician faculty on the residency Faculty & Staff page, with each person's individual UT Tyler directory bio read separately. Training records are published for ten of the eleven — Robert Boyne, MD's directory page publishes his title only, with no medical school, residency, fellowship or practice information (a real gap on a live page, not a 404)",,NO
1804800004,RISE-NEURO-0251,University of Texas Health Science Center at Tyler Program,TX,Elisabeth Golden,MD,Associate Program Director; neurohospitalist and outpatient EMG,Neuromuscular medicine; autonomic disorders,,UT Southwestern,"Neuromuscular (2018) and Autonomic (2019), UT Southwestern",False,,,,,VERIFIED,HIGH,https://www.uttyler.edu/directory/neurology-residency/elisabeth-golden.php,"Complete published roster: eleven named neurology physician faculty on the residency Faculty & Staff page, with each person's individual UT Tyler directory bio read separately. Training records are published for ten of the eleven — Robert Boyne, MD's directory page publishes his title only, with no medical school, residency, fellowship or practice information (a real gap on a live page, not a 404)",,NO
1804800004,RISE-NEURO-0251,University of Texas Health Science Center at Tyler Program,TX,Emad Al Rawashdeh,MD,"Clinical Assistant Professor; EEG interpretation, surgical epilepsy evaluation, SEEG, VNS/DBS/RNS",Epilepsy,"Mutah Faculty of Medicine, Karak, Jordan","University of Tennessee Health Science Center, Memphis","Epilepsy, UTHealth Houston",False,,,,,VERIFIED,HIGH,https://www.uttyler.edu/directory/neurology-residency/emad-alrawashdeh.php,"Complete published roster: eleven named neurology physician faculty on the residency Faculty & Staff page, with each person's individual UT Tyler directory bio read separately. Training records are published for ten of the eleven — Robert Boyne, MD's directory page publishes his title only, with no medical school, residency, fellowship or practice information (a real gap on a live page, not a 404)",,NO
1804800004,RISE-NEURO-0251,University of Texas Health Science Center at Tyler Program,TX,Robert Boyne,MD,Associate Professor of Neurology,,,,,,,,,,VERIFIED,HIGH,https://www.uttyler.edu/directory/neurology-residency/robert-boyne.php,"Complete published roster: eleven named neurology physician faculty on the residency Faculty & Staff page, with each person's individual UT Tyler directory bio read separately. Training records are published for ten of the eleven — Robert Boyne, MD's directory page publishes his title only, with no medical school, residency, fellowship or practice information (a real gap on a live page, not a 404)",,NO
1804800004,RISE-NEURO-0251,University of Texas Health Science Center at Tyler Program,TX,Eric Dinnerstein,"MD, FAAN",Associate Professor; Director of the UT Tyler Dementia Center,Cognitive and behavioral disorders; Alzheimer's and other dementias; encephalopathic syndromes,"Hadassah Medical School, Hebrew University, Jerusalem",Dartmouth Hitchcock,,False,,,,,VERIFIED,HIGH,https://www.uttyler.edu/directory/neurology-residency/eric-dinnerstein.php,"Complete published roster: eleven named neurology physician faculty on the residency Faculty & Staff page, with each person's individual UT Tyler directory bio read separately. Training records are published for ten of the eleven — Robert Boyne, MD's directory page publishes his title only, with no medical school, residency, fellowship or practice information (a real gap on a live page, not a 404)",,NO
1804800004,RISE-NEURO-0251,University of Texas Health Science Center at Tyler Program,TX,Paul Kowalski,MD,Associate Professor; neurohospitalist plus outpatient EMG/NCV,Clinical neurophysiology,Albany Medical College,"Albany Medical Center, 1992-1995","Clinical Neurophysiology, 1995-1996",False,,,,,VERIFIED,HIGH,https://www.uttyler.edu/directory/neurology-residency/paul-kowalski.php,"Complete published roster: eleven named neurology physician faculty on the residency Faculty & Staff page, with each person's individual UT Tyler directory bio read separately. Training records are published for ten of the eleven — Robert Boyne, MD's directory page publishes his title only, with no medical school, residency, fellowship or practice information (a real gap on a live page, not a 404)",,NO
1804800004,RISE-NEURO-0251,University of Texas Health Science Center at Tyler Program,TX,George Plotkin,"MD, PhD",Associate Professor; sole listed practice 'Movement disorders',Movement disorders,Boston University School of Medicine (magna cum laude); PhD Massachusetts Institute of Technology,Massachusetts General Hospital,"Neuromuscular disorders and movement disorders, Massachusetts General Hospital",False,,,,,VERIFIED,HIGH,https://www.uttyler.edu/directory/neurology-residency/george-plotkin.php,"Complete published roster: eleven named neurology physician faculty on the residency Faculty & Staff page, with each person's individual UT Tyler directory bio read separately. Training records are published for ten of the eleven — Robert Boyne, MD's directory page publishes his title only, with no medical school, residency, fellowship or practice information (a real gap on a live page, not a 404)",,NO
1804800004,RISE-NEURO-0251,University of Texas Health Science Center at Tyler Program,TX,Kyna Schreiber,MD,"Assistant Professor; inpatient practice listing 'Stroke, Seizure, Neuroimmunologic, Alterations in mentation, Dementia, Weakness, Neuropathy'",No fellowship listed; inpatient general neurology,"UT Health Science Center San Antonio (undergraduate Texas State University, summa cum laude)",UT Health Science Center San Antonio,,False,,,,,VERIFIED,HIGH,https://www.uttyler.edu/directory/neurology-residency/kyna-schreiber.php,"Complete published roster: eleven named neurology physician faculty on the residency Faculty & Staff page, with each person's individual UT Tyler directory bio read separately. Training records are published for ten of the eleven — Robert Boyne, MD's directory page publishes his title only, with no medical school, residency, fellowship or practice information (a real gap on a live page, not a 404)",,NO
1804800004,RISE-NEURO-0251,University of Texas Health Science Center at Tyler Program,TX,Rani Priyanka Vasireddy,"MD, MHA","Assistant Professor; Clerkship Co-Director; DBS and botulinum toxin (headache, dystonia, blepharospasm, sialorrhea, spasticity)",Movement disorders; functional neurological disorders,"Kamineni Institute of Medical Sciences, Telangana, India",University of Kentucky,"Movement Disorders, University of Kentucky",False,,,,,VERIFIED,HIGH,https://www.uttyler.edu/directory/neurology-residency/rani-vasireddy.php,"Complete published roster: eleven named neurology physician faculty on the residency Faculty & Staff page, with each person's individual UT Tyler directory bio read separately. Training records are published for ten of the eleven — Robert Boyne, MD's directory page publishes his title only, with no medical school, residency, fellowship or practice information (a real gap on a live page, not a 404)",,NO
1804800004,RISE-NEURO-0251,University of Texas Health Science Center at Tyler Program,TX,Khushboo Verma,"MD, MBBS",Assistant Professor; Assistant Director of the UT Tyler Dementia Program,"Behavioral neurology (Alzheimer's, Lewy body dementia, vascular cognitive impairment, FTD, NPH, CJD, corticobasal degeneration, PSP, MCI)","Ravindra Nath Tagore Medical School, Udaipur, India",University of Texas at Austin,"Behavioral Neurology, Stanford",False,,,,,VERIFIED,HIGH,https://www.uttyler.edu/directory/neurology-residency/khushboo-verma.php,"Complete published roster: eleven named neurology physician faculty on the residency Faculty & Staff page, with each person's individual UT Tyler directory bio read separately. Training records are published for ten of the eleven — Robert Boyne, MD's directory page publishes his title only, with no medical school, residency, fellowship or practice information (a real gap on a live page, not a 404)",,NO
1804800004,RISE-NEURO-0251,University of Texas Health Science Center at Tyler Program,TX,Ishaq Winters,"MD, MA","Clinical Assistant Professor; headache and facial pain, migraine, cluster, trigeminal neuralgia, IIH, SIH/CSF leak, botulinum toxin, nerve blocks",Headache medicine,Duke University School of Medicine (undergraduate Washington University in St. Louis),Yale,"Headache Medicine, Yale",False,,,,,VERIFIED,HIGH,https://www.uttyler.edu/directory/neurology-residency/ishaq-winters.php,"Complete published roster: eleven named neurology physician faculty on the residency Faculty & Staff page, with each person's individual UT Tyler directory bio read separately. Training records are published for ten of the eleven — Robert Boyne, MD's directory page publishes his title only, with no medical school, residency, fellowship or practice information (a real gap on a live page, not a 404)",,NO
1804800005,RISE-NEURO-0039,"Doctors Hospital At Renaissance, Ltd. Program",TX,"Roberto Cruz Saldana, MD",MD,Program Director / Core Faculty,Neuroimmunology / Multiple Sclerosis,,LSU Health Sciences Center New Orleans (chief resident),"Neuroimmunology/MS, UT Austin Dell Medical School; neuro-ophthalmology clinical research fellowship, University of Houston College of Optometry",False,,,,,PARTIALLY_VERIFIED,HIGH,https://dhrhealth.com/physicians/r-alejandro-cruz-md/,"8 named faculty published on the program's own Faculty section and all 8 captured here. Training background was obtained from primary DHR sources for 5 of 8; no DHR Health physician profile page could be located for Gloria Mireles, Carol DeLine or Alok Singla (multiple URL-slug patterns returned 404). FREIDA's 2026 survey reports 7 physician faculty against the 8 named on the page, with a 0.40 fac",,NO
1804800005,RISE-NEURO-0039,"Doctors Hospital At Renaissance, Ltd. Program",TX,"Ahsan Ali, MD",MD,Associate Program Director / Core Faculty,Stroke / Vascular Neurology,,Saint Louis University,"Vascular neurology, University of Toledo",False,,,,,PARTIALLY_VERIFIED,MEDIUM,https://dhrhealth.com/education/graduate-medical-education/neurology-residency-program,"8 named faculty published on the program's own Faculty section and all 8 captured here. Training background was obtained from primary DHR sources for 5 of 8; no DHR Health physician profile page could be located for Gloria Mireles, Carol DeLine or Alok Singla (multiple URL-slug patterns returned 404). FREIDA's 2026 survey reports 7 physician faculty against the 8 named on the page, with a 0.40 fac",,NO
1804800005,RISE-NEURO-0039,"Doctors Hospital At Renaissance, Ltd. Program",TX,"Andres Saenz, MD",MD,Associate Program Director / Core Faculty,Neurohospitalist,,UT Health Science Center San Antonio,,False,,,,True,PARTIALLY_VERIFIED,HIGH,https://dhrhealth.com/physicians/andres-saenz-md/,"8 named faculty published on the program's own Faculty section and all 8 captured here. Training background was obtained from primary DHR sources for 5 of 8; no DHR Health physician profile page could be located for Gloria Mireles, Carol DeLine or Alok Singla (multiple URL-slug patterns returned 404). FREIDA's 2026 survey reports 7 physician faculty against the 8 named on the page, with a 0.40 fac",,NO
1804800005,RISE-NEURO-0039,"Doctors Hospital At Renaissance, Ltd. Program",TX,"Leonel Estofan, MD",MD,Core Faculty,Epilepsy / Neurocritical Care / Neurogenetics; described by DHR as 'the only fellowship trained physician specializing in treating adult and adolescent patients for epilepsy in the Rio Grande Valley',,"Drexel University College of Medicine (internal medicine internship at Mercy Catholic Medical Center, Lansdowne PA)","Neurocritical care year and epilepsy fellowship, University of Cincinnati",False,,,,,PARTIALLY_VERIFIED,HIGH,https://dhrhealth.com/physicians/leonel-estofan-md/,"8 named faculty published on the program's own Faculty section and all 8 captured here. Training background was obtained from primary DHR sources for 5 of 8; no DHR Health physician profile page could be located for Gloria Mireles, Carol DeLine or Alok Singla (multiple URL-slug patterns returned 404). FREIDA's 2026 survey reports 7 physician faculty against the 8 named on the page, with a 0.40 fac",,NO
1804800005,RISE-NEURO-0039,"Doctors Hospital At Renaissance, Ltd. Program",TX,"Zuka Khabbazeh, MD",MD,Core Faculty,Neurophysiology / Neuromuscular Medicine / Movement Disorders (the residency page attributes Movement Disorders; her own DHR bio lists only EEG and neuromuscular/EMG fellowship training - logged as a conflict in the dossier),,University of Cincinnati Medical Center,"EEG fellowship, Wayne State University / Harper Hospital; neuromuscular disease and clinical electromyography fellowship, Henry Ford Hospital, Detroit",False,,,,,PARTIALLY_VERIFIED,MEDIUM,https://dhrhealth.com/physicians/zuka-khabbazeh-md/,"8 named faculty published on the program's own Faculty section and all 8 captured here. Training background was obtained from primary DHR sources for 5 of 8; no DHR Health physician profile page could be located for Gloria Mireles, Carol DeLine or Alok Singla (multiple URL-slug patterns returned 404). FREIDA's 2026 survey reports 7 physician faculty against the 8 named on the page, with a 0.40 fac",,NO
1804800005,RISE-NEURO-0039,"Doctors Hospital At Renaissance, Ltd. Program",TX,"Gloria Mireles, MD",MD,Core Faculty,Movement Disorders,,,,False,,,,,PARTIALLY_VERIFIED,LOW,https://dhrhealth.com/education/graduate-medical-education/neurology-residency-program,"8 named faculty published on the program's own Faculty section and all 8 captured here. Training background was obtained from primary DHR sources for 5 of 8; no DHR Health physician profile page could be located for Gloria Mireles, Carol DeLine or Alok Singla (multiple URL-slug patterns returned 404). FREIDA's 2026 survey reports 7 physician faculty against the 8 named on the page, with a 0.40 fac",,NO
1804800005,RISE-NEURO-0039,"Doctors Hospital At Renaissance, Ltd. Program",TX,"Carol DeLine, MD",MD,Core Faculty,Child Neurology,,,,False,,,,,PARTIALLY_VERIFIED,LOW,https://dhrhealth.com/education/graduate-medical-education/neurology-residency-program,"8 named faculty published on the program's own Faculty section and all 8 captured here. Training background was obtained from primary DHR sources for 5 of 8; no DHR Health physician profile page could be located for Gloria Mireles, Carol DeLine or Alok Singla (multiple URL-slug patterns returned 404). FREIDA's 2026 survey reports 7 physician faculty against the 8 named on the page, with a 0.40 fac",,NO
1804800005,RISE-NEURO-0039,"Doctors Hospital At Renaissance, Ltd. Program",TX,"Alok Singla, MD",MD,Core Faculty,Child Neurology,,,,False,,,,,PARTIALLY_VERIFIED,LOW,https://dhrhealth.com/education/graduate-medical-education/neurology-residency-program,"8 named faculty published on the program's own Faculty section and all 8 captured here. Training background was obtained from primary DHR sources for 5 of 8; no DHR Health physician profile page could be located for Gloria Mireles, Carol DeLine or Alok Singla (multiple URL-slug patterns returned 404). FREIDA's 2026 survey reports 7 physician faculty against the 8 named on the page, with a 0.40 fac",,NO
1804800006,RISE-NEURO-0010,Baylor University Medical Center Program,TX,Haseeb Abdul Rahman,MD,Program Director,"Vascular Neurology, Hospital Medicine",,,,,,,,True,VERIFIED,HIGH,https://www.bswhealth.com/physician/haseeb-rahman,"Complete published roster: the official 'Faculty and Residents' page names 38 physicians — 2 tagged 'Program leadership' and 36 tagged 'Core Faculty' — each with the program's own specialty tags, all read individually. Spoken languages were additionally audited from the individual BSWH physician profiles for 36 of the 38; two profiles (Karen L. Fink, MD PhD and Valentina S Joseph, MD) did not reso",,NO
1804800006,RISE-NEURO-0010,Baylor University Medical Center Program,TX,Jennifer Rasmussen-Winkler,MD,"Associate Program Director; Chief, Department of Neurology (BUMC); Medical Director, Telestroke","Hospital Medicine, Neurology, Vascular Neurology",,,,,,,,False,VERIFIED,HIGH,https://www.bswhealth.com/medical-professionals/education/graduate-medical-education/dallas/neurology-residency/faculty-and-residents,"Complete published roster: the official 'Faculty and Residents' page names 38 physicians — 2 tagged 'Program leadership' and 36 tagged 'Core Faculty' — each with the program's own specialty tags, all read individually. Spoken languages were additionally audited from the individual BSWH physician profiles for 36 of the 38; two profiles (Karen L. Fink, MD PhD and Valentina S Joseph, MD) did not reso",,NO
1804800006,RISE-NEURO-0010,Baylor University Medical Center Program,TX,Abigail Jakubec Berezoski,MD,Core Faculty,"Vascular Neurology, Neurology, Hospital Medicine",,,,,,,,False,VERIFIED,HIGH,https://www.bswhealth.com/medical-professionals/education/graduate-medical-education/dallas/neurology-residency/faculty-and-residents,"Complete published roster: the official 'Faculty and Residents' page names 38 physicians — 2 tagged 'Program leadership' and 36 tagged 'Core Faculty' — each with the program's own specialty tags, all read individually. Spoken languages were additionally audited from the individual BSWH physician profiles for 36 of the 38; two profiles (Karen L. Fink, MD PhD and Valentina S Joseph, MD) did not reso",,NO
1804800006,RISE-NEURO-0010,Baylor University Medical Center Program,TX,Paras M. Bhattarai,MD,Core Faculty,Pediatric Neurology,,,,,,,,False,VERIFIED,HIGH,https://www.bswhealth.com/medical-professionals/education/graduate-medical-education/dallas/neurology-residency/faculty-and-residents,"Complete published roster: the official 'Faculty and Residents' page names 38 physicians — 2 tagged 'Program leadership' and 36 tagged 'Core Faculty' — each with the program's own specialty tags, all read individually. Spoken languages were additionally audited from the individual BSWH physician profiles for 36 of the 38; two profiles (Karen L. Fink, MD PhD and Valentina S Joseph, MD) did not reso",,NO
1804800006,RISE-NEURO-0010,Baylor University Medical Center Program,TX,Christopher Stuart Bryant,MD,Core Faculty,"Neurology, Hospital Medicine",,,,,,,,False,VERIFIED,HIGH,https://www.bswhealth.com/medical-professionals/education/graduate-medical-education/dallas/neurology-residency/faculty-and-residents,"Complete published roster: the official 'Faculty and Residents' page names 38 physicians — 2 tagged 'Program leadership' and 36 tagged 'Core Faculty' — each with the program's own specialty tags, all read individually. Spoken languages were additionally audited from the individual BSWH physician profiles for 36 of the 38; two profiles (Karen L. Fink, MD PhD and Valentina S Joseph, MD) did not reso",,NO
1804800006,RISE-NEURO-0010,Baylor University Medical Center Program,TX,"Mazen Elkurd, II",DO,"Core Faculty; Medical Director, BUMC Movement Disorders Program","Movement Disorders, Neurology",,"Georgetown University Medical Center, 2019","Movement Disorders, UT Southwestern, 2020",False,,,,False,VERIFIED,HIGH,https://www.bswhealth.com/physician/mazen-elkurd,"Complete published roster: the official 'Faculty and Residents' page names 38 physicians — 2 tagged 'Program leadership' and 36 tagged 'Core Faculty' — each with the program's own specialty tags, all read individually. Spoken languages were additionally audited from the individual BSWH physician profiles for 36 of the 38; two profiles (Karen L. Fink, MD PhD and Valentina S Joseph, MD) did not reso",,NO
1804800006,RISE-NEURO-0010,Baylor University Medical Center Program,TX,Ameen Fahad,DO,Core Faculty,"Neurology, Vascular Neurology, Hospital Medicine",,,,,,,,False,VERIFIED,HIGH,https://www.bswhealth.com/medical-professionals/education/graduate-medical-education/dallas/neurology-residency/faculty-and-residents,"Complete published roster: the official 'Faculty and Residents' page names 38 physicians — 2 tagged 'Program leadership' and 36 tagged 'Core Faculty' — each with the program's own specialty tags, all read individually. Spoken languages were additionally audited from the individual BSWH physician profiles for 36 of the 38; two profiles (Karen L. Fink, MD PhD and Valentina S Joseph, MD) did not reso",,NO
1804800006,RISE-NEURO-0010,Baylor University Medical Center Program,TX,Erin Fiedler,DO,Core Faculty,"Epilepsy, Neurology",,,,,,,,False,VERIFIED,HIGH,https://www.bswhealth.com/medical-professionals/education/graduate-medical-education/dallas/neurology-residency/faculty-and-residents,"Complete published roster: the official 'Faculty and Residents' page names 38 physicians — 2 tagged 'Program leadership' and 36 tagged 'Core Faculty' — each with the program's own specialty tags, all read individually. Spoken languages were additionally audited from the individual BSWH physician profiles for 36 of the 38; two profiles (Karen L. Fink, MD PhD and Valentina S Joseph, MD) did not reso",,NO
1804800006,RISE-NEURO-0010,Baylor University Medical Center Program,TX,Karen L. Fink,"MD, PhD",Core Faculty,"Neuro-oncology, Neurology",,,,,,,,,VERIFIED,HIGH,https://www.bswhealth.com/medical-professionals/education/graduate-medical-education/dallas/neurology-residency/faculty-and-residents,"Complete published roster: the official 'Faculty and Residents' page names 38 physicians — 2 tagged 'Program leadership' and 36 tagged 'Core Faculty' — each with the program's own specialty tags, all read individually. Spoken languages were additionally audited from the individual BSWH physician profiles for 36 of the 38; two profiles (Karen L. Fink, MD PhD and Valentina S Joseph, MD) did not reso",,NO
1804800006,RISE-NEURO-0010,Baylor University Medical Center Program,TX,Lauren Edwards Fournier,MD,Core Faculty,Neurology,,,,,,,,False,VERIFIED,HIGH,https://www.bswhealth.com/medical-professionals/education/graduate-medical-education/dallas/neurology-residency/faculty-and-residents,"Complete published roster: the official 'Faculty and Residents' page names 38 physicians — 2 tagged 'Program leadership' and 36 tagged 'Core Faculty' — each with the program's own specialty tags, all read individually. Spoken languages were additionally audited from the individual BSWH physician profiles for 36 of the 38; two profiles (Karen L. Fink, MD PhD and Valentina S Joseph, MD) did not reso",,NO
1804800006,RISE-NEURO-0010,Baylor University Medical Center Program,TX,Farzan Ghodsianzadeh,DO,Core Faculty,Neurology,,,,,,,,False,VERIFIED,HIGH,https://www.bswhealth.com/medical-professionals/education/graduate-medical-education/dallas/neurology-residency/faculty-and-residents,"Complete published roster: the official 'Faculty and Residents' page names 38 physicians — 2 tagged 'Program leadership' and 36 tagged 'Core Faculty' — each with the program's own specialty tags, all read individually. Spoken languages were additionally audited from the individual BSWH physician profiles for 36 of the 38; two profiles (Karen L. Fink, MD PhD and Valentina S Joseph, MD) did not reso",,NO
1804800006,RISE-NEURO-0010,Baylor University Medical Center Program,TX,Vasanthi Gomathinayagam,MD,Core Faculty,"Movement Disorders, Neurology",,,"Movement Disorders, MedStar-Georgetown University Medical Center, 2022",False,,,,False,VERIFIED,HIGH,https://www.bswhealth.com/physician/vasanthi-gomathinayagam,"Complete published roster: the official 'Faculty and Residents' page names 38 physicians — 2 tagged 'Program leadership' and 36 tagged 'Core Faculty' — each with the program's own specialty tags, all read individually. Spoken languages were additionally audited from the individual BSWH physician profiles for 36 of the 38; two profiles (Karen L. Fink, MD PhD and Valentina S Joseph, MD) did not reso",,NO
1804800006,RISE-NEURO-0010,Baylor University Medical Center Program,TX,Dion Graybeal,MD,"Core Faculty; Medical Director, Stroke","Neurology, Vascular Neurology",,,,,,,,False,VERIFIED,HIGH,https://www.bswhealth.com/medical-professionals/education/graduate-medical-education/dallas/neurology-residency/faculty-and-residents,"Complete published roster: the official 'Faculty and Residents' page names 38 physicians — 2 tagged 'Program leadership' and 36 tagged 'Core Faculty' — each with the program's own specialty tags, all read individually. Spoken languages were additionally audited from the individual BSWH physician profiles for 36 of the 38; two profiles (Karen L. Fink, MD PhD and Valentina S Joseph, MD) did not reso",,NO
1804800006,RISE-NEURO-0010,Baylor University Medical Center Program,TX,Rashedul Hasan,MD,Core Faculty,"Vascular Neurology, Neurology, Hospital Medicine",,,,,,,,False,VERIFIED,HIGH,https://www.bswhealth.com/medical-professionals/education/graduate-medical-education/dallas/neurology-residency/faculty-and-residents,"Complete published roster: the official 'Faculty and Residents' page names 38 physicians — 2 tagged 'Program leadership' and 36 tagged 'Core Faculty' — each with the program's own specialty tags, all read individually. Spoken languages were additionally audited from the individual BSWH physician profiles for 36 of the 38; two profiles (Karen L. Fink, MD PhD and Valentina S Joseph, MD) did not reso",,NO
1804800006,RISE-NEURO-0010,Baylor University Medical Center Program,TX,Valentina S Joseph,MD,Core Faculty,"Sleep Medicine, Neurology, Clinical Neurophysiology, Epilepsy",,,,,,,,,VERIFIED,HIGH,https://www.bswhealth.com/medical-professionals/education/graduate-medical-education/dallas/neurology-residency/faculty-and-residents,"Complete published roster: the official 'Faculty and Residents' page names 38 physicians — 2 tagged 'Program leadership' and 36 tagged 'Core Faculty' — each with the program's own specialty tags, all read individually. Spoken languages were additionally audited from the individual BSWH physician profiles for 36 of the 38; two profiles (Karen L. Fink, MD PhD and Valentina S Joseph, MD) did not reso",,NO
1804800006,RISE-NEURO-0010,Baylor University Medical Center Program,TX,Sarita Kambhampati,MD,Core Faculty,"Hospital Medicine, Neurology",,,,,,,,False,VERIFIED,HIGH,https://www.bswhealth.com/medical-professionals/education/graduate-medical-education/dallas/neurology-residency/faculty-and-residents,"Complete published roster: the official 'Faculty and Residents' page names 38 physicians — 2 tagged 'Program leadership' and 36 tagged 'Core Faculty' — each with the program's own specialty tags, all read individually. Spoken languages were additionally audited from the individual BSWH physician profiles for 36 of the 38; two profiles (Karen L. Fink, MD PhD and Valentina S Joseph, MD) did not reso",,NO
1804800006,RISE-NEURO-0010,Baylor University Medical Center Program,TX,Sam Jamshid Laali,MD,Core Faculty,Neurology,,,,,,,,False,VERIFIED,HIGH,https://www.bswhealth.com/medical-professionals/education/graduate-medical-education/dallas/neurology-residency/faculty-and-residents,"Complete published roster: the official 'Faculty and Residents' page names 38 physicians — 2 tagged 'Program leadership' and 36 tagged 'Core Faculty' — each with the program's own specialty tags, all read individually. Spoken languages were additionally audited from the individual BSWH physician profiles for 36 of the 38; two profiles (Karen L. Fink, MD PhD and Valentina S Joseph, MD) did not reso",,NO
1804800006,RISE-NEURO-0010,Baylor University Medical Center Program,TX,Kennith Layton,"MD, MSc, FACR, FAHA",Core Faculty,"Neuro Endovascular Surgery, Neuroradiology, Diagnostic Radiology",,,,,,,,False,VERIFIED,HIGH,https://www.bswhealth.com/medical-professionals/education/graduate-medical-education/dallas/neurology-residency/faculty-and-residents,"Complete published roster: the official 'Faculty and Residents' page names 38 physicians — 2 tagged 'Program leadership' and 36 tagged 'Core Faculty' — each with the program's own specialty tags, all read individually. Spoken languages were additionally audited from the individual BSWH physician profiles for 36 of the 38; two profiles (Karen L. Fink, MD PhD and Valentina S Joseph, MD) did not reso",,NO
1804800006,RISE-NEURO-0010,Baylor University Medical Center Program,TX,Emmanuel C. Mantilla Jr.,"DO, MS",Core Faculty,"Neuro-oncology, Neurology",,,,,,,,False,VERIFIED,HIGH,https://www.bswhealth.com/medical-professionals/education/graduate-medical-education/dallas/neurology-residency/faculty-and-residents,"Complete published roster: the official 'Faculty and Residents' page names 38 physicians — 2 tagged 'Program leadership' and 36 tagged 'Core Faculty' — each with the program's own specialty tags, all read individually. Spoken languages were additionally audited from the individual BSWH physician profiles for 36 of the 38; two profiles (Karen L. Fink, MD PhD and Valentina S Joseph, MD) did not reso",,NO
1804800006,RISE-NEURO-0010,Baylor University Medical Center Program,TX,Cindy Deanne Marshall,MD,Core Faculty,Neurology,,,,,,,,False,VERIFIED,HIGH,https://www.bswhealth.com/medical-professionals/education/graduate-medical-education/dallas/neurology-residency/faculty-and-residents,"Complete published roster: the official 'Faculty and Residents' page names 38 physicians — 2 tagged 'Program leadership' and 36 tagged 'Core Faculty' — each with the program's own specialty tags, all read individually. Spoken languages were additionally audited from the individual BSWH physician profiles for 36 of the 38; two profiles (Karen L. Fink, MD PhD and Valentina S Joseph, MD) did not reso",,NO
1804800006,RISE-NEURO-0010,Baylor University Medical Center Program,TX,Ankit Mehta,MD,Core Faculty,"Nephrology, Internal Medicine",,,,,,,,False,VERIFIED,HIGH,https://www.bswhealth.com/medical-professionals/education/graduate-medical-education/dallas/neurology-residency/faculty-and-residents,"Complete published roster: the official 'Faculty and Residents' page names 38 physicians — 2 tagged 'Program leadership' and 36 tagged 'Core Faculty' — each with the program's own specialty tags, all read individually. Spoken languages were additionally audited from the individual BSWH physician profiles for 36 of the 38; two profiles (Karen L. Fink, MD PhD and Valentina S Joseph, MD) did not reso",,NO
1804800006,RISE-NEURO-0010,Baylor University Medical Center Program,TX,Divya B Mella,MD,Core Faculty,"Neuro-oncology, Neurology",,,,,,,,False,VERIFIED,HIGH,https://www.bswhealth.com/medical-professionals/education/graduate-medical-education/dallas/neurology-residency/faculty-and-residents,"Complete published roster: the official 'Faculty and Residents' page names 38 physicians — 2 tagged 'Program leadership' and 36 tagged 'Core Faculty' — each with the program's own specialty tags, all read individually. Spoken languages were additionally audited from the individual BSWH physician profiles for 36 of the 38; two profiles (Karen L. Fink, MD PhD and Valentina S Joseph, MD) did not reso",,NO
1804800006,RISE-NEURO-0010,Baylor University Medical Center Program,TX,Osman Mir,MD,Core Faculty,"Neuro Endovascular Surgery, Vascular Neurology, Neuroradiology",,,,,,,,False,VERIFIED,HIGH,https://www.bswhealth.com/medical-professionals/education/graduate-medical-education/dallas/neurology-residency/faculty-and-residents,"Complete published roster: the official 'Faculty and Residents' page names 38 physicians — 2 tagged 'Program leadership' and 36 tagged 'Core Faculty' — each with the program's own specialty tags, all read individually. Spoken languages were additionally audited from the individual BSWH physician profiles for 36 of the 38; two profiles (Karen L. Fink, MD PhD and Valentina S Joseph, MD) did not reso",,NO
1804800006,RISE-NEURO-0010,Baylor University Medical Center Program,TX,Shazia Mirza,MD,Core Faculty,"Hospital Medicine, Neurology",,,,,,,,False,VERIFIED,HIGH,https://www.bswhealth.com/medical-professionals/education/graduate-medical-education/dallas/neurology-residency/faculty-and-residents,"Complete published roster: the official 'Faculty and Residents' page names 38 physicians — 2 tagged 'Program leadership' and 36 tagged 'Core Faculty' — each with the program's own specialty tags, all read individually. Spoken languages were additionally audited from the individual BSWH physician profiles for 36 of the 38; two profiles (Karen L. Fink, MD PhD and Valentina S Joseph, MD) did not reso",,NO
1804800006,RISE-NEURO-0010,Baylor University Medical Center Program,TX,Manish M Nair,MD,Core Faculty,Psychiatry,,,,,,,,False,VERIFIED,HIGH,https://www.bswhealth.com/medical-professionals/education/graduate-medical-education/dallas/neurology-residency/faculty-and-residents,"Complete published roster: the official 'Faculty and Residents' page names 38 physicians — 2 tagged 'Program leadership' and 36 tagged 'Core Faculty' — each with the program's own specialty tags, all read individually. Spoken languages were additionally audited from the individual BSWH physician profiles for 36 of the 38; two profiles (Karen L. Fink, MD PhD and Valentina S Joseph, MD) did not reso",,NO
1804800006,RISE-NEURO-0010,Baylor University Medical Center Program,TX,Jason Bennett Neal,MD,Core Faculty,Vascular Neurology,,,,,,,,False,VERIFIED,HIGH,https://www.bswhealth.com/medical-professionals/education/graduate-medical-education/dallas/neurology-residency/faculty-and-residents,"Complete published roster: the official 'Faculty and Residents' page names 38 physicians — 2 tagged 'Program leadership' and 36 tagged 'Core Faculty' — each with the program's own specialty tags, all read individually. Spoken languages were additionally audited from the individual BSWH physician profiles for 36 of the 38; two profiles (Karen L. Fink, MD PhD and Valentina S Joseph, MD) did not reso",,NO
1804800006,RISE-NEURO-0010,Baylor University Medical Center Program,TX,Claudia Regina Padilla,MD,Core Faculty; behavioral neurologist behind the Cognitive and Behavioral Neurology Clinic that residents rotate through,Neurology (Behavioral Neurology & Neuropsychiatry),,,,,,,,True,VERIFIED,HIGH,https://www.bswhealth.com/physician/claudia-padilla,"Complete published roster: the official 'Faculty and Residents' page names 38 physicians — 2 tagged 'Program leadership' and 36 tagged 'Core Faculty' — each with the program's own specialty tags, all read individually. Spoken languages were additionally audited from the individual BSWH physician profiles for 36 of the 38; two profiles (Karen L. Fink, MD PhD and Valentina S Joseph, MD) did not reso",,NO
1804800006,RISE-NEURO-0010,Baylor University Medical Center Program,TX,Pradeep Kumar Panuganti,MD,Core Faculty,"Neurology, Vascular Neurology",,,,,,,,False,VERIFIED,HIGH,https://www.bswhealth.com/medical-professionals/education/graduate-medical-education/dallas/neurology-residency/faculty-and-residents,"Complete published roster: the official 'Faculty and Residents' page names 38 physicians — 2 tagged 'Program leadership' and 36 tagged 'Core Faculty' — each with the program's own specialty tags, all read individually. Spoken languages were additionally audited from the individual BSWH physician profiles for 36 of the 38; two profiles (Karen L. Fink, MD PhD and Valentina S Joseph, MD) did not reso",,NO
1804800006,RISE-NEURO-0010,Baylor University Medical Center Program,TX,Margi Patel,MD,Core Faculty,Neurology,,,,,,,,False,VERIFIED,HIGH,https://www.bswhealth.com/medical-professionals/education/graduate-medical-education/dallas/neurology-residency/faculty-and-residents,"Complete published roster: the official 'Faculty and Residents' page names 38 physicians — 2 tagged 'Program leadership' and 36 tagged 'Core Faculty' — each with the program's own specialty tags, all read individually. Spoken languages were additionally audited from the individual BSWH physician profiles for 36 of the 38; two profiles (Karen L. Fink, MD PhD and Valentina S Joseph, MD) did not reso",,NO
1804800006,RISE-NEURO-0010,Baylor University Medical Center Program,TX,Debarti Ray,MD,Core Faculty,"Neurology, Vascular Neurology",,,,,,,,False,VERIFIED,HIGH,https://www.bswhealth.com/physician/debarti-ray,"Complete published roster: the official 'Faculty and Residents' page names 38 physicians — 2 tagged 'Program leadership' and 36 tagged 'Core Faculty' — each with the program's own specialty tags, all read individually. Spoken languages were additionally audited from the individual BSWH physician profiles for 36 of the 38; two profiles (Karen L. Fink, MD PhD and Valentina S Joseph, MD) did not reso",,NO
1804800006,RISE-NEURO-0010,Baylor University Medical Center Program,TX,Avery Saporito,MD,Core Faculty,"Headache Medicine, Neurology",,,,,,,,False,VERIFIED,HIGH,https://www.bswhealth.com/medical-professionals/education/graduate-medical-education/dallas/neurology-residency/faculty-and-residents,"Complete published roster: the official 'Faculty and Residents' page names 38 physicians — 2 tagged 'Program leadership' and 36 tagged 'Core Faculty' — each with the program's own specialty tags, all read individually. Spoken languages were additionally audited from the individual BSWH physician profiles for 36 of the 38; two profiles (Karen L. Fink, MD PhD and Valentina S Joseph, MD) did not reso",,NO
1804800006,RISE-NEURO-0010,Baylor University Medical Center Program,TX,Arash Shadman,MD,Core Faculty,Vascular Neurology,,,,,,,,False,VERIFIED,HIGH,https://www.bswhealth.com/medical-professionals/education/graduate-medical-education/dallas/neurology-residency/faculty-and-residents,"Complete published roster: the official 'Faculty and Residents' page names 38 physicians — 2 tagged 'Program leadership' and 36 tagged 'Core Faculty' — each with the program's own specialty tags, all read individually. Spoken languages were additionally audited from the individual BSWH physician profiles for 36 of the 38; two profiles (Karen L. Fink, MD PhD and Valentina S Joseph, MD) did not reso",,NO
1804800006,RISE-NEURO-0010,Baylor University Medical Center Program,TX,Sadat Anwar Shamim,MD,Core Faculty,"Clinical Neurophysiology, Neurology, Neurodevelopmental Disabilities, Epilepsy",,,,,,,,False,VERIFIED,HIGH,https://www.bswhealth.com/physician/sadat-shamim,"Complete published roster: the official 'Faculty and Residents' page names 38 physicians — 2 tagged 'Program leadership' and 36 tagged 'Core Faculty' — each with the program's own specialty tags, all read individually. Spoken languages were additionally audited from the individual BSWH physician profiles for 36 of the 38; two profiles (Karen L. Fink, MD PhD and Valentina S Joseph, MD) did not reso",,NO
1804800006,RISE-NEURO-0010,Baylor University Medical Center Program,TX,Shoichi Shimamoto,MD,Core Faculty,"Clinical Neurophysiology, Neurology, Hospital Medicine",,,,,,,,False,VERIFIED,HIGH,https://www.bswhealth.com/medical-professionals/education/graduate-medical-education/dallas/neurology-residency/faculty-and-residents,"Complete published roster: the official 'Faculty and Residents' page names 38 physicians — 2 tagged 'Program leadership' and 36 tagged 'Core Faculty' — each with the program's own specialty tags, all read individually. Spoken languages were additionally audited from the individual BSWH physician profiles for 36 of the 38; two profiles (Karen L. Fink, MD PhD and Valentina S Joseph, MD) did not reso",,NO
1804800006,RISE-NEURO-0010,Baylor University Medical Center Program,TX,Dhananjay Shirgavi,MD,Core Faculty,"Pulmonary Medicine, Internal Medicine, Neurocritical Care",,,,,,,,False,VERIFIED,HIGH,https://www.bswhealth.com/medical-professionals/education/graduate-medical-education/dallas/neurology-residency/faculty-and-residents,"Complete published roster: the official 'Faculty and Residents' page names 38 physicians — 2 tagged 'Program leadership' and 36 tagged 'Core Faculty' — each with the program's own specialty tags, all read individually. Spoken languages were additionally audited from the individual BSWH physician profiles for 36 of the 38; two profiles (Karen L. Fink, MD PhD and Valentina S Joseph, MD) did not reso",,NO
1804800006,RISE-NEURO-0010,Baylor University Medical Center Program,TX,Faez Hussain Syed,MD,Core Faculty,"Hospital Medicine, Neurology",,,,,,,,False,VERIFIED,HIGH,https://www.bswhealth.com/medical-professionals/education/graduate-medical-education/dallas/neurology-residency/faculty-and-residents,"Complete published roster: the official 'Faculty and Residents' page names 38 physicians — 2 tagged 'Program leadership' and 36 tagged 'Core Faculty' — each with the program's own specialty tags, all read individually. Spoken languages were additionally audited from the individual BSWH physician profiles for 36 of the 38; two profiles (Karen L. Fink, MD PhD and Valentina S Joseph, MD) did not reso",,NO
1804800006,RISE-NEURO-0010,Baylor University Medical Center Program,TX,Martin A Weiss,MD,Core Faculty,"Hospital Medicine, Neurology",,,,,,,,False,VERIFIED,HIGH,https://www.bswhealth.com/medical-professionals/education/graduate-medical-education/dallas/neurology-residency/faculty-and-residents,"Complete published roster: the official 'Faculty and Residents' page names 38 physicians — 2 tagged 'Program leadership' and 36 tagged 'Core Faculty' — each with the program's own specialty tags, all read individually. Spoken languages were additionally audited from the individual BSWH physician profiles for 36 of the 38; two profiles (Karen L. Fink, MD PhD and Valentina S Joseph, MD) did not reso",,NO
1804800006,RISE-NEURO-0010,Baylor University Medical Center Program,TX,Niloofar Yari,MD,Core Faculty,"Neuromuscular Medicine, Neurology",,,,,,,,False,VERIFIED,HIGH,https://www.bswhealth.com/medical-professionals/education/graduate-medical-education/dallas/neurology-residency/faculty-and-residents,"Complete published roster: the official 'Faculty and Residents' page names 38 physicians — 2 tagged 'Program leadership' and 36 tagged 'Core Faculty' — each with the program's own specialty tags, all read individually. Spoken languages were additionally audited from the individual BSWH physician profiles for 36 of the 38; two profiles (Karen L. Fink, MD PhD and Valentina S Joseph, MD) did not reso",,NO
1804800167,RISE-NEURO-0009,Baylor Scott & White Medical Center - Baylor College of Medicine (Temple) Program,TX,"Ahmad A Shawagfeh, MD",MD,Core faculty,"Movement disorders; DBS, EMG, guided Botox; member of the Movement Disorder Society; ABPN Neurology + Neuromuscular Medicine",,,,False,,,,,VERIFIED,HIGH,https://www.bswhealth.com/physician/ahmad-shawagfeh,"18 of 18 named faculty profiles read individually - 16 named core faculty plus the Department Chair and the Program Director, all carried on the program's own Faculty and Residents page and all tied to program id 384 'Neurology Residency-Temple, Texas'. Each was pulled individually from BSW's provider directory and their specialties array, board certifications and biography read. Counts: FREIDA fi",,NO
1804800167,RISE-NEURO-0009,Baylor Scott & White Medical Center - Baylor College of Medicine (Temple) Program,TX,"Daniel L Keyser, MD",MD,Core faculty,GME expertise string 'Movement Disorders;Neuromuscular;General Neurology',,"University of Iowa, Neurology (1987-1990)",,False,,,,,VERIFIED,HIGH,https://www.bswhealth.com/physician/daniel-keyser,"18 of 18 named faculty profiles read individually - 16 named core faculty plus the Department Chair and the Program Director, all carried on the program's own Faculty and Residents page and all tied to program id 384 'Neurology Residency-Temple, Texas'. Each was pulled individually from BSW's provider directory and their specialties array, board certifications and biography read. Counts: FREIDA fi",,NO
1804800167,RISE-NEURO-0009,Baylor Scott & White Medical Center - Baylor College of Medicine (Temple) Program,TX,"Lauren Edwards Fournier, MD",MD,Core faculty; Stroke Director for Baylor Scott & White Health in Temple; 'actively involved in teaching and mentoring residents and medical students',Vascular neurology; telestroke; ABPN Neurology + Vascular Neurology,,,,False,,,,,VERIFIED,HIGH,https://www.bswhealth.com/physician/lauren-fournier,"18 of 18 named faculty profiles read individually - 16 named core faculty plus the Department Chair and the Program Director, all carried on the program's own Faculty and Residents page and all tied to program id 384 'Neurology Residency-Temple, Texas'. Each was pulled individually from BSW's provider directory and their specialties array, board certifications and biography read. Counts: FREIDA fi",,NO
1804800167,RISE-NEURO-0009,Baylor Scott & White Medical Center - Baylor College of Medicine (Temple) Program,TX,"Jason Bennett Neal, MD",MD,Core faculty; runs clinical trials of novel therapies,"Vascular neurology; ABPN Neurology + Vascular Neurology + Neurocritical Care; PhD in Neurobiology, Harvard",,,,False,,,,,VERIFIED,HIGH,https://www.bswhealth.com/physician/jason-neal,"18 of 18 named faculty profiles read individually - 16 named core faculty plus the Department Chair and the Program Director, all carried on the program's own Faculty and Residents page and all tied to program id 384 'Neurology Residency-Temple, Texas'. Each was pulled individually from BSW's provider directory and their specialties array, board certifications and biography read. Counts: FREIDA fi",,NO
1804800167,RISE-NEURO-0009,Baylor Scott & White Medical Center - Baylor College of Medicine (Temple) Program,TX,"Arash Shadman, MD",MD,Core faculty; teleneurology across Central and North Texas; his bio states he 'is faculty at the Baylor College of Medicine',Vascular neurology and neurocritical care; ABPN Neurology + Vascular Neurology + Neurocritical Care,,,,False,,,,,VERIFIED,HIGH,https://www.bswhealth.com/physician/arash-shadman,"18 of 18 named faculty profiles read individually - 16 named core faculty plus the Department Chair and the Program Director, all carried on the program's own Faculty and Residents page and all tied to program id 384 'Neurology Residency-Temple, Texas'. Each was pulled individually from BSW's provider directory and their specialties array, board certifications and biography read. Counts: FREIDA fi",,NO
1804800167,RISE-NEURO-0009,Baylor Scott & White Medical Center - Baylor College of Medicine (Temple) Program,TX,"Mariam Mouti, DO",DO,Core faculty,Epilepsy; ABPN Neurology + Epilepsy,,"UT Austin Dell, Neurology (2014-2017)",,False,,,,,VERIFIED,HIGH,https://www.bswhealth.com/physician/mariam-mouti,"18 of 18 named faculty profiles read individually - 16 named core faculty plus the Department Chair and the Program Director, all carried on the program's own Faculty and Residents page and all tied to program id 384 'Neurology Residency-Temple, Texas'. Each was pulled individually from BSW's provider directory and their specialties array, board certifications and biography read. Counts: FREIDA fi",,NO
1804800167,RISE-NEURO-0009,Baylor Scott & White Medical Center - Baylor College of Medicine (Temple) Program,TX,"Sowmya Atluri, MD",MD,Core faculty,Epilepsy; ABPN Neurology + Epilepsy,,,,False,,,,False,VERIFIED,HIGH,https://www.bswhealth.com/physician/sowmya-katragadda,"18 of 18 named faculty profiles read individually - 16 named core faculty plus the Department Chair and the Program Director, all carried on the program's own Faculty and Residents page and all tied to program id 384 'Neurology Residency-Temple, Texas'. Each was pulled individually from BSW's provider directory and their specialties array, board certifications and biography read. Counts: FREIDA fi",,NO
1804800167,RISE-NEURO-0009,Baylor Scott & White Medical Center - Baylor College of Medicine (Temple) Program,TX,"Seyed Pouyan Jalali, MD",MD,Core faculty; Program Director of the in-house Neurophysiology Fellowship,Neuromuscular; ABPN Clinical Neurophysiology,,"Columbia University Medical Center, Neurology",,False,,,,,VERIFIED,HIGH,https://www.bswhealth.com/physician/seyed-jalali,"18 of 18 named faculty profiles read individually - 16 named core faculty plus the Department Chair and the Program Director, all carried on the program's own Faculty and Residents page and all tied to program id 384 'Neurology Residency-Temple, Texas'. Each was pulled individually from BSW's provider directory and their specialties array, board certifications and biography read. Counts: FREIDA fi",,NO
1804800167,RISE-NEURO-0009,Baylor Scott & White Medical Center - Baylor College of Medicine (Temple) Program,TX,"Sai K Mula, MD",MD,Core faculty,Neuromuscular / general neurology,,Internal medicine residency UTMB; second residency in Neurology at UT Southwestern,,False,,,,,VERIFIED,HIGH,https://www.bswhealth.com/physician/sai-mula,"18 of 18 named faculty profiles read individually - 16 named core faculty plus the Department Chair and the Program Director, all carried on the program's own Faculty and Residents page and all tied to program id 384 'Neurology Residency-Temple, Texas'. Each was pulled individually from BSW's provider directory and their specialties array, board certifications and biography read. Counts: FREIDA fi",,NO
1804800167,RISE-NEURO-0009,Baylor Scott & White Medical Center - Baylor College of Medicine (Temple) Program,TX,"Jennifer M Padilla, MD",MD,Core faculty,"Headache medicine (UCNS-certified, fellowship-trained); ABPN Neurology",,"UTHealth Houston, Neurology (2013-2016)",UCNS-certified headache medicine fellowship,False,"Medical school Universidad Central del Caribe, Puerto Rico (2007-2011); internship at the VA Caribbean Healthcare System, San Juan - a named, current core faculty member who has already travelled the UCC-to-Texas-neurology path",INSTITUTIONAL,Universidad Central del Caribe,,VERIFIED,HIGH,https://www.bswhealth.com/physician/jennifer-padilla,"18 of 18 named faculty profiles read individually - 16 named core faculty plus the Department Chair and the Program Director, all carried on the program's own Faculty and Residents page and all tied to program id 384 'Neurology Residency-Temple, Texas'. Each was pulled individually from BSW's provider directory and their specialties array, board certifications and biography read. Counts: FREIDA fi",,NO
1804800167,RISE-NEURO-0009,Baylor Scott & White Medical Center - Baylor College of Medicine (Temple) Program,TX,"Duren Michael Ready, MD",MD,Core faculty,Headache medicine; ABFM Family Medicine,,,,False,,,,,VERIFIED,HIGH,https://www.bswhealth.com/physician/duren-ready,"18 of 18 named faculty profiles read individually - 16 named core faculty plus the Department Chair and the Program Director, all carried on the program's own Faculty and Residents page and all tied to program id 384 'Neurology Residency-Temple, Texas'. Each was pulled individually from BSW's provider directory and their specialties array, board certifications and biography read. Counts: FREIDA fi",,NO
1804800167,RISE-NEURO-0009,Baylor Scott & White Medical Center - Baylor College of Medicine (Temple) Program,TX,"Jen Murillo, DO",DO,Core faculty; principal investigator on several brain tumour clinical trials,Neuro-oncology; double board certified ABPN and AOBNP; UCNS neuro-oncology,,,,False,,,,,VERIFIED,HIGH,https://www.bswhealth.com/physician/jennifer-murillo,"18 of 18 named faculty profiles read individually - 16 named core faculty plus the Department Chair and the Program Director, all carried on the program's own Faculty and Residents page and all tied to program id 384 'Neurology Residency-Temple, Texas'. Each was pulled individually from BSW's provider directory and their specialties array, board certifications and biography read. Counts: FREIDA fi",,NO
1804800167,RISE-NEURO-0009,Baylor Scott & White Medical Center - Baylor College of Medicine (Temple) Program,TX,"Richard Patrick Lenehan, MD",MD,Core faculty,Neurohospitalist; ABPN Neurology + ABIM Internal Medicine,,,,False,,,,,VERIFIED,HIGH,https://www.bswhealth.com/physician/richard-lenehan,"18 of 18 named faculty profiles read individually - 16 named core faculty plus the Department Chair and the Program Director, all carried on the program's own Faculty and Residents page and all tied to program id 384 'Neurology Residency-Temple, Texas'. Each was pulled individually from BSW's provider directory and their specialties array, board certifications and biography read. Counts: FREIDA fi",,NO
1804800167,RISE-NEURO-0009,Baylor Scott & White Medical Center - Baylor College of Medicine (Temple) Program,TX,"Randall S Bossler, MD",MD,Core faculty,ABPN Neurology,,,,False,,,,,VERIFIED,HIGH,https://www.bswhealth.com/physician/randall-bossler,"18 of 18 named faculty profiles read individually - 16 named core faculty plus the Department Chair and the Program Director, all carried on the program's own Faculty and Residents page and all tied to program id 384 'Neurology Residency-Temple, Texas'. Each was pulled individually from BSW's provider directory and their specialties array, board certifications and biography read. Counts: FREIDA fi",,NO
1804800167,RISE-NEURO-0009,Baylor Scott & White Medical Center - Baylor College of Medicine (Temple) Program,TX,"Paras M. Bhattarai, MD",MD,"Core faculty; section chief of pediatric neurology at McLane Children's, Temple. He is a pediatric neurologist who appears on the ADULT program's own core-faculty roster, which is legitimate - the adu","Pediatric neurology; ABP Pediatrics, ABPN Neurology, Child Neurology and Epilepsy",,,,False,,,,,VERIFIED,HIGH,https://www.bswhealth.com/physician/paras-bhattarai,"18 of 18 named faculty profiles read individually - 16 named core faculty plus the Department Chair and the Program Director, all carried on the program's own Faculty and Residents page and all tied to program id 384 'Neurology Residency-Temple, Texas'. Each was pulled individually from BSW's provider directory and their specialties array, board certifications and biography read. Counts: FREIDA fi",,NO
1804800167,RISE-NEURO-0009,Baylor Scott & White Medical Center - Baylor College of Medicine (Temple) Program,TX,"Richard Phenis, PsyD, ABPP-CN","PsyD, ABPP-CN",Core faculty,Clinical neuropsychology,,,,False,,,,,VERIFIED,HIGH,https://www.bswhealth.com/psychologist/richard-phenis,"18 of 18 named faculty profiles read individually - 16 named core faculty plus the Department Chair and the Program Director, all carried on the program's own Faculty and Residents page and all tied to program id 384 'Neurology Residency-Temple, Texas'. Each was pulled individually from BSW's provider directory and their specialties array, board certifications and biography read. Counts: FREIDA fi",,NO
1804800167,RISE-NEURO-0009,Baylor Scott & White Medical Center - Baylor College of Medicine (Temple) Program,TX,"George Barnett Creel, MD",MD,Program Director; core faculty,"General neurology, neuromuscular disorders, electromyography; ABPN Neurology + Sleep Medicine; member AAN, AANEM and the Texas Neurological Society",,"University of Pittsburgh School of Medicine, Neurology (1991-1994)",,False,,,,True,VERIFIED,HIGH,https://www.bswhealth.com/physician/george-creel,"18 of 18 named faculty profiles read individually - 16 named core faculty plus the Department Chair and the Program Director, all carried on the program's own Faculty and Residents page and all tied to program id 384 'Neurology Residency-Temple, Texas'. Each was pulled individually from BSW's provider directory and their specialties array, board certifications and biography read. Counts: FREIDA fi",,NO
1804800167,RISE-NEURO-0009,Baylor Scott & White Medical Center - Baylor College of Medicine (Temple) Program,TX,"Jeffrey Wayne Clark, DO",DO,"Chair, Department of Neurology",Neurohospitalist; ABPN Neurology,,"Cleveland Clinic Educational Foundation, Neurology (1990-1994)",,False,,,,,VERIFIED,HIGH,https://www.bswhealth.com/physician/jeffrey-clark,"18 of 18 named faculty profiles read individually - 16 named core faculty plus the Department Chair and the Program Director, all carried on the program's own Faculty and Residents page and all tied to program id 384 'Neurology Residency-Temple, Texas'. Each was pulled individually from BSW's provider directory and their specialties array, board certifications and biography read. Counts: FREIDA fi",,NO
1804800168,RISE-NEURO-0166,Texas Tech University HSC El Paso Program,TX,Salvador Cruz-Flores,"M.D., M.P.H.","Professor and Chair, Department of Neurology (founding Chair since May 1, 2013)","Vascular neurology / neurocritical care. ABPN Neurology, ABPN Vascular Neurology, UCNS Neuro-Imaging, UCNS Neuro-critical Care. Clinical expertise 'All Neurological conditions with interest in Stroke; Cerebral hemorrhage; TIA; Carotid artery stenosis; Amaurosis fugax'","Universidad Autonoma de Nuevo Leon, Monterrey, Mexico",Saint Louis University,"Cerebrovascular and neuroscience critical care fellowships, Saint Louis University",False,,,,True,CONFLICT,HIGH,https://ttuhscep.edu/som/academics/departments/neurology/faculty.aspx,"Complete published roster, read individually, but three official sources disagree on the count. The Department of Neurology faculty page names NINE physicians, and the Texas Tech Physicians of El Paso provider directory API returns the same nine M.D.s tagged to Neurology plus seven advanced-practice providers. Layered on top: Claudia Maria Prospero Ponce, M.D. appears on the neurology faculty page",,NO
1804800168,RISE-NEURO-0166,Texas Tech University HSC El Paso Program,TX,Gustavo Jose Rodriguez,M.D.,Professor and Vice Chair,Vascular neurology and endovascular surgical neuroradiology. ABPN Neurology and Vascular Neurology,"Facultad de Medicina de Santiago de Compostela, Spain","Xeral-Cies Hospital (Vigo, Spain) and UMDNJ Newark","Vascular neurology and endovascular surgical fellowships, University of Minnesota",False,,,,True,CONFLICT,HIGH,https://ttuhscep.edu/som/academics/departments/neurology/faculty.aspx,"Complete published roster, read individually, but three official sources disagree on the count. The Department of Neurology faculty page names NINE physicians, and the Texas Tech Physicians of El Paso provider directory API returns the same nine M.D.s tagged to Neurology plus seven advanced-practice providers. Layered on top: Claudia Maria Prospero Ponce, M.D. appears on the neurology faculty page",,NO
1804800168,RISE-NEURO-0166,Texas Tech University HSC El Paso Program,TX,Alberto Maud,M.D.,Professor; Interventional Neurology Fellowship Director; at TTUHSC El Paso since 2010,"Vascular neurology, endovascular surgical neuroradiology, neurocritical care. ABPN Neurology, Vascular Neurology and Neurocritical Care; UCNS Neuro-critical Care and Neuro-Imaging","Universidad Nacional de Cordoba, Argentina",Hospital Italiano de Cordoba and UT Health San Antonio,"Vascular neurology and endovascular surgical neuroradiology fellowships, University of Minnesota",False,,,,True,CONFLICT,HIGH,https://ttuhscep.edu/som/academics/departments/neurology/faculty.aspx,"Complete published roster, read individually, but three official sources disagree on the count. The Department of Neurology faculty page names NINE physicians, and the Texas Tech Physicians of El Paso provider directory API returns the same nine M.D.s tagged to Neurology plus seven advanced-practice providers. Layered on top: Claudia Maria Prospero Ponce, M.D. appears on the neurology faculty page",,NO
1804800168,RISE-NEURO-0166,Texas Tech University HSC El Paso Program,TX,Paisith Piriyawat,M.D.,Associate Professor and residency Program Director,Vascular neurology; also lists Neuro-Critical Care and General Neurology. ABPN Neurology and Vascular Neurology,"Chulalongkorn University, Thailand",Saint Louis University,"Stroke/vascular neurology, UT Health Houston",False,,,,False,CONFLICT,HIGH,https://ttuhscep.edu/som/academics/departments/neurology/faculty.aspx,"Complete published roster, read individually, but three official sources disagree on the count. The Department of Neurology faculty page names NINE physicians, and the Texas Tech Physicians of El Paso provider directory API returns the same nine M.D.s tagged to Neurology plus seven advanced-practice providers. Layered on top: Claudia Maria Prospero Ponce, M.D. appears on the neurology faculty page",,NO
1804800168,RISE-NEURO-0166,Texas Tech University HSC El Paso Program,TX,Sushma Reddy Yerram,M.D.,Assistant Professor; joined 2019; runs the Epilepsy Monitoring Unit and medically refractory epilepsy surgical evaluation,"Epilepsy and clinical neurophysiology (EEG, EMG). ABPN Neurology, Clinical Neurophysiology and Epilepsy","Osmania Medical College / Dr. NTR University of Health Sciences, India",University of Missouri-Columbia,"Clinical neurophysiology and epilepsy subspecialty training, University of Rochester",False,,,,False,CONFLICT,HIGH,https://ttuhscep.edu/som/academics/departments/neurology/faculty.aspx,"Complete published roster, read individually, but three official sources disagree on the count. The Department of Neurology faculty page names NINE physicians, and the Texas Tech Physicians of El Paso provider directory API returns the same nine M.D.s tagged to Neurology plus seven advanced-practice providers. Layered on top: Claudia Maria Prospero Ponce, M.D. appears on the neurology faculty page",,NO
1804800168,RISE-NEURO-0166,Texas Tech University HSC El Paso Program,TX,Luis Acosta(-Corrales),M.D.,Assistant Professor; 30+ years of regional private practice before joining,"Neuromuscular disease. Institutional provider record lists clinical expertise as 'Neuropathies; Nerve disease; Muscular diseases; Myasthenia; Migraine & other headaches; Movement disorders'; faculty bio adds he treats 'headaches, sleep disorders, multiple sclerosis, epilepsy, neuropathic pain, demen","Universidad Nacional Autonoma de Mexico, Mexico City","Internal medicine residency UNAM (Hospital General de Ciudad Juarez); neurology residency Baylor College of Medicine, Houston","Neuromuscular disease, Baylor College of Medicine",False,,,,True,CONFLICT,HIGH,https://ttuhscep.edu/som/academics/departments/neurology/faculty.aspx,"Complete published roster, read individually, but three official sources disagree on the count. The Department of Neurology faculty page names NINE physicians, and the Texas Tech Physicians of El Paso provider directory API returns the same nine M.D.s tagged to Neurology plus seven advanced-practice providers. Layered on top: Claudia Maria Prospero Ponce, M.D. appears on the neurology faculty page",,NO
1804800168,RISE-NEURO-0166,Texas Tech University HSC El Paso Program,TX,Isabel Victoria Narvaez Correa,M.D.,Assistant Professor; leads the multidisciplinary ALS clinic described as 'the only one of its kind in the Borderplex Region'; a graduate of THIS residency (2020-2023 cohort) who returned as faculty,Neuromuscular medicine. ABPN Neurology,"University of Cuenca, Ecuador",TTUHSC El Paso adult neurology residency (2020-2023),"Neuromuscular medicine, Virginia Commonwealth University",True,,,,,CONFLICT,HIGH,https://ttuhscep.edu/som/academics/departments/neurology/faculty.aspx,"Complete published roster, read individually, but three official sources disagree on the count. The Department of Neurology faculty page names NINE physicians, and the Texas Tech Physicians of El Paso provider directory API returns the same nine M.D.s tagged to Neurology plus seven advanced-practice providers. Layered on top: Claudia Maria Prospero Ponce, M.D. appears on the neurology faculty page",,NO
1804800168,RISE-NEURO-0166,Texas Tech University HSC El Paso Program,TX,Mohammad Ghatali,M.D.,Faculty; a graduate of THIS residency (2016-2019 cohort) plus a TTUHSC El Paso family medicine residency. Appears in the provider directory and in the archived graduate list but NOT on the current dep,Clinical neurophysiology. ABPN Neurology and Clinical Neurophysiology,"Dr. B.R. Ambedkar Medical College, Bangalore, India (2000)",TTUHSC El Paso adult neurology residency (2016-2019); also TTUHSC El Paso family medicine residency,"Clinical neurophysiology, Baylor College of Medicine, Houston",True,,,,,CONFLICT,MEDIUM,https://www.ttpelpaso.com/_resources/dmc/cs/physicians.ashx?datasource=physicians&xpath=items%2Fitem&type=listing&querystring_control=true&sort=lastName&json_always_array=department%2Clocation%2Cspecialty&returntype=json,"Complete published roster, read individually, but three official sources disagree on the count. The Department of Neurology faculty page names NINE physicians, and the Texas Tech Physicians of El Paso provider directory API returns the same nine M.D.s tagged to Neurology plus seven advanced-practice providers. Layered on top: Claudia Maria Prospero Ponce, M.D. appears on the neurology faculty page",,NO
1804800168,RISE-NEURO-0166,Texas Tech University HSC El Paso Program,TX,Alexandria Ellen Melendez-Zaidi,"M.D., Ph.D.","Assistant Professor, CHILD Neurology; practises at El Paso Children's Multispecialty Center. Departmental faculty of the adult department but her clinical practice is pediatric; the dossier excludes h",Child neurology and clinical neurophysiology; genetic epilepsies. ABPN Neurology with Special Qualification in Child Neurology,M.D./Ph.D. Northwestern,Pediatric neurology residency,"Clinical neurophysiology, plus a postdoctoral year on genetic epilepsies at Baylor College of Medicine",False,,,,,CONFLICT,HIGH,https://ttuhscep.edu/som/academics/departments/neurology/faculty.aspx,"Complete published roster, read individually, but three official sources disagree on the count. The Department of Neurology faculty page names NINE physicians, and the Texas Tech Physicians of El Paso provider directory API returns the same nine M.D.s tagged to Neurology plus seven advanced-practice providers. Layered on top: Claudia Maria Prospero Ponce, M.D. appears on the neurology faculty page",,NO
1804800168,RISE-NEURO-0166,Texas Tech University HSC El Paso Program,TX,Claudia Maria Prospero Ponce,M.D.,Holds a JOINT appointment in Ophthalmology and Neurology and appears on the neurology faculty page,Neuro-ophthalmology and ocular pathology,Ignacio A. Santos School of Medicine / TEC de Monterrey,"Ophthalmology residency, University of Arizona","Neuro-ophthalmology and ocular pathology training, Houston Methodist",False,,,,,CONFLICT,HIGH,https://ttuhscep.edu/som/academics/departments/neurology/faculty.aspx,"Complete published roster, read individually, but three official sources disagree on the count. The Department of Neurology faculty page names NINE physicians, and the Texas Tech Physicians of El Paso provider directory API returns the same nine M.D.s tagged to Neurology plus seven advanced-practice providers. Layered on top: Claudia Maria Prospero Ponce, M.D. appears on the neurology faculty page",,NO
1804800168,RISE-NEURO-0166,Texas Tech University HSC El Paso Program,TX,Richard Brower,M.D.,Named in institutional news coverage as a Texas Tech Physicians El Paso epilepsy specialist seeing patients by telemedicine with Dr. Yerram; does NOT appear on the departmental faculty page,Epilepsy,,,,,,,,,CONFLICT,LOW,https://cbs4local.com/newsletter-daily/texas-tech-health-el-paso-umc-earn-level-4-epilepsy-center-certification,"Complete published roster, read individually, but three official sources disagree on the count. The Department of Neurology faculty page names NINE physicians, and the Texas Tech Physicians of El Paso provider directory API returns the same nine M.D.s tagged to Neurology plus seven advanced-practice providers. Layered on top: Claudia Maria Prospero Ponce, M.D. appears on the neurology faculty page",,NO
1804800169,RISE-NEURO-0254,University of Texas Rio Grande Valley Program,TX,"Carlos Julian Martinez-Menendez, MD",MD,"Assistant Professor, Neurology - Neurology Residency; Associate Program Director",Behavioral Neurology & Neuropsychiatry; cognitive/memory disorders; anti-amyloid disease-modifying therapy,,University of Texas Health Science Center at Houston (2022),"Behavioral Neurology & Neuropsychiatry, UT Health Neurosciences Neurocognitive Disorders Center",False,,,,False,PARTIALLY_VERIFIED,HIGH,https://uthealthrgv.org/providers/carlos-martinez-menendez/index.htm,"Program publishes no complete core-faculty roster. Only ONE clinical neurology faculty member is currently listed in association with the residency. Filtering the same SOM directory to 'Neuro and Behavioral Health' returns 22 people of whom Martinez-Menendez is the only clinical neurologist (the rest are psychiatrists, PhD neuroscientists, an optometrist, behavioral health consultants, medical ass","Research complete · This program publishes no complete core-faculty roster. The residency's own 'Faculty & Staff' link resolves to the UTRGV School of Medicine directory filtered to 'Neurology Residency', which returns exactly two entries - one clinical neurologist and the program coordinator. FREIDA reports 5 program faculty as of 8/20/2026 but those 5 could not be enumerated by name from any source, so 4 of the 5 are unidentifiable from public material.",NO
1804811109,RISE-NEURO-0253,University of Texas Medical Branch Hospitals Program,TX,Anish Bhardwaj,"MD, MBA, MS (Lead), MS (Comm), CPE, FACMPE, FACHE, FAHA, FCCM, FAAN, FANA","Professor — Professor and Chairman, Department of Neurology; John Sealy Distinguished Chair in Neurology; Professor of Neurology, Neurosurgery and Neurobiology","Department chair; unusually operationally involved in the residency — he personally conducts the daily Morning Report attended by all residents and faculty, and holds a yearly one-on-one meeting with each resident to discuss career goals",,,,False,,,,,VERIFIED,HIGH,https://www.utmb.edu/neuro/education/residency-program/our-team,"Complete named departmental roster: 35 individuals published across five ranks on the residency Our Team page (10 professors, 7 associate professors, 16 assistant professors, 1 clinical professor, 1 professor emeritus), all read. Approximately 11 of the 35 are PhD-only research faculty. The registry's 'Program Faculty Count = 19' and 'Physicians 19; non-physicians 7' are CONFIRMED as consistent wi",,NO
1804811109,RISE-NEURO-0253,University of Texas Medical Branch Hospitals Program,TX,Xiang Fang,"MD, PhD, FAAN, FANA","Professor — John Sealy Distinguished Chair for Clinical Research in Alzheimer's Disease; Chief, Memory Disorders Division; Medical Director, UHC and TDC Neurology Clinics","Memory disorders; also listed on the UTMB Health neuroimmunology service page as a provider covering 'General Neurology, Memory and Cognitive Disorders, and Neuroimmunology'",,,,False,,,,,VERIFIED,HIGH,https://www.utmb.edu/neuro/education/residency-program/our-team,"Complete named departmental roster: 35 individuals published across five ranks on the residency Our Team page (10 professors, 7 associate professors, 16 assistant professors, 1 clinical professor, 1 professor emeritus), all read. Approximately 11 of the 35 are PhD-only research faculty. The registry's 'Program Faculty Count = 19' and 'Physicians 19; non-physicians 7' are CONFIRMED as consistent wi",,NO
1804811109,RISE-NEURO-0253,University of Texas Medical Branch Hospitals Program,TX,Rakez Kayed,PhD,Professor — Mitchell Center for Neurodegenerative Diseases; JOHN SEALY CHAIR FOR PARKINSON'S RESEARCH,"Parkinson's / neurodegeneration research (PhD research faculty, not clinical)",,,,False,,,,,VERIFIED,HIGH,https://www.utmb.edu/neuro/education/residency-program/our-team,"Complete named departmental roster: 35 individuals published across five ranks on the residency Our Team page (10 professors, 7 associate professors, 16 assistant professors, 1 clinical professor, 1 professor emeritus), all read. Approximately 11 of the 35 are PhD-only research faculty. The registry's 'Program Faculty Count = 19' and 'Physicians 19; non-physicians 7' are CONFIRMED as consistent wi",,NO
1804811109,RISE-NEURO-0253,University of Texas Medical Branch Hospitals Program,TX,Todd Masel,"MD, MBA","Professor — Vice Chair for Clinical Affairs; Chief, Epilepsy Division",Epilepsy,,,,False,,,,,VERIFIED,HIGH,https://www.utmb.edu/neuro/education/residency-program/our-team,"Complete named departmental roster: 35 individuals published across five ranks on the residency Our Team page (10 professors, 7 associate professors, 16 assistant professors, 1 clinical professor, 1 professor emeritus), all read. Approximately 11 of the 35 are PhD-only research faculty. The registry's 'Program Faculty Count = 19' and 'Physicians 19; non-physicians 7' are CONFIRMED as consistent wi",,NO
1804811109,RISE-NEURO-0253,University of Texas Medical Branch Hospitals Program,TX,Miguel A. Pappolla,"MD, PhD",Professor,,,,,False,,,,,VERIFIED,HIGH,https://www.utmb.edu/neuro/education/residency-program/our-team,"Complete named departmental roster: 35 individuals published across five ranks on the residency Our Team page (10 professors, 7 associate professors, 16 assistant professors, 1 clinical professor, 1 professor emeritus), all read. Approximately 11 of the 35 are PhD-only research faculty. The registry's 'Program Faculty Count = 19' and 'Physicians 19; non-physicians 7' are CONFIRMED as consistent wi",,NO
1804811109,RISE-NEURO-0253,University of Texas Medical Branch Hospitals Program,TX,Chilvana Patel,MD,"Professor — Vice Chair for Education and Training; Director, Neurology Residency Training Program; Director, Neurophysiology Fellow Training Program",Clinical neurophysiology (she directs the CNP fellowship),,,,False,,,,,VERIFIED,HIGH,https://www.utmb.edu/neuro/education/residency-program/our-team,"Complete named departmental roster: 35 individuals published across five ranks on the residency Our Team page (10 professors, 7 associate professors, 16 assistant professors, 1 clinical professor, 1 professor emeritus), all read. Approximately 11 of the 35 are PhD-only research faculty. The registry's 'Program Faculty Count = 19' and 'Physicians 19; non-physicians 7' are CONFIRMED as consistent wi",,NO
1804811109,RISE-NEURO-0253,University of Texas Medical Branch Hospitals Program,TX,Hashem Shaltoni,MD,"Professor — Chief, Vascular Neurology Division; James F. Rosborough Distinguished Chair of Neurology; joint appointments in Neurology, Radiology and Neurosurgery",Vascular neurology,,,,False,,,,,VERIFIED,HIGH,https://www.utmb.edu/neuro/education/residency-program/our-team,"Complete named departmental roster: 35 individuals published across five ranks on the residency Our Team page (10 professors, 7 associate professors, 16 assistant professors, 1 clinical professor, 1 professor emeritus), all read. Approximately 11 of the 35 are PhD-only research faculty. The registry's 'Program Faculty Count = 19' and 'Physicians 19; non-physicians 7' are CONFIRMED as consistent wi",,NO
1804811109,RISE-NEURO-0253,University of Texas Medical Branch Hospitals Program,TX,Diosely Silveira,"MD, PhD, FAES","Professor — Director, Epilepsy Monitoring Unit",Epilepsy,,,,False,,,,,VERIFIED,HIGH,https://www.utmb.edu/neuro/education/residency-program/our-team,"Complete named departmental roster: 35 individuals published across five ranks on the residency Our Team page (10 professors, 7 associate professors, 16 assistant professors, 1 clinical professor, 1 professor emeritus), all read. Approximately 11 of the 35 are PhD-only research faculty. The registry's 'Program Faculty Count = 19' and 'Physicians 19; non-physicians 7' are CONFIRMED as consistent wi",,NO
1804811109,RISE-NEURO-0253,University of Texas Medical Branch Hospitals Program,TX,Giulio Taglialatela,PhD,Professor — Lawrence J. Del Papa Distinguished Chair in Neurodegenerative Disease Research; Vice President and Research Institute Director of the UTMB Brain Health Institute,Neurodegenerative disease research (PhD research faculty),,,,False,,,,,VERIFIED,HIGH,https://www.utmb.edu/neuro/education/residency-program/our-team,"Complete named departmental roster: 35 individuals published across five ranks on the residency Our Team page (10 professors, 7 associate professors, 16 assistant professors, 1 clinical professor, 1 professor emeritus), all read. Approximately 11 of the 35 are PhD-only research faculty. The registry's 'Program Faculty Count = 19' and 'Physicians 19; non-physicians 7' are CONFIRMED as consistent wi",,NO
1804811109,RISE-NEURO-0253,University of Texas Medical Branch Hospitals Program,TX,Sudhakar Tummala,MD,Professor,,,,,False,,,,,VERIFIED,HIGH,https://www.utmb.edu/neuro/education/residency-program/our-team,"Complete named departmental roster: 35 individuals published across five ranks on the residency Our Team page (10 professors, 7 associate professors, 16 assistant professors, 1 clinical professor, 1 professor emeritus), all read. Approximately 11 of the 35 are PhD-only research faculty. The registry's 'Program Faculty Count = 19' and 'Physicians 19; non-physicians 7' are CONFIRMED as consistent wi",,NO
1804811109,RISE-NEURO-0253,University of Texas Medical Branch Hospitals Program,TX,Alok Dabi,MD,Associate Professor — Associate Professor of Neurology and Neurosurgery; Chief of the Neurocritical Care Division; Program Director of the UTMB Neurocritical Care Fellowship; co-signs the Residency Ov,Neurocritical care,,,,False,,,,,VERIFIED,HIGH,https://www.utmb.edu/neuro/education/residency-program/our-team,"Complete named departmental roster: 35 individuals published across five ranks on the residency Our Team page (10 professors, 7 associate professors, 16 assistant professors, 1 clinical professor, 1 professor emeritus), all read. Approximately 11 of the 35 are PhD-only research faculty. The registry's 'Program Faculty Count = 19' and 'Physicians 19; non-physicians 7' are CONFIRMED as consistent wi",,NO
1804811109,RISE-NEURO-0253,University of Texas Medical Branch Hospitals Program,TX,Balaji Krishnan,PhD,Associate Professor — Don and Nancy Mafrige Professor in Neurodegenerative Research,Neurodegenerative research (PhD research faculty),,,,False,,,,,VERIFIED,HIGH,https://www.utmb.edu/neuro/education/residency-program/our-team,"Complete named departmental roster: 35 individuals published across five ranks on the residency Our Team page (10 professors, 7 associate professors, 16 assistant professors, 1 clinical professor, 1 professor emeritus), all read. Approximately 11 of the 35 are PhD-only research faculty. The registry's 'Program Faculty Count = 19' and 'Physicians 19; non-physicians 7' are CONFIRMED as consistent wi",,NO
1804811109,RISE-NEURO-0253,University of Texas Medical Branch Hospitals Program,TX,Xiangping Li,"MD, MPA","Associate Professor — Associate Director, UTMB Neurophysiology Fellowship Program; Director of Quality Management",Clinical neurophysiology,,,,False,,,,,VERIFIED,HIGH,https://www.utmb.edu/neuro/education/residency-program/our-team,"Complete named departmental roster: 35 individuals published across five ranks on the residency Our Team page (10 professors, 7 associate professors, 16 assistant professors, 1 clinical professor, 1 professor emeritus), all read. Approximately 11 of the 35 are PhD-only research faculty. The registry's 'Program Faculty Count = 19' and 'Physicians 19; non-physicians 7' are CONFIRMED as consistent wi",,NO
1804811109,RISE-NEURO-0253,University of Texas Medical Branch Hospitals Program,TX,Agenor Limon,PhD,Associate Professor — Vice Chair for Research; Director of the Mitchell Center; Brigadier General and Mrs. Donald B. Wagner Professorship,Neuroscience research (PhD research faculty),,,,False,,,,,VERIFIED,HIGH,https://www.utmb.edu/neuro/education/residency-program/our-team,"Complete named departmental roster: 35 individuals published across five ranks on the residency Our Team page (10 professors, 7 associate professors, 16 assistant professors, 1 clinical professor, 1 professor emeritus), all read. Approximately 11 of the 35 are PhD-only research faculty. The registry's 'Program Faculty Count = 19' and 'Physicians 19; non-physicians 7' are CONFIRMED as consistent wi",,NO
1804811109,RISE-NEURO-0253,University of Texas Medical Branch Hospitals Program,TX,Elena Shanina,"MD, PhD, FANA","Associate Professor — John R. Calverley, MD Professorship in Neurology; Chief, Neuromuscular Division; Director, Neurology Clerkship",Neuromuscular medicine,,,,False,,,,,VERIFIED,HIGH,https://www.utmb.edu/neuro/education/residency-program/our-team,"Complete named departmental roster: 35 individuals published across five ranks on the residency Our Team page (10 professors, 7 associate professors, 16 assistant professors, 1 clinical professor, 1 professor emeritus), all read. Approximately 11 of the 35 are PhD-only research faculty. The registry's 'Program Faculty Count = 19' and 'Physicians 19; non-physicians 7' are CONFIRMED as consistent wi",,NO
1804811109,RISE-NEURO-0253,University of Texas Medical Branch Hospitals Program,TX,Dhanya Vijayakumar,"MD, PhD, FANA","Associate Professor — Director of the Movement Disorders Fellowship Program (a fellowship that is IN DEVELOPMENT, not operating); joined UTMB June 2024 after seven years at Prisma Health Upstate, Sout","Movement disorders — Parkinson's disease, essential tremor, dystonia, tardive dyskinesia, restless legs syndrome; performs botulinum toxin injections and DBS programming; Dystonia Medical Research Foundation grant 2016-2017",,"Virginia Commonwealth University, 2015","Movement disorders, Baylor College of Medicine, 2017",False,,,,,VERIFIED,HIGH,https://www.utmb.edu/neuro/education/residency-program/our-team,"Complete named departmental roster: 35 individuals published across five ranks on the residency Our Team page (10 professors, 7 associate professors, 16 assistant professors, 1 clinical professor, 1 professor emeritus), all read. Approximately 11 of the 35 are PhD-only research faculty. The registry's 'Program Faculty Count = 19' and 'Physicians 19; non-physicians 7' are CONFIRMED as consistent wi",,NO
1804811109,RISE-NEURO-0253,University of Texas Medical Branch Hospitals Program,TX,Laura Wu,"MD, PhD","Associate Professor — Chief, Movement Disorders Division; Associate Director of the Neurology Clerkship","Movement disorders — deep brain stimulation, botulinum toxin injection and headache; research interests movement disorders and neurodegenerative disorders, with publications on Parkinson's disease medication administration, dystonia, and genetic analysis of familial parkinsonism; member of the Movem",,Stony Brook,"Movement disorders, Baylor College of Medicine",False,,,,,VERIFIED,HIGH,https://www.utmb.edu/neuro/education/residency-program/our-team,"Complete named departmental roster: 35 individuals published across five ranks on the residency Our Team page (10 professors, 7 associate professors, 16 assistant professors, 1 clinical professor, 1 professor emeritus), all read. Approximately 11 of the 35 are PhD-only research faculty. The registry's 'Program Faculty Count = 19' and 'Physicians 19; non-physicians 7' are CONFIRMED as consistent wi",,NO
1804811109,RISE-NEURO-0253,University of Texas Medical Branch Hospitals Program,TX,Julia Aigbogun,,Assistant Professor,,,,,,,,,,VERIFIED,HIGH,https://www.utmb.edu/neuro/education/residency-program/our-team,"Complete named departmental roster: 35 individuals published across five ranks on the residency Our Team page (10 professors, 7 associate professors, 16 assistant professors, 1 clinical professor, 1 professor emeritus), all read. Approximately 11 of the 35 are PhD-only research faculty. The registry's 'Program Faculty Count = 19' and 'Physicians 19; non-physicians 7' are CONFIRMED as consistent wi",,NO
1804811109,RISE-NEURO-0253,University of Texas Medical Branch Hospitals Program,TX,Arun Chhabra,,"Assistant Professor — Associate Director, UTMB Stroke Program at Clear Lake Campus; Chief of Neurology, UTMB Clear Lake & League City Campus",Vascular neurology / stroke,,,,,,,,,VERIFIED,HIGH,https://www.utmb.edu/neuro/education/residency-program/our-team,"Complete named departmental roster: 35 individuals published across five ranks on the residency Our Team page (10 professors, 7 associate professors, 16 assistant professors, 1 clinical professor, 1 professor emeritus), all read. Approximately 11 of the 35 are PhD-only research faculty. The registry's 'Program Faculty Count = 19' and 'Physicians 19; non-physicians 7' are CONFIRMED as consistent wi",,NO
1804811109,RISE-NEURO-0253,University of Texas Medical Branch Hospitals Program,TX,Elvis Cuevas,PhD,Assistant Professor,Research faculty (PhD),,,,,,,,,VERIFIED,HIGH,https://www.utmb.edu/neuro/education/residency-program/our-team,"Complete named departmental roster: 35 individuals published across five ranks on the residency Our Team page (10 professors, 7 associate professors, 16 assistant professors, 1 clinical professor, 1 professor emeritus), all read. Approximately 11 of the 35 are PhD-only research faculty. The registry's 'Program Faculty Count = 19' and 'Physicians 19; non-physicians 7' are CONFIRMED as consistent wi",,NO
1804811109,RISE-NEURO-0253,University of Texas Medical Branch Hospitals Program,TX,Ali Fadhil,"MD, RPNI",Assistant Professor — Vascular Neurology Fellowship Program Director (aafadhil@UTMB.edu),Vascular neurology,,,,,,,,,VERIFIED,HIGH,https://www.utmb.edu/neuro/education/residency-program/our-team,"Complete named departmental roster: 35 individuals published across five ranks on the residency Our Team page (10 professors, 7 associate professors, 16 assistant professors, 1 clinical professor, 1 professor emeritus), all read. Approximately 11 of the 35 are PhD-only research faculty. The registry's 'Program Faculty Count = 19' and 'Physicians 19; non-physicians 7' are CONFIRMED as consistent wi",,NO
1804811109,RISE-NEURO-0253,University of Texas Medical Branch Hospitals Program,TX,Anna Fracassi,PhD,Assistant Professor,Research faculty (PhD),,,,,,,,,VERIFIED,HIGH,https://www.utmb.edu/neuro/education/residency-program/our-team,"Complete named departmental roster: 35 individuals published across five ranks on the residency Our Team page (10 professors, 7 associate professors, 16 assistant professors, 1 clinical professor, 1 professor emeritus), all read. Approximately 11 of the 35 are PhD-only research faculty. The registry's 'Program Faculty Count = 19' and 'Physicians 19; non-physicians 7' are CONFIRMED as consistent wi",,NO
1804811109,RISE-NEURO-0253,University of Texas Medical Branch Hospitals Program,TX,Komal Hafeez,,Assistant Professor,,,,,,,,,,VERIFIED,HIGH,https://www.utmb.edu/neuro/education/residency-program/our-team,"Complete named departmental roster: 35 individuals published across five ranks on the residency Our Team page (10 professors, 7 associate professors, 16 assistant professors, 1 clinical professor, 1 professor emeritus), all read. Approximately 11 of the 35 are PhD-only research faculty. The registry's 'Program Faculty Count = 19' and 'Physicians 19; non-physicians 7' are CONFIRMED as consistent wi",,NO
1804811109,RISE-NEURO-0253,University of Texas Medical Branch Hospitals Program,TX,Muhammad Ubaid Hafeez,,Assistant Professor,,,,,,,,,,VERIFIED,HIGH,https://www.utmb.edu/neuro/education/residency-program/our-team,"Complete named departmental roster: 35 individuals published across five ranks on the residency Our Team page (10 professors, 7 associate professors, 16 assistant professors, 1 clinical professor, 1 professor emeritus), all read. Approximately 11 of the 35 are PhD-only research faculty. The registry's 'Program Faculty Count = 19' and 'Physicians 19; non-physicians 7' are CONFIRMED as consistent wi",,NO
1804811109,RISE-NEURO-0253,University of Texas Medical Branch Hospitals Program,TX,Abdul Khan,,Assistant Professor,,,,,,,,,,VERIFIED,HIGH,https://www.utmb.edu/neuro/education/residency-program/our-team,"Complete named departmental roster: 35 individuals published across five ranks on the residency Our Team page (10 professors, 7 associate professors, 16 assistant professors, 1 clinical professor, 1 professor emeritus), all read. Approximately 11 of the 35 are PhD-only research faculty. The registry's 'Program Faculty Count = 19' and 'Physicians 19; non-physicians 7' are CONFIRMED as consistent wi",,NO
1804811109,RISE-NEURO-0253,University of Texas Medical Branch Hospitals Program,TX,Howard LaRoche,,Assistant Professor,,,,,,,,,,VERIFIED,HIGH,https://www.utmb.edu/neuro/education/residency-program/our-team,"Complete named departmental roster: 35 individuals published across five ranks on the residency Our Team page (10 professors, 7 associate professors, 16 assistant professors, 1 clinical professor, 1 professor emeritus), all read. Approximately 11 of the 35 are PhD-only research faculty. The registry's 'Program Faculty Count = 19' and 'Physicians 19; non-physicians 7' are CONFIRMED as consistent wi",,NO
1804811109,RISE-NEURO-0253,University of Texas Medical Branch Hospitals Program,TX,Claudia Marino,PhD,Assistant Professor,Research faculty (PhD),,,,,,,,,VERIFIED,HIGH,https://www.utmb.edu/neuro/education/residency-program/our-team,"Complete named departmental roster: 35 individuals published across five ranks on the residency Our Team page (10 professors, 7 associate professors, 16 assistant professors, 1 clinical professor, 1 professor emeritus), all read. Approximately 11 of the 35 are PhD-only research faculty. The registry's 'Program Faculty Count = 19' and 'Physicians 19; non-physicians 7' are CONFIRMED as consistent wi",,NO
1804811109,RISE-NEURO-0253,University of Texas Medical Branch Hospitals Program,TX,Mauro Montalbano,PhD,Assistant Professor,Research faculty (PhD),,,,,,,,,VERIFIED,HIGH,https://www.utmb.edu/neuro/education/residency-program/our-team,"Complete named departmental roster: 35 individuals published across five ranks on the residency Our Team page (10 professors, 7 associate professors, 16 assistant professors, 1 clinical professor, 1 professor emeritus), all read. Approximately 11 of the 35 are PhD-only research faculty. The registry's 'Program Faculty Count = 19' and 'Physicians 19; non-physicians 7' are CONFIRMED as consistent wi",,NO
1804811109,RISE-NEURO-0253,University of Texas Medical Branch Hospitals Program,TX,Michlene Passeri,MD,"Assistant Professor — CHIEF, NEUROIMMUNOLOGY DIVISION (since joining the UTMB faculty in September 2024)",MS and neuroimmunology. Board certified by the American Board of Psychiatry and Neurology,,"Barrow Neurological Institute, Phoenix, completed 2021 (chief resident in her fourth year)","Multiple Sclerosis and Neuroimmunology, University of Colorado, completed 2022",False,,,,,VERIFIED,HIGH,https://www.utmb.edu/neuro/education/residency-program/our-team,"Complete named departmental roster: 35 individuals published across five ranks on the residency Our Team page (10 professors, 7 associate professors, 16 assistant professors, 1 clinical professor, 1 professor emeritus), all read. Approximately 11 of the 35 are PhD-only research faculty. The registry's 'Program Faculty Count = 19' and 'Physicians 19; non-physicians 7' are CONFIRMED as consistent wi",,NO
1804811109,RISE-NEURO-0253,University of Texas Medical Branch Hospitals Program,TX,Nancy Perachio,PhD,Assistant Professor,Research faculty (PhD),,,,,,,,,VERIFIED,HIGH,https://www.utmb.edu/neuro/education/residency-program/our-team,"Complete named departmental roster: 35 individuals published across five ranks on the residency Our Team page (10 professors, 7 associate professors, 16 assistant professors, 1 clinical professor, 1 professor emeritus), all read. Approximately 11 of the 35 are PhD-only research faculty. The registry's 'Program Faculty Count = 19' and 'Physicians 19; non-physicians 7' are CONFIRMED as consistent wi",,NO
1804811109,RISE-NEURO-0253,University of Texas Medical Branch Hospitals Program,TX,Jorge Rodriguez-Fernandez,,Assistant Professor — Associate Chief Medical Information Officer,,,,,,,,,,VERIFIED,HIGH,https://www.utmb.edu/neuro/education/residency-program/our-team,"Complete named departmental roster: 35 individuals published across five ranks on the residency Our Team page (10 professors, 7 associate professors, 16 assistant professors, 1 clinical professor, 1 professor emeritus), all read. Approximately 11 of the 35 are PhD-only research faculty. The registry's 'Program Faculty Count = 19' and 'Physicians 19; non-physicians 7' are CONFIRMED as consistent wi",,NO
1804811109,RISE-NEURO-0253,University of Texas Medical Branch Hospitals Program,TX,Ruiqing 'Linda' Sun,"MD, PhD",Assistant Professor — A 2020 graduate of this residency who returned as UTMB faculty,Went to UT Health McGovern in Houston for fellowship after graduating from this residency,,,,True,,,,,VERIFIED,HIGH,https://www.utmb.edu/neuro/education/residency-program/our-team,"Complete named departmental roster: 35 individuals published across five ranks on the residency Our Team page (10 professors, 7 associate professors, 16 assistant professors, 1 clinical professor, 1 professor emeritus), all read. Approximately 11 of the 35 are PhD-only research faculty. The registry's 'Program Faculty Count = 19' and 'Physicians 19; non-physicians 7' are CONFIRMED as consistent wi",,NO
1804811109,RISE-NEURO-0253,University of Texas Medical Branch Hospitals Program,TX,Vijaya Valaparla,MD,Assistant Professor — A 2024 graduate of this residency who returned as UTMB faculty,Completed her fellowship at UTMB,,,,True,,,,,VERIFIED,HIGH,https://www.utmb.edu/neuro/education/residency-program/our-team,"Complete named departmental roster: 35 individuals published across five ranks on the residency Our Team page (10 professors, 7 associate professors, 16 assistant professors, 1 clinical professor, 1 professor emeritus), all read. Approximately 11 of the 35 are PhD-only research faculty. The registry's 'Program Faculty Count = 19' and 'Physicians 19; non-physicians 7' are CONFIRMED as consistent wi",,NO
1804811109,RISE-NEURO-0253,University of Texas Medical Branch Hospitals Program,TX,Brent Masel,MD,Clinical Professor,,,,,,,,,,VERIFIED,HIGH,https://www.utmb.edu/neuro/education/residency-program/our-team,"Complete named departmental roster: 35 individuals published across five ranks on the residency Our Team page (10 professors, 7 associate professors, 16 assistant professors, 1 clinical professor, 1 professor emeritus), all read. Approximately 11 of the 35 are PhD-only research faculty. The registry's 'Program Faculty Count = 19' and 'Physicians 19; non-physicians 7' are CONFIRMED as consistent wi",,NO
1804811109,RISE-NEURO-0253,University of Texas Medical Branch Hospitals Program,TX,Robert McKendall,MD,Professor Emeritus,,,,,,,,,,VERIFIED,HIGH,https://www.utmb.edu/neuro/education/residency-program/our-team,"Complete named departmental roster: 35 individuals published across five ranks on the residency Our Team page (10 professors, 7 associate professors, 16 assistant professors, 1 clinical professor, 1 professor emeritus), all read. Approximately 11 of the 35 are PhD-only research faculty. The registry's 'Program Faculty Count = 19' and 'Physicians 19; non-physicians 7' are CONFIRMED as consistent wi",,NO
1804812156,RISE-NEURO-0248,University of Texas at Austin Dell Medical School/Dell Seton Medical Center Program,TX,David Paydarfar,M.D.,"Chair, Professor, Interim Executive Vice Dean of Research; directs the Paydarfar Lab",Neurovascular 'digital twin' modelling and brain-computer interfaces,,,,,,,,,PARTIALLY_VERIFIED,HIGH,https://dellmed.utexas.edu/units/department-of-neurology/team,"TWO DIFFERENT AND BOTH-CORRECT FACULTY NUMBERS, at different denominators, and they are reported separately rather than collapsed. PROGRAM-LEVEL: FREIDA node--survey_2025 for 1804812156 reports field_total_physician = 34 physician faculty with zero non-physician faculty, field_ratio_ft_faculty = 1.40 full-time faculty per resident, and field_pct_ft_female = 29.40% — on 24 residents a 1.40:1 ratio ","Research complete · Dell Med publishes NO complete named core-faculty roster for this residency, so the faculty below are the ones that could be verified individually by name rather than an enumeration of all 34. The residency Team page renders its Leadership block server-side but leaves its 'Faculty' section to a JavaScript-driven directory widget, and the departmental Team page likewise ends at a 'Faculty & Staff' stub. The directory-API technique was attempted and failed: the page's base64 data-search payload decodes to {""g"":""directory"",""f"":[{""id"":""1911"",""value"":[""24750""]}]} and the Craft CMS endpoint /reliquary was located in the site's JS bundle, but requests to it 301-redirect to an internal Azure origin (asera-mdsc-dms-prd-craft.azurewebsites.net) that does not serve the directory results publicly. This is an unpublished roster, not an unsearched one.",NO
1804812156,RISE-NEURO-0248,University of Texas at Austin Dell Medical School/Dell Seton Medical Center Program,TX,E. Steve Roach,M.D.,Professor; Associate Chair for Clinical Integration & Operations; Associate Dean for Faculty Academic Affairs,,,,,,,,,,PARTIALLY_VERIFIED,HIGH,https://dellmed.utexas.edu/units/department-of-neurology/team,"TWO DIFFERENT AND BOTH-CORRECT FACULTY NUMBERS, at different denominators, and they are reported separately rather than collapsed. PROGRAM-LEVEL: FREIDA node--survey_2025 for 1804812156 reports field_total_physician = 34 physician faculty with zero non-physician faculty, field_ratio_ft_faculty = 1.40 full-time faculty per resident, and field_pct_ft_female = 29.40% — on 24 residents a 1.40:1 ratio ","Research complete · Dell Med publishes NO complete named core-faculty roster for this residency, so the faculty below are the ones that could be verified individually by name rather than an enumeration of all 34. The residency Team page renders its Leadership block server-side but leaves its 'Faculty' section to a JavaScript-driven directory widget, and the departmental Team page likewise ends at a 'Faculty & Staff' stub. The directory-API technique was attempted and failed: the page's base64 data-search payload decodes to {""g"":""directory"",""f"":[{""id"":""1911"",""value"":[""24750""]}]} and the Craft CMS endpoint /reliquary was located in the site's JS bundle, but requests to it 301-redirect to an internal Azure origin (asera-mdsc-dms-prd-craft.azurewebsites.net) that does not serve the directory results publicly. This is an unpublished roster, not an unsearched one.",NO
1804812156,RISE-NEURO-0248,University of Texas at Austin Dell Medical School/Dell Seton Medical Center Program,TX,Kent Ellington,M.D.,Clinical Associate Professor; Program Director; neuro-hospitalist at Dell Seton,Board-certified in neurology and vascular neurology,,,,,,,,,PARTIALLY_VERIFIED,HIGH,https://dellmed.utexas.edu/directory/kent-ellington,"TWO DIFFERENT AND BOTH-CORRECT FACULTY NUMBERS, at different denominators, and they are reported separately rather than collapsed. PROGRAM-LEVEL: FREIDA node--survey_2025 for 1804812156 reports field_total_physician = 34 physician faculty with zero non-physician faculty, field_ratio_ft_faculty = 1.40 full-time faculty per resident, and field_pct_ft_female = 29.40% — on 24 residents a 1.40:1 ratio ","Research complete · Dell Med publishes NO complete named core-faculty roster for this residency, so the faculty below are the ones that could be verified individually by name rather than an enumeration of all 34. The residency Team page renders its Leadership block server-side but leaves its 'Faculty' section to a JavaScript-driven directory widget, and the departmental Team page likewise ends at a 'Faculty & Staff' stub. The directory-API technique was attempted and failed: the page's base64 data-search payload decodes to {""g"":""directory"",""f"":[{""id"":""1911"",""value"":[""24750""]}]} and the Craft CMS endpoint /reliquary was located in the site's JS bundle, but requests to it 301-redirect to an internal Azure origin (asera-mdsc-dms-prd-craft.azurewebsites.net) that does not serve the directory results publicly. This is an unpublished roster, not an unsearched one.",NO
1804812156,RISE-NEURO-0248,University of Texas at Austin Dell Medical School/Dell Seton Medical Center Program,TX,Navid Valizadeh,"MB BCh BAO, MRCPI",Assistant Professor; Associate Program Director; joint appointment in Neurosurgery,,,,,,,,,,PARTIALLY_VERIFIED,HIGH,https://dellmed.utexas.edu/education/academics/graduate-medical-education/neurology-residency/team,"TWO DIFFERENT AND BOTH-CORRECT FACULTY NUMBERS, at different denominators, and they are reported separately rather than collapsed. PROGRAM-LEVEL: FREIDA node--survey_2025 for 1804812156 reports field_total_physician = 34 physician faculty with zero non-physician faculty, field_ratio_ft_faculty = 1.40 full-time faculty per resident, and field_pct_ft_female = 29.40% — on 24 residents a 1.40:1 ratio ","Research complete · Dell Med publishes NO complete named core-faculty roster for this residency, so the faculty below are the ones that could be verified individually by name rather than an enumeration of all 34. The residency Team page renders its Leadership block server-side but leaves its 'Faculty' section to a JavaScript-driven directory widget, and the departmental Team page likewise ends at a 'Faculty & Staff' stub. The directory-API technique was attempted and failed: the page's base64 data-search payload decodes to {""g"":""directory"",""f"":[{""id"":""1911"",""value"":[""24750""]}]} and the Craft CMS endpoint /reliquary was located in the site's JS bundle, but requests to it 301-redirect to an internal Azure origin (asera-mdsc-dms-prd-craft.azurewebsites.net) that does not serve the directory results publicly. This is an unpublished roster, not an unsearched one.",NO
1804812156,RISE-NEURO-0248,University of Texas at Austin Dell Medical School/Dell Seton Medical Center Program,TX,Esther Melamed,"M.D., Ph.D.",Assistant Professor; board-certified neurologist in the Multiple Sclerosis and Neuroimmunology Center; Research Director of UT Medicine's Post-COVID-19 Program; principal investigator of the Melamed L,"MS and neuroimmunology. The Melamed Lab investigates genetic, environmental and sex differences in MS toward patient-specific treatment, and how alcohol and other dietary factors modulate the gut microbiome and CNS inflammation and regeneration in MS",,"Stanford (neurology residency, where she was Chief Resident of Education)","Neuroimmunology, Stanford",False,,,,,PARTIALLY_VERIFIED,HIGH,https://dellmed.utexas.edu/directory/esther-melamed,"TWO DIFFERENT AND BOTH-CORRECT FACULTY NUMBERS, at different denominators, and they are reported separately rather than collapsed. PROGRAM-LEVEL: FREIDA node--survey_2025 for 1804812156 reports field_total_physician = 34 physician faculty with zero non-physician faculty, field_ratio_ft_faculty = 1.40 full-time faculty per resident, and field_pct_ft_female = 29.40% — on 24 residents a 1.40:1 ratio ","Research complete · Dell Med publishes NO complete named core-faculty roster for this residency, so the faculty below are the ones that could be verified individually by name rather than an enumeration of all 34. The residency Team page renders its Leadership block server-side but leaves its 'Faculty' section to a JavaScript-driven directory widget, and the departmental Team page likewise ends at a 'Faculty & Staff' stub. The directory-API technique was attempted and failed: the page's base64 data-search payload decodes to {""g"":""directory"",""f"":[{""id"":""1911"",""value"":[""24750""]}]} and the Craft CMS endpoint /reliquary was located in the site's JS bundle, but requests to it 301-redirect to an internal Azure origin (asera-mdsc-dms-prd-craft.azurewebsites.net) that does not serve the directory results publicly. This is an unpublished roster, not an unsearched one.",NO
1804812156,RISE-NEURO-0248,University of Texas at Austin Dell Medical School/Dell Seton Medical Center Program,TX,Ethan Meltzer,M.D.,Assistant Professor; board-certified neurologist in the Multiple Sclerosis and Neuroimmunology Center; leads the department's global health collaboration through AMPATH Kenya. IMPORTANT: he is the Pro,"MS, neuromyelitis optica, transverse myelitis and autoimmune encephalitis; research uses the visual system to characterise neuroimmunologic disease; author of an internationally published book on teaching the clinical method in neurology",,Neurology residency through Harvard Medical School at Massachusetts General and Brigham and Women's,MS/neuroimmunology fellowship completed at Dell Medical School itself,False,,,,,PARTIALLY_VERIFIED,HIGH,https://dellmed.utexas.edu/directory/ethan-meltzer,"TWO DIFFERENT AND BOTH-CORRECT FACULTY NUMBERS, at different denominators, and they are reported separately rather than collapsed. PROGRAM-LEVEL: FREIDA node--survey_2025 for 1804812156 reports field_total_physician = 34 physician faculty with zero non-physician faculty, field_ratio_ft_faculty = 1.40 full-time faculty per resident, and field_pct_ft_female = 29.40% — on 24 residents a 1.40:1 ratio ","Research complete · Dell Med publishes NO complete named core-faculty roster for this residency, so the faculty below are the ones that could be verified individually by name rather than an enumeration of all 34. The residency Team page renders its Leadership block server-side but leaves its 'Faculty' section to a JavaScript-driven directory widget, and the departmental Team page likewise ends at a 'Faculty & Staff' stub. The directory-API technique was attempted and failed: the page's base64 data-search payload decodes to {""g"":""directory"",""f"":[{""id"":""1911"",""value"":[""24750""]}]} and the Craft CMS endpoint /reliquary was located in the site's JS bundle, but requests to it 301-redirect to an internal Azure origin (asera-mdsc-dms-prd-craft.azurewebsites.net) that does not serve the directory results publicly. This is an unpublished roster, not an unsearched one.",NO
1804812156,RISE-NEURO-0248,University of Texas at Austin Dell Medical School/Dell Seton Medical Center Program,TX,John Jefferson,M.D.,"Assistant Professor, Department of Neurology. His APD role is site-scoped to Ascension Seton Medical Center Austin, the sister program — he is listed here as departmental faculty, not as this program'",,,,,,,,,,PARTIALLY_VERIFIED,HIGH,https://dellmed.utexas.edu/education/academics/graduate-medical-education/neurology-residency/team,"TWO DIFFERENT AND BOTH-CORRECT FACULTY NUMBERS, at different denominators, and they are reported separately rather than collapsed. PROGRAM-LEVEL: FREIDA node--survey_2025 for 1804812156 reports field_total_physician = 34 physician faculty with zero non-physician faculty, field_ratio_ft_faculty = 1.40 full-time faculty per resident, and field_pct_ft_female = 29.40% — on 24 residents a 1.40:1 ratio ","Research complete · Dell Med publishes NO complete named core-faculty roster for this residency, so the faculty below are the ones that could be verified individually by name rather than an enumeration of all 34. The residency Team page renders its Leadership block server-side but leaves its 'Faculty' section to a JavaScript-driven directory widget, and the departmental Team page likewise ends at a 'Faculty & Staff' stub. The directory-API technique was attempted and failed: the page's base64 data-search payload decodes to {""g"":""directory"",""f"":[{""id"":""1911"",""value"":[""24750""]}]} and the Craft CMS endpoint /reliquary was located in the site's JS bundle, but requests to it 301-redirect to an internal Azure origin (asera-mdsc-dms-prd-craft.azurewebsites.net) that does not serve the directory results publicly. This is an unpublished roster, not an unsearched one.",NO
1804812160,RISE-NEURO-0065,Houston Methodist Hospital (Medical Center) Program,TX,"Stanley H. Appel, MD",MD,Teaching faculty; Peggy and Gary Edwards Distinguished Chair in ALS Research,Neuromuscular / ALS,,Mount Sinai,,False,,,,,VERIFIED,HIGH,https://www.houstonmethodist.org/api/faculty/directory/,"37 named teaching faculty read from the program's own public 'Our Teaching Faculty' directory service and all 37 are enumerated here - 30 clinicians across 8 clinical sections plus 7 PhD/research scientists, including at least 9 named endowed chairs. Faculty:resident ratio approximately 37:28 = 1.3:1. Training origins are published for only a minority of faculty, so 'where they trained' is recorde",,NO
1804812160,RISE-NEURO-0065,Houston Methodist Hospital (Medical Center) Program,TX,"Ericka P. Greene, MD",MD,Teaching faculty; Sumner Family Distinguished Chair in Neuromuscular Research,Neuromuscular,,Baylor College of Medicine,,False,,,,,VERIFIED,HIGH,https://www.houstonmethodist.org/api/faculty/directory/,"37 named teaching faculty read from the program's own public 'Our Teaching Faculty' directory service and all 37 are enumerated here - 30 clinicians across 8 clinical sections plus 7 PhD/research scientists, including at least 9 named endowed chairs. Faculty:resident ratio approximately 37:28 = 1.3:1. Training origins are published for only a minority of faculty, so 'where they trained' is recorde",,NO
1804812160,RISE-NEURO-0065,Houston Methodist Hospital (Medical Center) Program,TX,"Jun Li, MD, PhD","MD, PhD",Department Chair; teaching faculty,Neuromuscular,,,,,,,,,VERIFIED,HIGH,https://www.houstonmethodist.org/api/faculty/directory/,"37 named teaching faculty read from the program's own public 'Our Teaching Faculty' directory service and all 37 are enumerated here - 30 clinicians across 8 clinical sections plus 7 PhD/research scientists, including at least 9 named endowed chairs. Faculty:resident ratio approximately 37:28 = 1.3:1. Training origins are published for only a minority of faculty, so 'where they trained' is recorde",,NO
1804812160,RISE-NEURO-0065,Houston Methodist Hospital (Medical Center) Program,TX,"Sheetal Shroff, MBBS",MBBS,"Teaching faculty; Program Director, Neuromuscular Medicine Fellowship",Neuromuscular,,,,,,,,,VERIFIED,HIGH,https://www.houstonmethodist.org/academic-institute/gme/neuromuscular-fellowship/,"37 named teaching faculty read from the program's own public 'Our Teaching Faculty' directory service and all 37 are enumerated here - 30 clinicians across 8 clinical sections plus 7 PhD/research scientists, including at least 9 named endowed chairs. Faculty:resident ratio approximately 37:28 = 1.3:1. Training origins are published for only a minority of faculty, so 'where they trained' is recorde",,NO
1804812160,RISE-NEURO-0065,Houston Methodist Hospital (Medical Center) Program,TX,"Ashley E.L. Anderson, MD",MD,Teaching faculty,Neuromuscular,,,,,,,,,VERIFIED,HIGH,https://www.houstonmethodist.org/api/faculty/directory/,"37 named teaching faculty read from the program's own public 'Our Teaching Faculty' directory service and all 37 are enumerated here - 30 clinicians across 8 clinical sections plus 7 PhD/research scientists, including at least 9 named endowed chairs. Faculty:resident ratio approximately 37:28 = 1.3:1. Training origins are published for only a minority of faculty, so 'where they trained' is recorde",,NO
1804812160,RISE-NEURO-0065,Houston Methodist Hospital (Medical Center) Program,TX,"Glenn R. Smith, MD",MD,Teaching faculty,Neuromuscular,,Baylor College of Medicine,,False,,,,,VERIFIED,HIGH,https://www.houstonmethodist.org/api/faculty/directory/,"37 named teaching faculty read from the program's own public 'Our Teaching Faculty' directory service and all 37 are enumerated here - 30 clinicians across 8 clinical sections plus 7 PhD/research scientists, including at least 9 named endowed chairs. Faculty:resident ratio approximately 37:28 = 1.3:1. Training origins are published for only a minority of faculty, so 'where they trained' is recorde",,NO
1804812160,RISE-NEURO-0065,Houston Methodist Hospital (Medical Center) Program,TX,"Bing Liao, MD, MSc","MD, MSc",Program Director; teaching faculty,Neuromuscular,,,,,,,,,VERIFIED,HIGH,https://scholars.houstonmethodist.org/en/persons/bing-liao,"37 named teaching faculty read from the program's own public 'Our Teaching Faculty' directory service and all 37 are enumerated here - 30 clinicians across 8 clinical sections plus 7 PhD/research scientists, including at least 9 named endowed chairs. Faculty:resident ratio approximately 37:28 = 1.3:1. Training origins are published for only a minority of faculty, so 'where they trained' is recorde",,NO
1804812160,RISE-NEURO-0065,Houston Methodist Hospital (Medical Center) Program,TX,"Joseph C. Masdeu, MD",MD,"Teaching faculty; Graham Family Distinguished Chair; Program Director, Memory and Cognitive Disorders",Cognitive / Memory,,,,,,,,,VERIFIED,HIGH,https://www.houstonmethodist.org/api/faculty/directory/,"37 named teaching faculty read from the program's own public 'Our Teaching Faculty' directory service and all 37 are enumerated here - 30 clinicians across 8 clinical sections plus 7 PhD/research scientists, including at least 9 named endowed chairs. Faculty:resident ratio approximately 37:28 = 1.3:1. Training origins are published for only a minority of faculty, so 'where they trained' is recorde",,NO
1804812160,RISE-NEURO-0065,Houston Methodist Hospital (Medical Center) Program,TX,"Gustavo C. Roman, MD",MD,Teaching faculty; Jack S. Blanton Presidential Distinguished Chair,Cognitive / Memory,,University of Vermont,,False,,,,,VERIFIED,HIGH,https://www.houstonmethodist.org/api/faculty/directory/,"37 named teaching faculty read from the program's own public 'Our Teaching Faculty' directory service and all 37 are enumerated here - 30 clinicians across 8 clinical sections plus 7 PhD/research scientists, including at least 9 named endowed chairs. Faculty:resident ratio approximately 37:28 = 1.3:1. Training origins are published for only a minority of faculty, so 'where they trained' is recorde",,NO
1804812160,RISE-NEURO-0065,Houston Methodist Hospital (Medical Center) Program,TX,"Juan 'Jon' Toledo Atucha, MD",MD,Teaching faculty; Ann and Billy Harrison Centennial Chair in Alzheimer's Research,Cognitive / Memory,,,,,,,,,VERIFIED,HIGH,https://www.houstonmethodist.org/api/faculty/directory/,"37 named teaching faculty read from the program's own public 'Our Teaching Faculty' directory service and all 37 are enumerated here - 30 clinicians across 8 clinical sections plus 7 PhD/research scientists, including at least 9 named endowed chairs. Faculty:resident ratio approximately 37:28 = 1.3:1. Training origins are published for only a minority of faculty, so 'where they trained' is recorde",,NO
1804812160,RISE-NEURO-0065,Houston Methodist Hospital (Medical Center) Program,TX,"M. Obadah Nakawah, MD",MD,"Teaching faculty; Program Director, Neuroimaging Fellowship",Cognitive / Memory; neuroimaging of neurodegenerative disease,,,,,,,,,VERIFIED,HIGH,https://www.houstonmethodist.org/academic-institute/gme/neuroimaging-fellowship/,"37 named teaching faculty read from the program's own public 'Our Teaching Faculty' directory service and all 37 are enumerated here - 30 clinicians across 8 clinical sections plus 7 PhD/research scientists, including at least 9 named endowed chairs. Faculty:resident ratio approximately 37:28 = 1.3:1. Training origins are published for only a minority of faculty, so 'where they trained' is recorde",,NO
1804812160,RISE-NEURO-0065,Houston Methodist Hospital (Medical Center) Program,TX,"Amit Verma, MD",MD,"Teaching faculty; Program Director, Epilepsy Neurology and Program Director, Clinical Neurophysiology Fellowship",Epilepsy,,Baylor College of Medicine,,False,,,,,VERIFIED,HIGH,https://www.houstonmethodist.org/academic-institute/gme/neurophysiology-fellowship/,"37 named teaching faculty read from the program's own public 'Our Teaching Faculty' directory service and all 37 are enumerated here - 30 clinicians across 8 clinical sections plus 7 PhD/research scientists, including at least 9 named endowed chairs. Faculty:resident ratio approximately 37:28 = 1.3:1. Training origins are published for only a minority of faculty, so 'where they trained' is recorde",,NO
1804812160,RISE-NEURO-0065,Houston Methodist Hospital (Medical Center) Program,TX,"Brandy Ma, MD",MD,Teaching faculty (also carries a program-director title),Epilepsy,,,,,,,,,VERIFIED,HIGH,https://www.houstonmethodist.org/api/faculty/directory/,"37 named teaching faculty read from the program's own public 'Our Teaching Faculty' directory service and all 37 are enumerated here - 30 clinicians across 8 clinical sections plus 7 PhD/research scientists, including at least 9 named endowed chairs. Faculty:resident ratio approximately 37:28 = 1.3:1. Training origins are published for only a minority of faculty, so 'where they trained' is recorde",,NO
1804812160,RISE-NEURO-0065,Houston Methodist Hospital (Medical Center) Program,TX,"Rohit S. Kuruvilla, MD",MD,Teaching faculty,Epilepsy,,,,,,,,,VERIFIED,HIGH,https://www.houstonmethodist.org/api/faculty/directory/,"37 named teaching faculty read from the program's own public 'Our Teaching Faculty' directory service and all 37 are enumerated here - 30 clinicians across 8 clinical sections plus 7 PhD/research scientists, including at least 9 named endowed chairs. Faculty:resident ratio approximately 37:28 = 1.3:1. Training origins are published for only a minority of faculty, so 'where they trained' is recorde",,NO
1804812160,RISE-NEURO-0065,Houston Methodist Hospital (Medical Center) Program,TX,"William G. Ondo, MD",MD,"Teaching faculty; Program Director, Movement Disorders Fellowship","Movement Disorders (Parkinson's, essential tremor, botulinum toxin, RLS)",,,,,,,,,VERIFIED,HIGH,https://www.houstonmethodist.org/academic-institute/gme/movement-disorders-fellowship/,"37 named teaching faculty read from the program's own public 'Our Teaching Faculty' directory service and all 37 are enumerated here - 30 clinicians across 8 clinical sections plus 7 PhD/research scientists, including at least 9 named endowed chairs. Faculty:resident ratio approximately 37:28 = 1.3:1. Training origins are published for only a minority of faculty, so 'where they trained' is recorde",,NO
1804812160,RISE-NEURO-0065,Houston Methodist Hospital (Medical Center) Program,TX,"Eugene C. Lai, MD, PhD","MD, PhD",Teaching faculty; Robert W. Hervey Chair for Parkinson's Research and Treatment,Movement Disorders,,,,,,,,,VERIFIED,HIGH,https://www.houstonmethodist.org/api/faculty/directory/,"37 named teaching faculty read from the program's own public 'Our Teaching Faculty' directory service and all 37 are enumerated here - 30 clinicians across 8 clinical sections plus 7 PhD/research scientists, including at least 9 named endowed chairs. Faculty:resident ratio approximately 37:28 = 1.3:1. Training origins are published for only a minority of faculty, so 'where they trained' is recorde",,NO
1804812160,RISE-NEURO-0065,Houston Methodist Hospital (Medical Center) Program,TX,"Andrew Billnitzer, MD",MD,Teaching faculty,Movement Disorders,,,,,,,,,VERIFIED,HIGH,https://www.houstonmethodist.org/api/faculty/directory/,"37 named teaching faculty read from the program's own public 'Our Teaching Faculty' directory service and all 37 are enumerated here - 30 clinicians across 8 clinical sections plus 7 PhD/research scientists, including at least 9 named endowed chairs. Faculty:resident ratio approximately 37:28 = 1.3:1. Training origins are published for only a minority of faculty, so 'where they trained' is recorde",,NO
1804812160,RISE-NEURO-0065,Houston Methodist Hospital (Medical Center) Program,TX,"Olga Waln, MD",MD,Teaching faculty,Movement Disorders,,,,,,,,,VERIFIED,HIGH,https://www.houstonmethodist.org/api/faculty/directory/,"37 named teaching faculty read from the program's own public 'Our Teaching Faculty' directory service and all 37 are enumerated here - 30 clinicians across 8 clinical sections plus 7 PhD/research scientists, including at least 9 named endowed chairs. Faculty:resident ratio approximately 37:28 = 1.3:1. Training origins are published for only a minority of faculty, so 'where they trained' is recorde",,NO
1804812160,RISE-NEURO-0065,Houston Methodist Hospital (Medical Center) Program,TX,"Joseph F. Imbs, DO",DO,Teaching faculty,Movement Disorders,,,Movement Disorder fellowship (institution not named in the source),,,,,,VERIFIED,MEDIUM,https://www.houstonmethodist.org/api/faculty/directory/,"37 named teaching faculty read from the program's own public 'Our Teaching Faculty' directory service and all 37 are enumerated here - 30 clinicians across 8 clinical sections plus 7 PhD/research scientists, including at least 9 named endowed chairs. Faculty:resident ratio approximately 37:28 = 1.3:1. Training origins are published for only a minority of faculty, so 'where they trained' is recorde",,NO
1804812160,RISE-NEURO-0065,Houston Methodist Hospital (Medical Center) Program,TX,"David Chiu, MD",MD,"Teaching faculty; Elizabeth Blanton Wareing Chair, Eddy Scurlock Stroke Center",Stroke / Vascular Neurology,,,,,,,,,VERIFIED,HIGH,https://www.houstonmethodist.org/api/faculty/directory/,"37 named teaching faculty read from the program's own public 'Our Teaching Faculty' directory service and all 37 are enumerated here - 30 clinicians across 8 clinical sections plus 7 PhD/research scientists, including at least 9 named endowed chairs. Faculty:resident ratio approximately 37:28 = 1.3:1. Training origins are published for only a minority of faculty, so 'where they trained' is recorde",,NO
1804812160,RISE-NEURO-0065,Houston Methodist Hospital (Medical Center) Program,TX,"John J. Volpi, MD",MD,Teaching faculty,Stroke / Vascular Neurology,,Baylor College of Medicine (also MD at Baylor),,False,,,,,VERIFIED,HIGH,https://www.houstonmethodist.org/api/faculty/directory/,"37 named teaching faculty read from the program's own public 'Our Teaching Faculty' directory service and all 37 are enumerated here - 30 clinicians across 8 clinical sections plus 7 PhD/research scientists, including at least 9 named endowed chairs. Faculty:resident ratio approximately 37:28 = 1.3:1. Training origins are published for only a minority of faculty, so 'where they trained' is recorde",,NO
1804812160,RISE-NEURO-0065,Houston Methodist Hospital (Medical Center) Program,TX,"Rajan R. Gadhia, MD",MD,"Associate Program Director; teaching faculty; Program Director, Vascular Neurology Fellowship",Stroke / Vascular Neurology,,,,,,,,,VERIFIED,HIGH,https://www.houstonmethodist.org/academic-institute/gme/vascular-neurology-fellowship/,"37 named teaching faculty read from the program's own public 'Our Teaching Faculty' directory service and all 37 are enumerated here - 30 clinicians across 8 clinical sections plus 7 PhD/research scientists, including at least 9 named endowed chairs. Faculty:resident ratio approximately 37:28 = 1.3:1. Training origins are published for only a minority of faculty, so 'where they trained' is recorde",,NO
1804812160,RISE-NEURO-0065,Houston Methodist Hospital (Medical Center) Program,TX,"Vivek Misra, MD",MD,Teaching faculty,Stroke / Vascular Neurology,,,,,,,,,VERIFIED,HIGH,https://www.houstonmethodist.org/api/faculty/directory/,"37 named teaching faculty read from the program's own public 'Our Teaching Faculty' directory service and all 37 are enumerated here - 30 clinicians across 8 clinical sections plus 7 PhD/research scientists, including at least 9 named endowed chairs. Faculty:resident ratio approximately 37:28 = 1.3:1. Training origins are published for only a minority of faculty, so 'where they trained' is recorde",,NO
1804812160,RISE-NEURO-0065,Houston Methodist Hospital (Medical Center) Program,TX,"Tanu Garg, MD",MD,"Teaching faculty; Associate Program Director, Vascular Neurology Fellowship",Stroke / Vascular Neurology,,,,,,,,,VERIFIED,HIGH,https://www.houstonmethodist.org/academic-institute/gme/vascular-neurology-fellowship/,"37 named teaching faculty read from the program's own public 'Our Teaching Faculty' directory service and all 37 are enumerated here - 30 clinicians across 8 clinical sections plus 7 PhD/research scientists, including at least 9 named endowed chairs. Faculty:resident ratio approximately 37:28 = 1.3:1. Training origins are published for only a minority of faculty, so 'where they trained' is recorde",,NO
1804812160,RISE-NEURO-0065,Houston Methodist Hospital (Medical Center) Program,TX,"Thomas Kent, MD",MD,Teaching faculty,Stroke / Vascular Neurology,,,,,,,,,VERIFIED,HIGH,https://www.houstonmethodist.org/api/faculty/directory/,"37 named teaching faculty read from the program's own public 'Our Teaching Faculty' directory service and all 37 are enumerated here - 30 clinicians across 8 clinical sections plus 7 PhD/research scientists, including at least 9 named endowed chairs. Faculty:resident ratio approximately 37:28 = 1.3:1. Training origins are published for only a minority of faculty, so 'where they trained' is recorde",,NO
1804812160,RISE-NEURO-0065,Houston Methodist Hospital (Medical Center) Program,TX,"Abdul Alchaki, MD",MD,Teaching faculty,Neuroimmunology / Multiple Sclerosis,,,"Neuroimmunology/MS fellowship, University of Rochester (2018-2019)",False,,,,,VERIFIED,HIGH,https://www.houstonmethodist.org/api/faculty/directory/,"37 named teaching faculty read from the program's own public 'Our Teaching Faculty' directory service and all 37 are enumerated here - 30 clinicians across 8 clinical sections plus 7 PhD/research scientists, including at least 9 named endowed chairs. Faculty:resident ratio approximately 37:28 = 1.3:1. Training origins are published for only a minority of faculty, so 'where they trained' is recorde",,NO
1804812160,RISE-NEURO-0065,Houston Methodist Hospital (Medical Center) Program,TX,"Kenneth Podell, PhD",PhD,Teaching faculty; John M. O'Quinn Centennial Chair in Concussion Research and Care,Neuropsychology,,,,,,,,,VERIFIED,HIGH,https://www.houstonmethodist.org/api/faculty/directory/,"37 named teaching faculty read from the program's own public 'Our Teaching Faculty' directory service and all 37 are enumerated here - 30 clinicians across 8 clinical sections plus 7 PhD/research scientists, including at least 9 named endowed chairs. Faculty:resident ratio approximately 37:28 = 1.3:1. Training origins are published for only a minority of faculty, so 'where they trained' is recorde",,NO
1804812160,RISE-NEURO-0065,Houston Methodist Hospital (Medical Center) Program,TX,"Stella H. Kim, PhD",PhD,Teaching faculty,Neuropsychology,,,,,,,,,VERIFIED,HIGH,https://www.houstonmethodist.org/api/faculty/directory/,"37 named teaching faculty read from the program's own public 'Our Teaching Faculty' directory service and all 37 are enumerated here - 30 clinicians across 8 clinical sections plus 7 PhD/research scientists, including at least 9 named endowed chairs. Faculty:resident ratio approximately 37:28 = 1.3:1. Training origins are published for only a minority of faculty, so 'where they trained' is recorde",,NO
1804812160,RISE-NEURO-0065,Houston Methodist Hospital (Medical Center) Program,TX,"Julia L. Jones, MD",MD,Teaching faculty,General neurology,,"Baylor College of Medicine (MD, Tulane)",,False,,,,,VERIFIED,HIGH,https://www.houstonmethodist.org/api/faculty/directory/,"37 named teaching faculty read from the program's own public 'Our Teaching Faculty' directory service and all 37 are enumerated here - 30 clinicians across 8 clinical sections plus 7 PhD/research scientists, including at least 9 named endowed chairs. Faculty:resident ratio approximately 37:28 = 1.3:1. Training origins are published for only a minority of faculty, so 'where they trained' is recorde",,NO
1804812160,RISE-NEURO-0065,Houston Methodist Hospital (Medical Center) Program,TX,"Ahmad Al-Awwad, MD",MD,Teaching faculty,General neurology,,University of Oklahoma Health Sciences Center,,False,,,,,VERIFIED,HIGH,https://www.houstonmethodist.org/api/faculty/directory/,"37 named teaching faculty read from the program's own public 'Our Teaching Faculty' directory service and all 37 are enumerated here - 30 clinicians across 8 clinical sections plus 7 PhD/research scientists, including at least 9 named endowed chairs. Faculty:resident ratio approximately 37:28 = 1.3:1. Training origins are published for only a minority of faculty, so 'where they trained' is recorde",,NO
1804812160,RISE-NEURO-0065,Houston Methodist Hospital (Medical Center) Program,TX,"David R. Beers, PhD",PhD,Research faculty,Neuroscience research,,,,,,,,,VERIFIED,HIGH,https://scholars.houstonmethodist.org/en/organisations/stanley-h-appel-department-of-neurology/persons/,"37 named teaching faculty read from the program's own public 'Our Teaching Faculty' directory service and all 37 are enumerated here - 30 clinicians across 8 clinical sections plus 7 PhD/research scientists, including at least 9 named endowed chairs. Faculty:resident ratio approximately 37:28 = 1.3:1. Training origins are published for only a minority of faculty, so 'where they trained' is recorde",,NO
1804812160,RISE-NEURO-0065,Houston Methodist Hospital (Medical Center) Program,TX,"Bo Hu, PhD",PhD,Research faculty,Neuroscience research,,,,,,,,,VERIFIED,HIGH,https://scholars.houstonmethodist.org/en/organisations/stanley-h-appel-department-of-neurology/persons/,"37 named teaching faculty read from the program's own public 'Our Teaching Faculty' directory service and all 37 are enumerated here - 30 clinicians across 8 clinical sections plus 7 PhD/research scientists, including at least 9 named endowed chairs. Faculty:resident ratio approximately 37:28 = 1.3:1. Training origins are published for only a minority of faculty, so 'where they trained' is recorde",,NO
1804812160,RISE-NEURO-0065,Houston Methodist Hospital (Medical Center) Program,TX,"Hyunglok Chung, PhD",PhD,Research faculty,Neuroscience research,,,,,,,,,VERIFIED,HIGH,https://scholars.houstonmethodist.org/en/organisations/stanley-h-appel-department-of-neurology/persons/,"37 named teaching faculty read from the program's own public 'Our Teaching Faculty' directory service and all 37 are enumerated here - 30 clinicians across 8 clinical sections plus 7 PhD/research scientists, including at least 9 named endowed chairs. Faculty:resident ratio approximately 37:28 = 1.3:1. Training origins are published for only a minority of faculty, so 'where they trained' is recorde",,NO
1804812160,RISE-NEURO-0065,Houston Methodist Hospital (Medical Center) Program,TX,"Belen Pascual, PhD",PhD,Research faculty,Neuroscience research,,,,,,,,,VERIFIED,HIGH,https://scholars.houstonmethodist.org/en/organisations/stanley-h-appel-department-of-neurology/persons/,"37 named teaching faculty read from the program's own public 'Our Teaching Faculty' directory service and all 37 are enumerated here - 30 clinicians across 8 clinical sections plus 7 PhD/research scientists, including at least 9 named endowed chairs. Faculty:resident ratio approximately 37:28 = 1.3:1. Training origins are published for only a minority of faculty, so 'where they trained' is recorde",,NO
1804812160,RISE-NEURO-0065,Houston Methodist Hospital (Medical Center) Program,TX,"Aaron Thome, PhD",PhD,Research faculty,Neuroscience research,,,,,,,,,VERIFIED,HIGH,https://scholars.houstonmethodist.org/en/organisations/stanley-h-appel-department-of-neurology/persons/,"37 named teaching faculty read from the program's own public 'Our Teaching Faculty' directory service and all 37 are enumerated here - 30 clinicians across 8 clinical sections plus 7 PhD/research scientists, including at least 9 named endowed chairs. Faculty:resident ratio approximately 37:28 = 1.3:1. Training origins are published for only a minority of faculty, so 'where they trained' is recorde",,NO
1804812160,RISE-NEURO-0065,Houston Methodist Hospital (Medical Center) Program,TX,"Kyuson Yun, PhD",PhD,Research faculty; Houston Methodist Chair in Neurodegenerative Disease Research,Neurodegenerative disease research,,,,,,,,,VERIFIED,HIGH,https://scholars.houstonmethodist.org/en/organisations/stanley-h-appel-department-of-neurology/persons/,"37 named teaching faculty read from the program's own public 'Our Teaching Faculty' directory service and all 37 are enumerated here - 30 clinicians across 8 clinical sections plus 7 PhD/research scientists, including at least 9 named endowed chairs. Faculty:resident ratio approximately 37:28 = 1.3:1. Training origins are published for only a minority of faculty, so 'where they trained' is recorde",,NO
1804812160,RISE-NEURO-0065,Houston Methodist Hospital (Medical Center) Program,TX,"Weihua Zhao, PhD",PhD,Research faculty,Neuroscience research,,,,,,,,,VERIFIED,HIGH,https://scholars.houstonmethodist.org/en/organisations/stanley-h-appel-department-of-neurology/persons/,"37 named teaching faculty read from the program's own public 'Our Teaching Faculty' directory service and all 37 are enumerated here - 30 clinicians across 8 clinical sections plus 7 PhD/research scientists, including at least 9 named endowed chairs. Faculty:resident ratio approximately 37:28 = 1.3:1. Training origins are published for only a minority of faculty, so 'where they trained' is recorde",,NO
1804813163,RISE-NEURO-0165,Texas Tech University Health Sciences Center at Lubbock Program,TX,Henrik Wilms,"M.D., Ph.D.",Full Professor; holds TWO endowed chairs — 'Abraham-Tarbox Chair in Neurodegenerative Diseases' and 'CH-Foundation Chair in Parkinson's Disease Research' (both strings verbatim from the ENDPOS field o,"Movement Disorders Neurology — his Texas Tech Physicians patient-facing profile is titled 'Dr. Henrik Wilms, MD - Lubbock, TX - Movement Disorders Neurology, Neurology', so the practice plan formally designates Movement Disorders Neurology as his subspecialty. Declared clinical interests: Movement d",,,,False,,,,False,VERIFIED,HIGH,https://app4.ttuhsc.edu/DMProfile/Handlers/GetFullProfileData.ashx?eRaider=hwilms,"This is a SMALL faculty and the public roster required active recovery. The department's public Faculty & Staff page renders NOTHING without JavaScript; the underlying roster was recovered by pulling the page's jQuery plugin bundle (app4.ttuhsc.edu/DMProfile/assets/js/FacultyProfiles.js), extracting its handler endpoint, and calling GetRoster.ashx?ConfigurationLabel=SOM%20Neurology%20Faculty direc",,NO
1804813163,RISE-NEURO-0165,Texas Tech University Health Sciences Center at Lubbock Program,TX,Jongyeol Kim,M.D.,"Full Professor; Vice Chairperson; Assistant Dean, School of Medicine; holder of the Covenant Health System Endowed Chair in Cerebrovascular Disease; director of the neurophysiology lab; runs the month","Stroke, Headache/Migraine, Electrophysiology, Telemedicine, Clinical simulation",,,,False,,,,False,VERIFIED,HIGH,https://app4.ttuhsc.edu/DMProfile/Handlers/GetFullProfileData.ashx?eRaider=jongykim,"This is a SMALL faculty and the public roster required active recovery. The department's public Faculty & Staff page renders NOTHING without JavaScript; the underlying roster was recovered by pulling the page's jQuery plugin bundle (app4.ttuhsc.edu/DMProfile/assets/js/FacultyProfiles.js), extracting its handler endpoint, and calling GetRoster.ashx?ConfigurationLabel=SOM%20Neurology%20Faculty direc",,NO
1804813163,RISE-NEURO-0165,Texas Tech University Health Sciences Center at Lubbock Program,TX,Mirla Avila,M.D.,Associate Professor; INTERIM CHAIR of the Department of Neurology (she signs the department's Letter from the Chair in that capacity); ASSOCIATE PROGRAM DIRECTOR of the residency; a graduate of this r,"Multiple Sclerosis and Neuroimmunology — her Texas Tech Physicians profile is titled 'Dr. Mirla Avila, MD - Lubbock, TX - Multiple Sclerosis, Neuroimmunology, Neurology', so the practice plan formally designates BOTH as her subspecialties",,"TTUHSC Lubbock adult neurology residency, Class of 2016","Multiple Sclerosis with Clinical Research, Maxine Mesinger Multiple Sclerosis Comprehensive Care Center, Baylor College of Medicine, Houston",True,,,,,VERIFIED,HIGH,https://www.ttuhsc.edu/faculty-staff-directory?keys=Neurology%20Department%20-%20Lubbock,"This is a SMALL faculty and the public roster required active recovery. The department's public Faculty & Staff page renders NOTHING without JavaScript; the underlying roster was recovered by pulling the page's jQuery plugin bundle (app4.ttuhsc.edu/DMProfile/assets/js/FacultyProfiles.js), extracting its handler endpoint, and calling GetRoster.ashx?ConfigurationLabel=SOM%20Neurology%20Faculty direc",,NO
1804813163,RISE-NEURO-0165,Texas Tech University Health Sciences Center at Lubbock Program,TX,Mst Jannatul Ferdous,M.D.,Associate Professor; PROGRAM DIRECTOR; a graduate of this residency (Class of 2017),"Epilepsy, Neurology",,"TTUHSC Lubbock adult neurology residency, Class of 2017","Epilepsy, Vanderbilt University Medical Center",True,,,,False,VERIFIED,HIGH,https://app4.ttuhsc.edu/DMProfile/Handlers/GetFullProfileData.ashx?eRaider=mferdous,"This is a SMALL faculty and the public roster required active recovery. The department's public Faculty & Staff page renders NOTHING without JavaScript; the underlying roster was recovered by pulling the page's jQuery plugin bundle (app4.ttuhsc.edu/DMProfile/assets/js/FacultyProfiles.js), extracting its handler endpoint, and calling GetRoster.ashx?ConfigurationLabel=SOM%20Neurology%20Faculty direc",,NO
1804813163,RISE-NEURO-0165,Texas Tech University Health Sciences Center at Lubbock Program,TX,John Allen Bertelson,M.D.,Associate Professor,"Alzheimer's disease, Dementia, Geriatrics, Neurology (behavioural neurology/memory)",,,,,,,,,VERIFIED,HIGH,https://app4.ttuhsc.edu/DMProfile/Handlers/GetRoster.ashx?ConfigurationLabel=SOM%20Neurology%20Faculty,"This is a SMALL faculty and the public roster required active recovery. The department's public Faculty & Staff page renders NOTHING without JavaScript; the underlying roster was recovered by pulling the page's jQuery plugin bundle (app4.ttuhsc.edu/DMProfile/assets/js/FacultyProfiles.js), extracting its handler endpoint, and calling GetRoster.ashx?ConfigurationLabel=SOM%20Neurology%20Faculty direc",,NO
1804813163,RISE-NEURO-0165,Texas Tech University Health Sciences Center at Lubbock Program,TX,Walter Rodrigo Duarte Celada,M.D.,Assistant/Associate Professor,"Neurology, Stroke",,,,,,,,True,VERIFIED,HIGH,https://app4.ttuhsc.edu/DMProfile/Handlers/GetFullProfileData.ashx?eRaider=waduarte,"This is a SMALL faculty and the public roster required active recovery. The department's public Faculty & Staff page renders NOTHING without JavaScript; the underlying roster was recovered by pulling the page's jQuery plugin bundle (app4.ttuhsc.edu/DMProfile/assets/js/FacultyProfiles.js), extracting its handler endpoint, and calling GetRoster.ashx?ConfigurationLabel=SOM%20Neurology%20Faculty direc",,NO
1804813163,RISE-NEURO-0165,Texas Tech University Health Sciences Center at Lubbock Program,TX,Hyun Ah Kim,M.D.,Assistant Professor,,,,,,,,,,VERIFIED,HIGH,https://app4.ttuhsc.edu/DMProfile/Handlers/GetRoster.ashx?ConfigurationLabel=SOM%20Neurology%20Faculty,"This is a SMALL faculty and the public roster required active recovery. The department's public Faculty & Staff page renders NOTHING without JavaScript; the underlying roster was recovered by pulling the page's jQuery plugin bundle (app4.ttuhsc.edu/DMProfile/assets/js/FacultyProfiles.js), extracting its handler endpoint, and calling GetRoster.ashx?ConfigurationLabel=SOM%20Neurology%20Faculty direc",,NO
1804813163,RISE-NEURO-0165,Texas Tech University Health Sciences Center at Lubbock Program,TX,Saif Abdel Raouf A Bushnaq,M.D.,Assistant Professor; the named contact for the department's Neurointerventional Service,"Stroke; neurointervention — endovascular thrombectomy, aneurysm coiling and flow diversion, AVM/DAVF/CCF embolization, carotid/intracranial/vertebral stenting, venous sinus stenting, balloon test occlusion",,,,,,,,,VERIFIED,HIGH,https://bittaxi.ttuhsc.edu/medicine/neurology/neurointerventional-service.aspx,"This is a SMALL faculty and the public roster required active recovery. The department's public Faculty & Staff page renders NOTHING without JavaScript; the underlying roster was recovered by pulling the page's jQuery plugin bundle (app4.ttuhsc.edu/DMProfile/assets/js/FacultyProfiles.js), extracting its handler endpoint, and calling GetRoster.ashx?ConfigurationLabel=SOM%20Neurology%20Faculty direc",,NO
1804813163,RISE-NEURO-0165,Texas Tech University Health Sciences Center at Lubbock Program,TX,Bob/Bobby Pierson,Physician Assistant,"Physician Assistant, Department of Neurology - Lubbock",,,,,,,,,,VERIFIED,MEDIUM,https://app4.ttuhsc.edu/DMProfile/Handlers/GetRoster.ashx?ConfigurationLabel=SOM%20Neurology%20Faculty,"This is a SMALL faculty and the public roster required active recovery. The department's public Faculty & Staff page renders NOTHING without JavaScript; the underlying roster was recovered by pulling the page's jQuery plugin bundle (app4.ttuhsc.edu/DMProfile/assets/js/FacultyProfiles.js), extracting its handler endpoint, and calling GetRoster.ashx?ConfigurationLabel=SOM%20Neurology%20Faculty direc",,NO
1804813163,RISE-NEURO-0165,Texas Tech University Health Sciences Center at Lubbock Program,TX,Krystle Walker,Advanced Practice Provider,"Advanced Practice Provider, Department of Neurology - Lubbock",,,,,,,,,,VERIFIED,MEDIUM,https://app4.ttuhsc.edu/DMProfile/Handlers/GetRoster.ashx?ConfigurationLabel=SOM%20Neurology%20Faculty,"This is a SMALL faculty and the public roster required active recovery. The department's public Faculty & Staff page renders NOTHING without JavaScript; the underlying roster was recovered by pulling the page's jQuery plugin bundle (app4.ttuhsc.edu/DMProfile/assets/js/FacultyProfiles.js), extracting its handler endpoint, and calling GetRoster.ashx?ConfigurationLabel=SOM%20Neurology%20Faculty direc",,NO
1804821108,RISE-NEURO-0256,University of Texas Southwestern Medical Center Program,TX,"Elan Louis, M.D., M.S.","M.D., M.S.",Department Chair; also listed as key movement disorders fellowship faculty,Movement disorders; internationally recognized essential tremor/movement-disorders epidemiologist,,,,,,,,,PARTIALLY_VERIFIED,HIGH,https://www.utsouthwestern.edu/departments/neurology/who-we-are/faculty.html,"22 named faculty (all 11 subspecialty sections have named leadership, captured here) against a department that states 'Over 100 subspecialty clinical faculty representing 12 neurological subspecialties and 12 fellowships'. FREIDA/registry attributes 79 physician faculty plus 12 non-physicians to this program, with a 1.70:1 faculty-to-resident ratio and 34.80% female faculty (reused as structural f","Research complete · UT Southwestern publishes no individually enumerated core-faculty roster for this residency - the department states 'Over 100 subspecialty clinical faculty representing 12 neurological subspecialties and 12 fellowships' and FREIDA attributes 79 physician faculty plus 12 non-physicians to the program, but only section and division leadership is named publicly. The 22 named leaders below are what is verifiable; the remainder are counted but not named. Individual training origins would require fetching roughly 100 separate profile pages and were not obtained, so 'where they trained' is confirmed only for the program director.",NO
1804821108,RISE-NEURO-0256,University of Texas Southwestern Medical Center Program,TX,"Vikram Shakkottai, M.D., Ph.D.","M.D., Ph.D.",Movement Disorders Section Head; Vice Chair for Basic Research,Ataxia,,,,,,,,,PARTIALLY_VERIFIED,HIGH,https://www.utsouthwestern.edu/departments/neurology/who-we-are/faculty.html,"22 named faculty (all 11 subspecialty sections have named leadership, captured here) against a department that states 'Over 100 subspecialty clinical faculty representing 12 neurological subspecialties and 12 fellowships'. FREIDA/registry attributes 79 physician faculty plus 12 non-physicians to this program, with a 1.70:1 faculty-to-resident ratio and 34.80% female faculty (reused as structural f","Research complete · UT Southwestern publishes no individually enumerated core-faculty roster for this residency - the department states 'Over 100 subspecialty clinical faculty representing 12 neurological subspecialties and 12 fellowships' and FREIDA attributes 79 physician faculty plus 12 non-physicians to the program, but only section and division leadership is named publicly. The 22 named leaders below are what is verifiable; the remainder are counted but not named. Individual training origins would require fetching roughly 100 separate profile pages and were not obtained, so 'where they trained' is confirmed only for the program director.",NO
1804821108,RISE-NEURO-0256,University of Texas Southwestern Medical Center Program,TX,"Vibhash Sharma, M.D.",M.D.,Movement Disorders Clinical Lead and fellowship Program Director,Movement disorders,,,,,,,,,PARTIALLY_VERIFIED,HIGH,https://www.utsouthwestern.edu/departments/neurology/subspecialties/movement-disorders/fellowship.html,"22 named faculty (all 11 subspecialty sections have named leadership, captured here) against a department that states 'Over 100 subspecialty clinical faculty representing 12 neurological subspecialties and 12 fellowships'. FREIDA/registry attributes 79 physician faculty plus 12 non-physicians to this program, with a 1.70:1 faculty-to-resident ratio and 34.80% female faculty (reused as structural f","Research complete · UT Southwestern publishes no individually enumerated core-faculty roster for this residency - the department states 'Over 100 subspecialty clinical faculty representing 12 neurological subspecialties and 12 fellowships' and FREIDA attributes 79 physician faculty plus 12 non-physicians to the program, but only section and division leadership is named publicly. The 22 named leaders below are what is verifiable; the remainder are counted but not named. Individual training origins would require fetching roughly 100 separate profile pages and were not obtained, so 'where they trained' is confirmed only for the program director.",NO
1804821108,RISE-NEURO-0256,University of Texas Southwestern Medical Center Program,TX,"William (Bill) Dauer, M.D.",M.D.,"Inaugural Director, Peter O'Donnell Jr. Brain Institute; Lois C.A. and Darwin E. Smith Distinguished Chair in Neurological Mobility Research",Dystonia / Parkinson's,,,,,,,,,PARTIALLY_VERIFIED,HIGH,https://www.utsouthwestern.edu/departments/neurology/who-we-are/faculty.html,"22 named faculty (all 11 subspecialty sections have named leadership, captured here) against a department that states 'Over 100 subspecialty clinical faculty representing 12 neurological subspecialties and 12 fellowships'. FREIDA/registry attributes 79 physician faculty plus 12 non-physicians to this program, with a 1.70:1 faculty-to-resident ratio and 34.80% female faculty (reused as structural f","Research complete · UT Southwestern publishes no individually enumerated core-faculty roster for this residency - the department states 'Over 100 subspecialty clinical faculty representing 12 neurological subspecialties and 12 fellowships' and FREIDA attributes 79 physician faculty plus 12 non-physicians to the program, but only section and division leadership is named publicly. The 22 named leaders below are what is verifiable; the remainder are counted but not named. Individual training origins would require fetching roughly 100 separate profile pages and were not obtained, so 'where they trained' is confirmed only for the program director.",NO
1804821108,RISE-NEURO-0256,University of Texas Southwestern Medical Center Program,TX,"Olaf Stuve, M.D., Ph.D.","M.D., Ph.D.",MS/Neuroimmunology Section Head,MS / neuroimmunology,,,,,,,,,PARTIALLY_VERIFIED,HIGH,https://www.utsouthwestern.edu/departments/neurology/who-we-are/faculty.html,"22 named faculty (all 11 subspecialty sections have named leadership, captured here) against a department that states 'Over 100 subspecialty clinical faculty representing 12 neurological subspecialties and 12 fellowships'. FREIDA/registry attributes 79 physician faculty plus 12 non-physicians to this program, with a 1.70:1 faculty-to-resident ratio and 34.80% female faculty (reused as structural f","Research complete · UT Southwestern publishes no individually enumerated core-faculty roster for this residency - the department states 'Over 100 subspecialty clinical faculty representing 12 neurological subspecialties and 12 fellowships' and FREIDA attributes 79 physician faculty plus 12 non-physicians to the program, but only section and division leadership is named publicly. The 22 named leaders below are what is verifiable; the remainder are counted but not named. Individual training origins would require fetching roughly 100 separate profile pages and were not obtained, so 'where they trained' is confirmed only for the program director.",NO
1804821108,RISE-NEURO-0256,University of Texas Southwestern Medical Center Program,TX,"Lauren Tardo, M.D.",M.D.,Neuroimmunology Clinical Lead,Neuroimmunology,,,,,,,,,PARTIALLY_VERIFIED,HIGH,https://www.utsouthwestern.edu/departments/neurology/who-we-are/faculty.html,"22 named faculty (all 11 subspecialty sections have named leadership, captured here) against a department that states 'Over 100 subspecialty clinical faculty representing 12 neurological subspecialties and 12 fellowships'. FREIDA/registry attributes 79 physician faculty plus 12 non-physicians to this program, with a 1.70:1 faculty-to-resident ratio and 34.80% female faculty (reused as structural f","Research complete · UT Southwestern publishes no individually enumerated core-faculty roster for this residency - the department states 'Over 100 subspecialty clinical faculty representing 12 neurological subspecialties and 12 fellowships' and FREIDA attributes 79 physician faculty plus 12 non-physicians to the program, but only section and division leadership is named publicly. The 22 named leaders below are what is verifiable; the remainder are counted but not named. Individual training origins would require fetching roughly 100 separate profile pages and were not obtained, so 'where they trained' is confirmed only for the program director.",NO
1804821108,RISE-NEURO-0256,University of Texas Southwestern Medical Center Program,TX,"Benjamin Greenberg, M.D.",M.D.,"Vice Chair, Clinical and Translational Research",Transverse myelitis / neuroimmunology,,,,,,,,,PARTIALLY_VERIFIED,HIGH,https://www.utsouthwestern.edu/departments/neurology/who-we-are/faculty.html,"22 named faculty (all 11 subspecialty sections have named leadership, captured here) against a department that states 'Over 100 subspecialty clinical faculty representing 12 neurological subspecialties and 12 fellowships'. FREIDA/registry attributes 79 physician faculty plus 12 non-physicians to this program, with a 1.70:1 faculty-to-resident ratio and 34.80% female faculty (reused as structural f","Research complete · UT Southwestern publishes no individually enumerated core-faculty roster for this residency - the department states 'Over 100 subspecialty clinical faculty representing 12 neurological subspecialties and 12 fellowships' and FREIDA attributes 79 physician faculty plus 12 non-physicians to the program, but only section and division leadership is named publicly. The 22 named leaders below are what is verifiable; the remainder are counted but not named. Individual training origins would require fetching roughly 100 separate profile pages and were not obtained, so 'where they trained' is confirmed only for the program director.",NO
1804821108,RISE-NEURO-0256,University of Texas Southwestern Medical Center Program,TX,"Kyle Blackburn, M.D.",M.D.,Associate Program Director,Neuroimmunology,,,,,,,,,PARTIALLY_VERIFIED,HIGH,https://www.utsouthwestern.edu/departments/neurology/who-we-are/faculty.html,"22 named faculty (all 11 subspecialty sections have named leadership, captured here) against a department that states 'Over 100 subspecialty clinical faculty representing 12 neurological subspecialties and 12 fellowships'. FREIDA/registry attributes 79 physician faculty plus 12 non-physicians to this program, with a 1.70:1 faculty-to-resident ratio and 34.80% female faculty (reused as structural f","Research complete · UT Southwestern publishes no individually enumerated core-faculty roster for this residency - the department states 'Over 100 subspecialty clinical faculty representing 12 neurological subspecialties and 12 fellowships' and FREIDA attributes 79 physician faculty plus 12 non-physicians to the program, but only section and division leadership is named publicly. The 22 named leaders below are what is verifiable; the remainder are counted but not named. Individual training origins would require fetching roughly 100 separate profile pages and were not obtained, so 'where they trained' is confirmed only for the program director.",NO
1804821108,RISE-NEURO-0256,University of Texas Southwestern Medical Center Program,TX,"Steven Vernino, M.D., Ph.D.","M.D., Ph.D.",Autonomic Disorders Section Head; Vice-Chair for Education,Autonomic disorders,,,,,,,,,PARTIALLY_VERIFIED,HIGH,https://www.utsouthwestern.edu/departments/neurology/who-we-are/faculty.html,"22 named faculty (all 11 subspecialty sections have named leadership, captured here) against a department that states 'Over 100 subspecialty clinical faculty representing 12 neurological subspecialties and 12 fellowships'. FREIDA/registry attributes 79 physician faculty plus 12 non-physicians to this program, with a 1.70:1 faculty-to-resident ratio and 34.80% female faculty (reused as structural f","Research complete · UT Southwestern publishes no individually enumerated core-faculty roster for this residency - the department states 'Over 100 subspecialty clinical faculty representing 12 neurological subspecialties and 12 fellowships' and FREIDA attributes 79 physician faculty plus 12 non-physicians to the program, but only section and division leadership is named publicly. The 22 named leaders below are what is verifiable; the remainder are counted but not named. Individual training origins would require fetching roughly 100 separate profile pages and were not obtained, so 'where they trained' is confirmed only for the program director.",NO
1804821108,RISE-NEURO-0256,University of Texas Southwestern Medical Center Program,TX,"Marc Diamond, M.D.",M.D.,"Director, Center for Alzheimer's and Neurodegenerative Diseases; Distinguished Chair in Basic Brain Injury and Repair",Neurodegeneration,,,,,,,,,PARTIALLY_VERIFIED,HIGH,https://www.utsouthwestern.edu/departments/neurology/who-we-are/faculty.html,"22 named faculty (all 11 subspecialty sections have named leadership, captured here) against a department that states 'Over 100 subspecialty clinical faculty representing 12 neurological subspecialties and 12 fellowships'. FREIDA/registry attributes 79 physician faculty plus 12 non-physicians to this program, with a 1.70:1 faculty-to-resident ratio and 34.80% female faculty (reused as structural f","Research complete · UT Southwestern publishes no individually enumerated core-faculty roster for this residency - the department states 'Over 100 subspecialty clinical faculty representing 12 neurological subspecialties and 12 fellowships' and FREIDA attributes 79 physician faculty plus 12 non-physicians to the program, but only section and division leadership is named publicly. The 22 named leaders below are what is verifiable; the remainder are counted but not named. Individual training origins would require fetching roughly 100 separate profile pages and were not obtained, so 'where they trained' is confirmed only for the program director.",NO
1804821108,RISE-NEURO-0256,University of Texas Southwestern Medical Center Program,TX,"Judy Liu, M.D., Ph.D.","M.D., Ph.D.",Epilepsy Co-Section Head,Epilepsy,,,,,,,,,PARTIALLY_VERIFIED,HIGH,https://www.utsouthwestern.edu/departments/neurology/who-we-are/faculty.html,"22 named faculty (all 11 subspecialty sections have named leadership, captured here) against a department that states 'Over 100 subspecialty clinical faculty representing 12 neurological subspecialties and 12 fellowships'. FREIDA/registry attributes 79 physician faculty plus 12 non-physicians to this program, with a 1.70:1 faculty-to-resident ratio and 34.80% female faculty (reused as structural f","Research complete · UT Southwestern publishes no individually enumerated core-faculty roster for this residency - the department states 'Over 100 subspecialty clinical faculty representing 12 neurological subspecialties and 12 fellowships' and FREIDA attributes 79 physician faculty plus 12 non-physicians to the program, but only section and division leadership is named publicly. The 22 named leaders below are what is verifiable; the remainder are counted but not named. Individual training origins would require fetching roughly 100 separate profile pages and were not obtained, so 'where they trained' is confirmed only for the program director.",NO
1804821108,RISE-NEURO-0256,University of Texas Southwestern Medical Center Program,TX,"Ryan Hays, M.D.",M.D.,"Epilepsy Co-Section Head; Director, Sleep & Breathing Disorders",Epilepsy; sleep,,,,,,,,,PARTIALLY_VERIFIED,HIGH,https://www.utsouthwestern.edu/departments/neurology/who-we-are/faculty.html,"22 named faculty (all 11 subspecialty sections have named leadership, captured here) against a department that states 'Over 100 subspecialty clinical faculty representing 12 neurological subspecialties and 12 fellowships'. FREIDA/registry attributes 79 physician faculty plus 12 non-physicians to this program, with a 1.70:1 faculty-to-resident ratio and 34.80% female faculty (reused as structural f","Research complete · UT Southwestern publishes no individually enumerated core-faculty roster for this residency - the department states 'Over 100 subspecialty clinical faculty representing 12 neurological subspecialties and 12 fellowships' and FREIDA attributes 79 physician faculty plus 12 non-physicians to the program, but only section and division leadership is named publicly. The 22 named leaders below are what is verifiable; the remainder are counted but not named. Individual training origins would require fetching roughly 100 separate profile pages and were not obtained, so 'where they trained' is confirmed only for the program director.",NO
1804821108,RISE-NEURO-0256,University of Texas Southwestern Medical Center Program,TX,"Christopher Donnelly, Ph.D.",Ph.D.,Neuromuscular Section Head,Neuromuscular,,,,,,,,,PARTIALLY_VERIFIED,HIGH,https://www.utsouthwestern.edu/departments/neurology/who-we-are/faculty.html,"22 named faculty (all 11 subspecialty sections have named leadership, captured here) against a department that states 'Over 100 subspecialty clinical faculty representing 12 neurological subspecialties and 12 fellowships'. FREIDA/registry attributes 79 physician faculty plus 12 non-physicians to this program, with a 1.70:1 faculty-to-resident ratio and 34.80% female faculty (reused as structural f","Research complete · UT Southwestern publishes no individually enumerated core-faculty roster for this residency - the department states 'Over 100 subspecialty clinical faculty representing 12 neurological subspecialties and 12 fellowships' and FREIDA attributes 79 physician faculty plus 12 non-physicians to the program, but only section and division leadership is named publicly. The 22 named leaders below are what is verifiable; the remainder are counted but not named. Individual training origins would require fetching roughly 100 separate profile pages and were not obtained, so 'where they trained' is confirmed only for the program director.",NO
1804821108,RISE-NEURO-0256,University of Texas Southwestern Medical Center Program,TX,"Mark Johnson, M.D.",M.D.,Cerebrovascular/Stroke clinical-education lead,Stroke / cerebrovascular,,,,,,,,,PARTIALLY_VERIFIED,HIGH,https://www.utsouthwestern.edu/departments/neurology/who-we-are/faculty.html,"22 named faculty (all 11 subspecialty sections have named leadership, captured here) against a department that states 'Over 100 subspecialty clinical faculty representing 12 neurological subspecialties and 12 fellowships'. FREIDA/registry attributes 79 physician faculty plus 12 non-physicians to this program, with a 1.70:1 faculty-to-resident ratio and 34.80% female faculty (reused as structural f","Research complete · UT Southwestern publishes no individually enumerated core-faculty roster for this residency - the department states 'Over 100 subspecialty clinical faculty representing 12 neurological subspecialties and 12 fellowships' and FREIDA attributes 79 physician faculty plus 12 non-physicians to the program, but only section and division leadership is named publicly. The 22 named leaders below are what is verifiable; the remainder are counted but not named. Individual training origins would require fetching roughly 100 separate profile pages and were not obtained, so 'where they trained' is confirmed only for the program director.",NO
1804821108,RISE-NEURO-0256,University of Texas Southwestern Medical Center Program,TX,"Ying Xian, M.D., Ph.D.","M.D., Ph.D.",Cerebrovascular/Stroke research lead,Stroke / cerebrovascular,,,,,,,,,PARTIALLY_VERIFIED,HIGH,https://www.utsouthwestern.edu/departments/neurology/who-we-are/faculty.html,"22 named faculty (all 11 subspecialty sections have named leadership, captured here) against a department that states 'Over 100 subspecialty clinical faculty representing 12 neurological subspecialties and 12 fellowships'. FREIDA/registry attributes 79 physician faculty plus 12 non-physicians to this program, with a 1.70:1 faculty-to-resident ratio and 34.80% female faculty (reused as structural f","Research complete · UT Southwestern publishes no individually enumerated core-faculty roster for this residency - the department states 'Over 100 subspecialty clinical faculty representing 12 neurological subspecialties and 12 fellowships' and FREIDA attributes 79 physician faculty plus 12 non-physicians to the program, but only section and division leadership is named publicly. The 22 named leaders below are what is verifiable; the remainder are counted but not named. Individual training origins would require fetching roughly 100 separate profile pages and were not obtained, so 'where they trained' is confirmed only for the program director.",NO
1804821108,RISE-NEURO-0256,University of Texas Southwestern Medical Center Program,TX,"Venkatesh Aiyagari, M.D.",M.D.,Neurocritical Care Division Chief,Neurocritical care,,,,,,,,,PARTIALLY_VERIFIED,HIGH,https://www.utsouthwestern.edu/departments/neurology/who-we-are/faculty.html,"22 named faculty (all 11 subspecialty sections have named leadership, captured here) against a department that states 'Over 100 subspecialty clinical faculty representing 12 neurological subspecialties and 12 fellowships'. FREIDA/registry attributes 79 physician faculty plus 12 non-physicians to this program, with a 1.70:1 faculty-to-resident ratio and 34.80% female faculty (reused as structural f","Research complete · UT Southwestern publishes no individually enumerated core-faculty roster for this residency - the department states 'Over 100 subspecialty clinical faculty representing 12 neurological subspecialties and 12 fellowships' and FREIDA attributes 79 physician faculty plus 12 non-physicians to the program, but only section and division leadership is named publicly. The 22 named leaders below are what is verifiable; the remainder are counted but not named. Individual training origins would require fetching roughly 100 separate profile pages and were not obtained, so 'where they trained' is confirmed only for the program director.",NO
1804821108,RISE-NEURO-0256,University of Texas Southwestern Medical Center Program,TX,"Alison Leston, M.D., Ph.D.","M.D., Ph.D.",General Neurology & Headache Section Head,General neurology; headache,,,,,,,,,PARTIALLY_VERIFIED,HIGH,https://www.utsouthwestern.edu/departments/neurology/who-we-are/faculty.html,"22 named faculty (all 11 subspecialty sections have named leadership, captured here) against a department that states 'Over 100 subspecialty clinical faculty representing 12 neurological subspecialties and 12 fellowships'. FREIDA/registry attributes 79 physician faculty plus 12 non-physicians to this program, with a 1.70:1 faculty-to-resident ratio and 34.80% female faculty (reused as structural f","Research complete · UT Southwestern publishes no individually enumerated core-faculty roster for this residency - the department states 'Over 100 subspecialty clinical faculty representing 12 neurological subspecialties and 12 fellowships' and FREIDA attributes 79 physician faculty plus 12 non-physicians to the program, but only section and division leadership is named publicly. The 22 named leaders below are what is verifiable; the remainder are counted but not named. Individual training origins would require fetching roughly 100 separate profile pages and were not obtained, so 'where they trained' is confirmed only for the program director.",NO
1804821108,RISE-NEURO-0256,University of Texas Southwestern Medical Center Program,TX,"Justin Jordan, M.D., M.P.H.","M.D., M.P.H.",Neuro-Oncology Section Head,Neuro-oncology,,,,,,,,,PARTIALLY_VERIFIED,HIGH,https://www.utsouthwestern.edu/departments/neurology/who-we-are/faculty.html,"22 named faculty (all 11 subspecialty sections have named leadership, captured here) against a department that states 'Over 100 subspecialty clinical faculty representing 12 neurological subspecialties and 12 fellowships'. FREIDA/registry attributes 79 physician faculty plus 12 non-physicians to this program, with a 1.70:1 faculty-to-resident ratio and 34.80% female faculty (reused as structural f","Research complete · UT Southwestern publishes no individually enumerated core-faculty roster for this residency - the department states 'Over 100 subspecialty clinical faculty representing 12 neurological subspecialties and 12 fellowships' and FREIDA attributes 79 physician faculty plus 12 non-physicians to the program, but only section and division leadership is named publicly. The 22 named leaders below are what is verifiable; the remainder are counted but not named. Individual training origins would require fetching roughly 100 separate profile pages and were not obtained, so 'where they trained' is confirmed only for the program director.",NO
1804821108,RISE-NEURO-0256,University of Texas Southwestern Medical Center Program,TX,"Jaya Trivedi, M.D.",M.D.,"Vice Chair, Ambulatory Operations",,,,,,,,,,PARTIALLY_VERIFIED,HIGH,https://www.utsouthwestern.edu/departments/neurology/who-we-are/faculty.html,"22 named faculty (all 11 subspecialty sections have named leadership, captured here) against a department that states 'Over 100 subspecialty clinical faculty representing 12 neurological subspecialties and 12 fellowships'. FREIDA/registry attributes 79 physician faculty plus 12 non-physicians to this program, with a 1.70:1 faculty-to-resident ratio and 34.80% female faculty (reused as structural f","Research complete · UT Southwestern publishes no individually enumerated core-faculty roster for this residency - the department states 'Over 100 subspecialty clinical faculty representing 12 neurological subspecialties and 12 fellowships' and FREIDA attributes 79 physician faculty plus 12 non-physicians to the program, but only section and division leadership is named publicly. The 22 named leaders below are what is verifiable; the remainder are counted but not named. Individual training origins would require fetching roughly 100 separate profile pages and were not obtained, so 'where they trained' is confirmed only for the program director.",NO
1804821108,RISE-NEURO-0256,University of Texas Southwestern Medical Center Program,TX,"Brendan Kelley, M.D.",M.D.,"Vice Chair, Clinical Operations",,,,,,,,,,PARTIALLY_VERIFIED,HIGH,https://www.utsouthwestern.edu/departments/neurology/who-we-are/faculty.html,"22 named faculty (all 11 subspecialty sections have named leadership, captured here) against a department that states 'Over 100 subspecialty clinical faculty representing 12 neurological subspecialties and 12 fellowships'. FREIDA/registry attributes 79 physician faculty plus 12 non-physicians to this program, with a 1.70:1 faculty-to-resident ratio and 34.80% female faculty (reused as structural f","Research complete · UT Southwestern publishes no individually enumerated core-faculty roster for this residency - the department states 'Over 100 subspecialty clinical faculty representing 12 neurological subspecialties and 12 fellowships' and FREIDA attributes 79 physician faculty plus 12 non-physicians to the program, but only section and division leadership is named publicly. The 22 named leaders below are what is verifiable; the remainder are counted but not named. Individual training origins would require fetching roughly 100 separate profile pages and were not obtained, so 'where they trained' is confirmed only for the program director.",NO
1804821108,RISE-NEURO-0256,University of Texas Southwestern Medical Center Program,TX,"Lauren Phillips, M.D.",M.D.,Program Director,Neuromuscular medicine,,UT Southwestern,"Neuromuscular medicine, UT Southwestern",True,,,,,PARTIALLY_VERIFIED,HIGH,https://www.utsouthwestern.edu/departments/neurology/education/residency/adult/program-director-message.html,"22 named faculty (all 11 subspecialty sections have named leadership, captured here) against a department that states 'Over 100 subspecialty clinical faculty representing 12 neurological subspecialties and 12 fellowships'. FREIDA/registry attributes 79 physician faculty plus 12 non-physicians to this program, with a 1.70:1 faculty-to-resident ratio and 34.80% female faculty (reused as structural f","Research complete · UT Southwestern publishes no individually enumerated core-faculty roster for this residency - the department states 'Over 100 subspecialty clinical faculty representing 12 neurological subspecialties and 12 fellowships' and FREIDA attributes 79 physician faculty plus 12 non-physicians to the program, but only section and division leadership is named publicly. The 22 named leaders below are what is verifiable; the remainder are counted but not named. Individual training origins would require fetching roughly 100 separate profile pages and were not obtained, so 'where they trained' is confirmed only for the program director.",NO
1804821108,RISE-NEURO-0256,University of Texas Southwestern Medical Center Program,TX,"Evan Noch, M.D., Ph.D.","M.D., Ph.D.",PSTP Director,,,,,,,,,,PARTIALLY_VERIFIED,MEDIUM,https://www.utsouthwestern.edu/departments/neurology/education/residency/pstp-mentors-resident-researchers.html,"22 named faculty (all 11 subspecialty sections have named leadership, captured here) against a department that states 'Over 100 subspecialty clinical faculty representing 12 neurological subspecialties and 12 fellowships'. FREIDA/registry attributes 79 physician faculty plus 12 non-physicians to this program, with a 1.70:1 faculty-to-resident ratio and 34.80% female faculty (reused as structural f","Research complete · UT Southwestern publishes no individually enumerated core-faculty roster for this residency - the department states 'Over 100 subspecialty clinical faculty representing 12 neurological subspecialties and 12 fellowships' and FREIDA attributes 79 physician faculty plus 12 non-physicians to the program, but only section and division leadership is named publicly. The 22 named leaders below are what is verifiable; the remainder are counted but not named. Individual training origins would require fetching roughly 100 separate profile pages and were not obtained, so 'where they trained' is confirmed only for the program director.",NO
1804821110,RISE-NEURO-0008,Baylor College of Medicine Program,TX,"Joseph Jankovic, M.D.",M.D.,"Professor; founder and director, Parkinson's Disease Center and Movement Disorders Clinic",Movement disorders,,,,,,,,,PARTIALLY_VERIFIED,HIGH,https://www.bcm.edu/healthcare/specialties/neurology/parkinsons-disease-and-movement-disorders/meet-our-team,19 named faculty captured against approximately 40 published alphabetically on the residency faculty page; FREIDA/registry reports 56 physician faculty plus 14 non-physicians at a 1.30:1 faculty-to-resident ratio with 21.80% female faculty (reused as structural facts). Two documented 'trained-here' signals: PD Corey Goldsmith (neurology residency at BCM) and Steven Bellows (Movement Disorders Fell,"Research complete · The residency faculty page lists roughly 40 faculty alphabetically (A-F, G-K, L-R, S-Z) with academic ranks, but each name is a separate profile page and the full roster was not enumerated - so 19 named faculty are captured here against ~40 published and a FREIDA count of 56 physician faculty plus 14 non-physicians. Individual training provenance is not published for most faculty, so 'where they trained' is recorded only for the two documented cases.",NO
1804821110,RISE-NEURO-0008,Baylor College of Medicine Program,TX,"Eric Michael Bershad, M.D.",M.D.,Professor,,,,,,,,,,PARTIALLY_VERIFIED,HIGH,https://www.bcm.edu/departments/neurology/education/adult-neurology-residency/faculty,19 named faculty captured against approximately 40 published alphabetically on the residency faculty page; FREIDA/registry reports 56 physician faculty plus 14 non-physicians at a 1.30:1 faculty-to-resident ratio with 21.80% female faculty (reused as structural facts). Two documented 'trained-here' signals: PD Corey Goldsmith (neurology residency at BCM) and Steven Bellows (Movement Disorders Fell,"Research complete · The residency faculty page lists roughly 40 faculty alphabetically (A-F, G-K, L-R, S-Z) with academic ranks, but each name is a separate profile page and the full roster was not enumerated - so 19 named faculty are captured here against ~40 published and a FREIDA count of 56 physician faculty plus 14 non-physicians. Individual training provenance is not published for most faculty, so 'where they trained' is recorded only for the two documented cases.",NO
1804821110,RISE-NEURO-0008,Baylor College of Medicine Program,TX,"Jeffrey L. Noebels, M.D., Ph.D.","M.D., Ph.D.",Professor; Cullen Trust for Health Care Endowed Chair in Neurogenetics,Neurogenetics,,,,,,,,,PARTIALLY_VERIFIED,HIGH,https://www.bcm.edu/departments/neurology/education/adult-neurology-residency/faculty,19 named faculty captured against approximately 40 published alphabetically on the residency faculty page; FREIDA/registry reports 56 physician faculty plus 14 non-physicians at a 1.30:1 faculty-to-resident ratio with 21.80% female faculty (reused as structural facts). Two documented 'trained-here' signals: PD Corey Goldsmith (neurology residency at BCM) and Steven Bellows (Movement Disorders Fell,"Research complete · The residency faculty page lists roughly 40 faculty alphabetically (A-F, G-K, L-R, S-Z) with academic ranks, but each name is a separate profile page and the full roster was not enumerated - so 19 named faculty are captured here against ~40 published and a FREIDA count of 56 physician faculty plus 14 non-physicians. Individual training provenance is not published for most faculty, so 'where they trained' is recorded only for the two documented cases.",NO
1804821110,RISE-NEURO-0008,Baylor College of Medicine Program,TX,"Joshua M. Shulman, M.D., Ph.D.","M.D., Ph.D.",Professor,Movement disorders,,,,,,,,,PARTIALLY_VERIFIED,HIGH,https://www.bcm.edu/healthcare/specialties/neurology/parkinsons-disease-and-movement-disorders/meet-our-team,19 named faculty captured against approximately 40 published alphabetically on the residency faculty page; FREIDA/registry reports 56 physician faculty plus 14 non-physicians at a 1.30:1 faculty-to-resident ratio with 21.80% female faculty (reused as structural facts). Two documented 'trained-here' signals: PD Corey Goldsmith (neurology residency at BCM) and Steven Bellows (Movement Disorders Fell,"Research complete · The residency faculty page lists roughly 40 faculty alphabetically (A-F, G-K, L-R, S-Z) with academic ranks, but each name is a separate profile page and the full roster was not enumerated - so 19 named faculty are captured here against ~40 published and a FREIDA count of 56 physician faculty plus 14 non-physicians. Individual training provenance is not published for most faculty, so 'where they trained' is recorded only for the two documented cases.",NO
1804821110,RISE-NEURO-0008,Baylor College of Medicine Program,TX,"Charenya Anandan, M.D.",M.D.,Assistant Professor,Movement disorders,,,,,,,,,PARTIALLY_VERIFIED,HIGH,https://www.bcm.edu/healthcare/specialties/neurology/parkinsons-disease-and-movement-disorders/meet-our-team,19 named faculty captured against approximately 40 published alphabetically on the residency faculty page; FREIDA/registry reports 56 physician faculty plus 14 non-physicians at a 1.30:1 faculty-to-resident ratio with 21.80% female faculty (reused as structural facts). Two documented 'trained-here' signals: PD Corey Goldsmith (neurology residency at BCM) and Steven Bellows (Movement Disorders Fell,"Research complete · The residency faculty page lists roughly 40 faculty alphabetically (A-F, G-K, L-R, S-Z) with academic ranks, but each name is a separate profile page and the full roster was not enumerated - so 19 named faculty are captured here against ~40 published and a FREIDA count of 56 physician faculty plus 14 non-physicians. Individual training provenance is not published for most faculty, so 'where they trained' is recorded only for the two documented cases.",NO
1804821110,RISE-NEURO-0008,Baylor College of Medicine Program,TX,"Nora Vanegas Arroyave, M.D.",M.D.,Associate Professor,Movement disorders,,,,,,,,,PARTIALLY_VERIFIED,HIGH,https://www.bcm.edu/healthcare/specialties/neurology/parkinsons-disease-and-movement-disorders/meet-our-team,19 named faculty captured against approximately 40 published alphabetically on the residency faculty page; FREIDA/registry reports 56 physician faculty plus 14 non-physicians at a 1.30:1 faculty-to-resident ratio with 21.80% female faculty (reused as structural facts). Two documented 'trained-here' signals: PD Corey Goldsmith (neurology residency at BCM) and Steven Bellows (Movement Disorders Fell,"Research complete · The residency faculty page lists roughly 40 faculty alphabetically (A-F, G-K, L-R, S-Z) with academic ranks, but each name is a separate profile page and the full roster was not enumerated - so 19 named faculty are captured here against ~40 published and a FREIDA count of 56 physician faculty plus 14 non-physicians. Individual training provenance is not published for most faculty, so 'where they trained' is recorded only for the two documented cases.",NO
1804821110,RISE-NEURO-0008,Baylor College of Medicine Program,TX,"Steven Bellows, M.D.",M.D.,Assistant Professor; Movement Disorders Fellowship Director,Movement disorders,,,"Movement Disorders Fellowship, Baylor College of Medicine - 'an alumnus of the fellowship who trained under Dr. Joseph Jankovic'",True,,,,,PARTIALLY_VERIFIED,HIGH,https://www.bcm.edu/departments/neurology/education/movement-disorders-fellowship,19 named faculty captured against approximately 40 published alphabetically on the residency faculty page; FREIDA/registry reports 56 physician faculty plus 14 non-physicians at a 1.30:1 faculty-to-resident ratio with 21.80% female faculty (reused as structural facts). Two documented 'trained-here' signals: PD Corey Goldsmith (neurology residency at BCM) and Steven Bellows (Movement Disorders Fell,"Research complete · The residency faculty page lists roughly 40 faculty alphabetically (A-F, G-K, L-R, S-Z) with academic ranks, but each name is a separate profile page and the full roster was not enumerated - so 19 named faculty are captured here against ~40 published and a FREIDA count of 56 physician faculty plus 14 non-physicians. Individual training provenance is not published for most faculty, so 'where they trained' is recorded only for the two documented cases.",NO
1804821110,RISE-NEURO-0008,Baylor College of Medicine Program,TX,"Chi-Ying (Roy) Lin, M.D., M.P.H.","M.D., M.P.H.",Assistant Professor,Movement disorders,,,,,,,,,PARTIALLY_VERIFIED,HIGH,https://www.bcm.edu/healthcare/specialties/neurology/parkinsons-disease-and-movement-disorders/meet-our-team,19 named faculty captured against approximately 40 published alphabetically on the residency faculty page; FREIDA/registry reports 56 physician faculty plus 14 non-physicians at a 1.30:1 faculty-to-resident ratio with 21.80% female faculty (reused as structural facts). Two documented 'trained-here' signals: PD Corey Goldsmith (neurology residency at BCM) and Steven Bellows (Movement Disorders Fell,"Research complete · The residency faculty page lists roughly 40 faculty alphabetically (A-F, G-K, L-R, S-Z) with academic ranks, but each name is a separate profile page and the full roster was not enumerated - so 19 named faculty are captured here against ~40 published and a FREIDA count of 56 physician faculty plus 14 non-physicians. Individual training provenance is not published for most faculty, so 'where they trained' is recorded only for the two documented cases.",NO
1804821110,RISE-NEURO-0008,Baylor College of Medicine Program,TX,"Mered Parnes, M.D.",M.D.,"Director, Pediatric Movement Disorders Clinic",Pediatric movement disorders,,,,,,,,,PARTIALLY_VERIFIED,HIGH,https://www.bcm.edu/healthcare/specialties/neurology/parkinsons-disease-and-movement-disorders/meet-our-team,19 named faculty captured against approximately 40 published alphabetically on the residency faculty page; FREIDA/registry reports 56 physician faculty plus 14 non-physicians at a 1.30:1 faculty-to-resident ratio with 21.80% female faculty (reused as structural facts). Two documented 'trained-here' signals: PD Corey Goldsmith (neurology residency at BCM) and Steven Bellows (Movement Disorders Fell,"Research complete · The residency faculty page lists roughly 40 faculty alphabetically (A-F, G-K, L-R, S-Z) with academic ranks, but each name is a separate profile page and the full roster was not enumerated - so 19 named faculty are captured here against ~40 published and a FREIDA count of 56 physician faculty plus 14 non-physicians. Individual training provenance is not published for most faculty, so 'where they trained' is recorded only for the two documented cases.",NO
1804821110,RISE-NEURO-0008,Baylor College of Medicine Program,TX,"Sameer Anil Sheth, M.D., Ph.D.","M.D., Ph.D.",Professor (neurosurgery / DBS),Deep brain stimulation,,,,,,,,,PARTIALLY_VERIFIED,HIGH,https://www.bcm.edu/healthcare/specialties/neurology/parkinsons-disease-and-movement-disorders/meet-our-team,19 named faculty captured against approximately 40 published alphabetically on the residency faculty page; FREIDA/registry reports 56 physician faculty plus 14 non-physicians at a 1.30:1 faculty-to-resident ratio with 21.80% female faculty (reused as structural facts). Two documented 'trained-here' signals: PD Corey Goldsmith (neurology residency at BCM) and Steven Bellows (Movement Disorders Fell,"Research complete · The residency faculty page lists roughly 40 faculty alphabetically (A-F, G-K, L-R, S-Z) with academic ranks, but each name is a separate profile page and the full roster was not enumerated - so 19 named faculty are captured here against ~40 published and a FREIDA count of 56 physician faculty plus 14 non-physicians. Individual training provenance is not published for most faculty, so 'where they trained' is recorded only for the two documented cases.",NO
1804821110,RISE-NEURO-0008,Baylor College of Medicine Program,TX,"Arjun Tarakad, M.D.",M.D.,Assistant Professor,Movement disorders,,,,,,,,,PARTIALLY_VERIFIED,HIGH,https://www.bcm.edu/healthcare/specialties/neurology/parkinsons-disease-and-movement-disorders/meet-our-team,19 named faculty captured against approximately 40 published alphabetically on the residency faculty page; FREIDA/registry reports 56 physician faculty plus 14 non-physicians at a 1.30:1 faculty-to-resident ratio with 21.80% female faculty (reused as structural facts). Two documented 'trained-here' signals: PD Corey Goldsmith (neurology residency at BCM) and Steven Bellows (Movement Disorders Fell,"Research complete · The residency faculty page lists roughly 40 faculty alphabetically (A-F, G-K, L-R, S-Z) with academic ranks, but each name is a separate profile page and the full roster was not enumerated - so 19 named faculty are captured here against ~40 published and a FREIDA count of 56 physician faculty plus 14 non-physicians. Individual training provenance is not published for most faculty, so 'where they trained' is recorded only for the two documented cases.",NO
1804821110,RISE-NEURO-0008,Baylor College of Medicine Program,TX,"Ashwin Viswanathan, M.D.",M.D.,Professor,Movement disorders / functional neurosurgery,,,,,,,,,PARTIALLY_VERIFIED,HIGH,https://www.bcm.edu/healthcare/specialties/neurology/parkinsons-disease-and-movement-disorders/meet-our-team,19 named faculty captured against approximately 40 published alphabetically on the residency faculty page; FREIDA/registry reports 56 physician faculty plus 14 non-physicians at a 1.30:1 faculty-to-resident ratio with 21.80% female faculty (reused as structural facts). Two documented 'trained-here' signals: PD Corey Goldsmith (neurology residency at BCM) and Steven Bellows (Movement Disorders Fell,"Research complete · The residency faculty page lists roughly 40 faculty alphabetically (A-F, G-K, L-R, S-Z) with academic ranks, but each name is a separate profile page and the full roster was not enumerated - so 19 named faculty are captured here against ~40 published and a FREIDA count of 56 physician faculty plus 14 non-physicians. Individual training provenance is not published for most faculty, so 'where they trained' is recorded only for the two documented cases.",NO
1804821110,RISE-NEURO-0008,Baylor College of Medicine Program,TX,"George J. Hutton, M.D.",M.D.,"Professor of Neurology; Medical Director, Maxine Mesinger MS Comprehensive Care Center; MS Fellowship Program Director",Multiple sclerosis / neuroimmunology,,,,,,,,,PARTIALLY_VERIFIED,HIGH,https://www.bcm.edu/departments/neurology/education/multiple-sclerosis-fellowship,19 named faculty captured against approximately 40 published alphabetically on the residency faculty page; FREIDA/registry reports 56 physician faculty plus 14 non-physicians at a 1.30:1 faculty-to-resident ratio with 21.80% female faculty (reused as structural facts). Two documented 'trained-here' signals: PD Corey Goldsmith (neurology residency at BCM) and Steven Bellows (Movement Disorders Fell,"Research complete · The residency faculty page lists roughly 40 faculty alphabetically (A-F, G-K, L-R, S-Z) with academic ranks, but each name is a separate profile page and the full roster was not enumerated - so 19 named faculty are captured here against ~40 published and a FREIDA count of 56 physician faculty plus 14 non-physicians. Individual training provenance is not published for most faculty, so 'where they trained' is recorded only for the two documented cases.",NO
1804821110,RISE-NEURO-0008,Baylor College of Medicine Program,TX,"Hannah Lane Combs, Ph.D., ABPP-CN","Ph.D., ABPP-CN",Assistant Professor,Neuropsychology,,,,,,,,,PARTIALLY_VERIFIED,HIGH,https://www.bcm.edu/healthcare/specialties/neurology/parkinsons-disease-and-movement-disorders/meet-our-team,19 named faculty captured against approximately 40 published alphabetically on the residency faculty page; FREIDA/registry reports 56 physician faculty plus 14 non-physicians at a 1.30:1 faculty-to-resident ratio with 21.80% female faculty (reused as structural facts). Two documented 'trained-here' signals: PD Corey Goldsmith (neurology residency at BCM) and Steven Bellows (Movement Disorders Fell,"Research complete · The residency faculty page lists roughly 40 faculty alphabetically (A-F, G-K, L-R, S-Z) with academic ranks, but each name is a separate profile page and the full roster was not enumerated - so 19 named faculty are captured here against ~40 published and a FREIDA count of 56 physician faculty plus 14 non-physicians. Individual training provenance is not published for most faculty, so 'where they trained' is recorded only for the two documented cases.",NO
1804821110,RISE-NEURO-0008,Baylor College of Medicine Program,TX,"Adriana Macias Strutt, Ph.D., ABPP-CN","Ph.D., ABPP-CN","Professor, Neuropsychology Section; also on the BCM Parkinson's and Movement Disorders clinical team","Neuropsychology; evaluation of bilingual and monolingual Spanish-speaking patients; lead/senior author of 'Culturally and Linguistically Informed Neuropsychological Evaluation Protocol for Primarily Spanish-Speaking Adults' (Archives of Clinical Neuropsychology, 2023); founder of 'Taquitos de Ses...",,,,,,,,True,PARTIALLY_VERIFIED,HIGH,https://www.bcm.edu/healthcare/specialties/neurology/parkinsons-disease-and-movement-disorders/meet-our-team,19 named faculty captured against approximately 40 published alphabetically on the residency faculty page; FREIDA/registry reports 56 physician faculty plus 14 non-physicians at a 1.30:1 faculty-to-resident ratio with 21.80% female faculty (reused as structural facts). Two documented 'trained-here' signals: PD Corey Goldsmith (neurology residency at BCM) and Steven Bellows (Movement Disorders Fell,"Research complete · The residency faculty page lists roughly 40 faculty alphabetically (A-F, G-K, L-R, S-Z) with academic ranks, but each name is a separate profile page and the full roster was not enumerated - so 19 named faculty are captured here against ~40 published and a FREIDA count of 56 physician faculty plus 14 non-physicians. Individual training provenance is not published for most faculty, so 'where they trained' is recorded only for the two documented cases.",NO
1804821110,RISE-NEURO-0008,Baylor College of Medicine Program,TX,"Michele K. York, Ph.D., ABPP-CN","Ph.D., ABPP-CN",Professor,Neuropsychology,,,,,,,,,PARTIALLY_VERIFIED,HIGH,https://www.bcm.edu/healthcare/specialties/neurology/parkinsons-disease-and-movement-disorders/meet-our-team,19 named faculty captured against approximately 40 published alphabetically on the residency faculty page; FREIDA/registry reports 56 physician faculty plus 14 non-physicians at a 1.30:1 faculty-to-resident ratio with 21.80% female faculty (reused as structural facts). Two documented 'trained-here' signals: PD Corey Goldsmith (neurology residency at BCM) and Steven Bellows (Movement Disorders Fell,"Research complete · The residency faculty page lists roughly 40 faculty alphabetically (A-F, G-K, L-R, S-Z) with academic ranks, but each name is a separate profile page and the full roster was not enumerated - so 19 named faculty are captured here against ~40 published and a FREIDA count of 56 physician faculty plus 14 non-physicians. Individual training provenance is not published for most faculty, so 'where they trained' is recorded only for the two documented cases.",NO
1804821110,RISE-NEURO-0008,Baylor College of Medicine Program,TX,"Lisa Yutong Taneff, FNP-BC",FNP-BC,Nurse practitioner,Movement disorders,,,,,,,,,PARTIALLY_VERIFIED,HIGH,https://www.bcm.edu/healthcare/specialties/neurology/parkinsons-disease-and-movement-disorders/meet-our-team,19 named faculty captured against approximately 40 published alphabetically on the residency faculty page; FREIDA/registry reports 56 physician faculty plus 14 non-physicians at a 1.30:1 faculty-to-resident ratio with 21.80% female faculty (reused as structural facts). Two documented 'trained-here' signals: PD Corey Goldsmith (neurology residency at BCM) and Steven Bellows (Movement Disorders Fell,"Research complete · The residency faculty page lists roughly 40 faculty alphabetically (A-F, G-K, L-R, S-Z) with academic ranks, but each name is a separate profile page and the full roster was not enumerated - so 19 named faculty are captured here against ~40 published and a FREIDA count of 56 physician faculty plus 14 non-physicians. Individual training provenance is not published for most faculty, so 'where they trained' is recorded only for the two documented cases.",NO
1804821110,RISE-NEURO-0008,Baylor College of Medicine Program,TX,"Corey Elam Goldsmith, M.D.",M.D.,Program Director; Associate Professor; Chief of Neurology Outpatient Clinics at Ben Taub Hospital,"Headache, EMG/nerve conduction, neuromuscular, neuro-infectious disease, neurology education",,Baylor College of Medicine,,True,,,,,PARTIALLY_VERIFIED,HIGH,https://www.bcm.edu/people-search/corey-goldsmith-22019,19 named faculty captured against approximately 40 published alphabetically on the residency faculty page; FREIDA/registry reports 56 physician faculty plus 14 non-physicians at a 1.30:1 faculty-to-resident ratio with 21.80% female faculty (reused as structural facts). Two documented 'trained-here' signals: PD Corey Goldsmith (neurology residency at BCM) and Steven Bellows (Movement Disorders Fell,"Research complete · The residency faculty page lists roughly 40 faculty alphabetically (A-F, G-K, L-R, S-Z) with academic ranks, but each name is a separate profile page and the full roster was not enumerated - so 19 named faculty are captured here against ~40 published and a FREIDA count of 56 physician faculty plus 14 non-physicians. Individual training provenance is not published for most faculty, so 'where they trained' is recorded only for the two documented cases.",NO
1804821110,RISE-NEURO-0008,Baylor College of Medicine Program,TX,"Doris Hichi Kung, D.O.",D.O.,Vice Chair of Education,,,,,,,,,,PARTIALLY_VERIFIED,HIGH,https://www.bcm.edu/departments/neurology/education/adult-neurology-residency/faculty,19 named faculty captured against approximately 40 published alphabetically on the residency faculty page; FREIDA/registry reports 56 physician faculty plus 14 non-physicians at a 1.30:1 faculty-to-resident ratio with 21.80% female faculty (reused as structural facts). Two documented 'trained-here' signals: PD Corey Goldsmith (neurology residency at BCM) and Steven Bellows (Movement Disorders Fell,"Research complete · The residency faculty page lists roughly 40 faculty alphabetically (A-F, G-K, L-R, S-Z) with academic ranks, but each name is a separate profile page and the full roster was not enumerated - so 19 named faculty are captured here against ~40 published and a FREIDA count of 56 physician faculty plus 14 non-physicians. Individual training provenance is not published for most faculty, so 'where they trained' is recorded only for the two documented cases.",NO
1804821112,RISE-NEURO-0252,University of Texas Health Science Center San Antonio Joe and Teresa Lozano Long School of Medicine Program,TX,Deborah Carver,MD,Professor/Clinical; Headache Specialist; MS3 clerkship director,Headache medicine,,,,,,,,,VERIFIED,HIGH,https://lsom.uthscsa.edu/neurology/comprehensive-neurology-faculty/,"Substantially but not exhaustively published: 36 physicians are named across the department's SEVEN clinical division faculty pages and were enumerated individually from those pages, plus named PA/PT/PhD specialists. FREIDA's 2026 survey reports field_total_physician = 51, field_total_non_physician = 6, field_part_time_paid_physicians = 1, field_ratio_ft_faculty = 1.10, field_pct_ft_female = 44.00",,NO
1804821112,RISE-NEURO-0252,University of Texas Health Science Center San Antonio Joe and Teresa Lozano Long School of Medicine Program,TX,Susan Epner,MD,Faculty,General/comprehensive neurology,,,,,,,,,VERIFIED,HIGH,https://lsom.uthscsa.edu/neurology/comprehensive-neurology-faculty/,"Substantially but not exhaustively published: 36 physicians are named across the department's SEVEN clinical division faculty pages and were enumerated individually from those pages, plus named PA/PT/PhD specialists. FREIDA's 2026 survey reports field_total_physician = 51, field_total_non_physician = 6, field_part_time_paid_physicians = 1, field_ratio_ft_faculty = 1.10, field_pct_ft_female = 44.00",,NO
1804821112,RISE-NEURO-0252,University of Texas Health Science Center San Antonio Joe and Teresa Lozano Long School of Medicine Program,TX,Bruce LeForce,MD,Faculty,General/comprehensive neurology,,,,,,,,,VERIFIED,HIGH,https://lsom.uthscsa.edu/neurology/comprehensive-neurology-faculty/,"Substantially but not exhaustively published: 36 physicians are named across the department's SEVEN clinical division faculty pages and were enumerated individually from those pages, plus named PA/PT/PhD specialists. FREIDA's 2026 survey reports field_total_physician = 51, field_total_non_physician = 6, field_part_time_paid_physicians = 1, field_ratio_ft_faculty = 1.10, field_pct_ft_female = 44.00",,NO
1804821112,RISE-NEURO-0252,University of Texas Health Science Center San Antonio Joe and Teresa Lozano Long School of Medicine Program,TX,Mayur Patel,MD,Faculty,Neurotrauma / traumatic brain injury,,,,,,,,,VERIFIED,HIGH,https://lsom.uthscsa.edu/neurology/comprehensive-neurology-faculty/,"Substantially but not exhaustively published: 36 physicians are named across the department's SEVEN clinical division faculty pages and were enumerated individually from those pages, plus named PA/PT/PhD specialists. FREIDA's 2026 survey reports field_total_physician = 51, field_total_non_physician = 6, field_part_time_paid_physicians = 1, field_ratio_ft_faculty = 1.10, field_pct_ft_female = 44.00",,NO
1804821112,RISE-NEURO-0252,University of Texas Health Science Center San Antonio Joe and Teresa Lozano Long School of Medicine Program,TX,Sara Doyle,MD,Faculty,General/comprehensive neurology,,,,,,,,,VERIFIED,HIGH,https://lsom.uthscsa.edu/neurology/comprehensive-neurology-faculty/,"Substantially but not exhaustively published: 36 physicians are named across the department's SEVEN clinical division faculty pages and were enumerated individually from those pages, plus named PA/PT/PhD specialists. FREIDA's 2026 survey reports field_total_physician = 51, field_total_non_physician = 6, field_part_time_paid_physicians = 1, field_ratio_ft_faculty = 1.10, field_pct_ft_female = 44.00",,NO
1804821112,RISE-NEURO-0252,University of Texas Health Science Center San Antonio Joe and Teresa Lozano Long School of Medicine Program,TX,Romana Kleinguenther,MD,Faculty,General/comprehensive neurology,,,,,,,,,VERIFIED,HIGH,https://lsom.uthscsa.edu/neurology/comprehensive-neurology-faculty/,"Substantially but not exhaustively published: 36 physicians are named across the department's SEVEN clinical division faculty pages and were enumerated individually from those pages, plus named PA/PT/PhD specialists. FREIDA's 2026 survey reports field_total_physician = 51, field_total_non_physician = 6, field_part_time_paid_physicians = 1, field_ratio_ft_faculty = 1.10, field_pct_ft_female = 44.00",,NO
1804821112,RISE-NEURO-0252,University of Texas Health Science Center San Antonio Joe and Teresa Lozano Long School of Medicine Program,TX,Michael Palm,"MD, MBA",Associate Professor/Clinical; Vice Chair for Education Programs; ASSOCIATE PROGRAM DIRECTOR of the residency (he transitioned to APD when Sarah Horn took over as PD),General/comprehensive neurology; medical education,,,,,,,,,VERIFIED,HIGH,https://lsom.uthscsa.edu/neurology/comprehensive-neurology-faculty/,"Substantially but not exhaustively published: 36 physicians are named across the department's SEVEN clinical division faculty pages and were enumerated individually from those pages, plus named PA/PT/PhD specialists. FREIDA's 2026 survey reports field_total_physician = 51, field_total_non_physician = 6, field_part_time_paid_physicians = 1, field_ratio_ft_faculty = 1.10, field_pct_ft_female = 44.00",,NO
1804821112,RISE-NEURO-0252,University of Texas Health Science Center San Antonio Joe and Teresa Lozano Long School of Medicine Program,TX,Missak Tchoulhakian,MD,Neurohospitalist; a Class of 2023 GRADUATE OF THIS RESIDENCY who is now on this faculty,Neurohospitalist medicine,,UT Health San Antonio adult neurology residency,,True,,,,,VERIFIED,HIGH,https://lsom.uthscsa.edu/neurology/comprehensive-neurology-faculty/,"Substantially but not exhaustively published: 36 physicians are named across the department's SEVEN clinical division faculty pages and were enumerated individually from those pages, plus named PA/PT/PhD specialists. FREIDA's 2026 survey reports field_total_physician = 51, field_total_non_physician = 6, field_part_time_paid_physicians = 1, field_ratio_ft_faculty = 1.10, field_pct_ft_female = 44.00",,NO
1804821112,RISE-NEURO-0252,University of Texas Health Science Center San Antonio Joe and Teresa Lozano Long School of Medicine Program,TX,Linda Leary,MD,Faculty,Epilepsy,,,,,,,,,VERIFIED,HIGH,https://lsom.uthscsa.edu/neurology/epilepsy-faculty/,"Substantially but not exhaustively published: 36 physicians are named across the department's SEVEN clinical division faculty pages and were enumerated individually from those pages, plus named PA/PT/PhD specialists. FREIDA's 2026 survey reports field_total_physician = 51, field_total_non_physician = 6, field_part_time_paid_physicians = 1, field_ratio_ft_faculty = 1.10, field_pct_ft_female = 44.00",,NO
1804821112,RISE-NEURO-0252,University of Texas Health Science Center San Antonio Joe and Teresa Lozano Long School of Medicine Program,TX,Kameel Karkar,MD,Faculty,Epilepsy,,,,,,,,,VERIFIED,HIGH,https://lsom.uthscsa.edu/neurology/epilepsy-faculty/,"Substantially but not exhaustively published: 36 physicians are named across the department's SEVEN clinical division faculty pages and were enumerated individually from those pages, plus named PA/PT/PhD specialists. FREIDA's 2026 survey reports field_total_physician = 51, field_total_non_physician = 6, field_part_time_paid_physicians = 1, field_ratio_ft_faculty = 1.10, field_pct_ft_female = 44.00",,NO
1804821112,RISE-NEURO-0252,University of Texas Health Science Center San Antonio Joe and Teresa Lozano Long School of Medicine Program,TX,Lola Morgan,MD,Faculty,Epilepsy,,,,,,,,,VERIFIED,HIGH,https://lsom.uthscsa.edu/neurology/epilepsy-faculty/,"Substantially but not exhaustively published: 36 physicians are named across the department's SEVEN clinical division faculty pages and were enumerated individually from those pages, plus named PA/PT/PhD specialists. FREIDA's 2026 survey reports field_total_physician = 51, field_total_non_physician = 6, field_part_time_paid_physicians = 1, field_ratio_ft_faculty = 1.10, field_pct_ft_female = 44.00",,NO
1804821112,RISE-NEURO-0252,University of Texas Health Science Center San Antonio Joe and Teresa Lozano Long School of Medicine Program,TX,Charles Akos Szabo,MD,"Chief, Division of Epilepsy",Epilepsy,,,,,,,,,VERIFIED,HIGH,https://lsom.uthscsa.edu/neurology/epilepsy-faculty/,"Substantially but not exhaustively published: 36 physicians are named across the department's SEVEN clinical division faculty pages and were enumerated individually from those pages, plus named PA/PT/PhD specialists. FREIDA's 2026 survey reports field_total_physician = 51, field_total_non_physician = 6, field_part_time_paid_physicians = 1, field_ratio_ft_faculty = 1.10, field_pct_ft_female = 44.00",,NO
1804821112,RISE-NEURO-0252,University of Texas Health Science Center San Antonio Joe and Teresa Lozano Long School of Medicine Program,TX,Octavian Lie,MD,Epilepsy Fellowship Program Director,Epilepsy,,,,,,,,,VERIFIED,HIGH,https://lsom.uthscsa.edu/neurology/epilepsy-faculty/,"Substantially but not exhaustively published: 36 physicians are named across the department's SEVEN clinical division faculty pages and were enumerated individually from those pages, plus named PA/PT/PhD specialists. FREIDA's 2026 survey reports field_total_physician = 51, field_total_non_physician = 6, field_part_time_paid_physicians = 1, field_ratio_ft_faculty = 1.10, field_pct_ft_female = 44.00",,NO
1804821112,RISE-NEURO-0252,University of Texas Health Science Center San Antonio Joe and Teresa Lozano Long School of Medicine Program,TX,Sreekanth Koneru,MD,Clinical Neurophysiology Fellowship Program Director,Clinical neurophysiology,,,,,,,,,VERIFIED,HIGH,https://lsom.uthscsa.edu/neurology/epilepsy-faculty/,"Substantially but not exhaustively published: 36 physicians are named across the department's SEVEN clinical division faculty pages and were enumerated individually from those pages, plus named PA/PT/PhD specialists. FREIDA's 2026 survey reports field_total_physician = 51, field_total_non_physician = 6, field_part_time_paid_physicians = 1, field_ratio_ft_faculty = 1.10, field_pct_ft_female = 44.00",,NO
1804821112,RISE-NEURO-0252,University of Texas Health Science Center San Antonio Joe and Teresa Lozano Long School of Medicine Program,TX,Lauren Skalomenos,MD,ASSOCIATE PROGRAM DIRECTOR of the residency; described in the Annual Report as 'a former fellow' of the department,Epilepsy,,,,,,,,,VERIFIED,HIGH,https://lsom.uthscsa.edu/neurology/epilepsy-faculty/,"Substantially but not exhaustively published: 36 physicians are named across the department's SEVEN clinical division faculty pages and were enumerated individually from those pages, plus named PA/PT/PhD specialists. FREIDA's 2026 survey reports field_total_physician = 51, field_total_non_physician = 6, field_part_time_paid_physicians = 1, field_ratio_ft_faculty = 1.10, field_pct_ft_female = 44.00",,NO
1804821112,RISE-NEURO-0252,University of Texas Health Science Center San Antonio Joe and Teresa Lozano Long School of Medicine Program,TX,Fortino Velasco,MD,Faculty,Epilepsy,,,,,,,,,VERIFIED,HIGH,https://lsom.uthscsa.edu/neurology/epilepsy-faculty/,"Substantially but not exhaustively published: 36 physicians are named across the department's SEVEN clinical division faculty pages and were enumerated individually from those pages, plus named PA/PT/PhD specialists. FREIDA's 2026 survey reports field_total_physician = 51, field_total_non_physician = 6, field_part_time_paid_physicians = 1, field_ratio_ft_faculty = 1.10, field_pct_ft_female = 44.00",,NO
1804821112,RISE-NEURO-0252,University of Texas Health Science Center San Antonio Joe and Teresa Lozano Long School of Medicine Program,TX,Sujani Bandela,MD,"Assistant Professor, Vascular Neurology; ASSOCIATE PROGRAM DIRECTOR of the Neurology Residency; Vascular Neurology Fellowship Director",Vascular neurology,,,,,,,,,VERIFIED,HIGH,https://lsom.uthscsa.edu/neurology/vascular-neurology-faculty/,"Substantially but not exhaustively published: 36 physicians are named across the department's SEVEN clinical division faculty pages and were enumerated individually from those pages, plus named PA/PT/PhD specialists. FREIDA's 2026 survey reports field_total_physician = 51, field_total_non_physician = 6, field_part_time_paid_physicians = 1, field_ratio_ft_faculty = 1.10, field_pct_ft_female = 44.00",,NO
1804821112,RISE-NEURO-0252,University of Texas Health Science Center San Antonio Joe and Teresa Lozano Long School of Medicine Program,TX,Mark Goldberg,MD,Professor; Edward B. LeWinn M.D. Memorial Chair,Vascular neurology,,,,,,,,,VERIFIED,HIGH,https://lsom.uthscsa.edu/neurology/vascular-neurology-faculty/,"Substantially but not exhaustively published: 36 physicians are named across the department's SEVEN clinical division faculty pages and were enumerated individually from those pages, plus named PA/PT/PhD specialists. FREIDA's 2026 survey reports field_total_physician = 51, field_total_non_physician = 6, field_part_time_paid_physicians = 1, field_ratio_ft_faculty = 1.10, field_pct_ft_female = 44.00",,NO
1804821112,RISE-NEURO-0252,University of Texas Health Science Center San Antonio Joe and Teresa Lozano Long School of Medicine Program,TX,Reza Behrouz,DO,Faculty,Vascular neurology,,,,,,,,,VERIFIED,HIGH,https://lsom.uthscsa.edu/neurology/vascular-neurology-faculty/,"Substantially but not exhaustively published: 36 physicians are named across the department's SEVEN clinical division faculty pages and were enumerated individually from those pages, plus named PA/PT/PhD specialists. FREIDA's 2026 survey reports field_total_physician = 51, field_total_non_physician = 6, field_part_time_paid_physicians = 1, field_ratio_ft_faculty = 1.10, field_pct_ft_female = 44.00",,NO
1804821112,RISE-NEURO-0252,University of Texas Health Science Center San Antonio Joe and Teresa Lozano Long School of Medicine Program,TX,Ratna Bhavaraju-Sanka,MD,"Chief, Neuromuscular Medicine Division; Vice Chair for Clinical Affairs; AUPN Faculty Leadership Award recipient",Neuromuscular medicine,,,,,,,,,VERIFIED,HIGH,https://lsom.uthscsa.edu/neurology/neuromuscular-faculty/,"Substantially but not exhaustively published: 36 physicians are named across the department's SEVEN clinical division faculty pages and were enumerated individually from those pages, plus named PA/PT/PhD specialists. FREIDA's 2026 survey reports field_total_physician = 51, field_total_non_physician = 6, field_part_time_paid_physicians = 1, field_ratio_ft_faculty = 1.10, field_pct_ft_female = 44.00",,NO
1804821112,RISE-NEURO-0252,University of Texas Health Science Center San Antonio Joe and Teresa Lozano Long School of Medicine Program,TX,Carlayne Jackson,"MD, FAAN",Professor and CHAIR of the Department of Neurology; described in the Annual Report as 'Immediate Past President of the AAN Board of Directors',Neuromuscular medicine,,,,,,,,,VERIFIED,HIGH,https://lsom.uthscsa.edu/neurology/neuromuscular-faculty/,"Substantially but not exhaustively published: 36 physicians are named across the department's SEVEN clinical division faculty pages and were enumerated individually from those pages, plus named PA/PT/PhD specialists. FREIDA's 2026 survey reports field_total_physician = 51, field_total_non_physician = 6, field_part_time_paid_physicians = 1, field_ratio_ft_faculty = 1.10, field_pct_ft_female = 44.00",,NO
1804821112,RISE-NEURO-0252,University of Texas Health Science Center San Antonio Joe and Teresa Lozano Long School of Medicine Program,TX,Cassie Chan,MD,Faculty; a Class of 2022 GRADUATE OF THIS RESIDENCY who went to a Neuromuscular Fellowship at Penn State and is now on this faculty,Neuromuscular medicine,,UT Health San Antonio adult neurology residency,"Neuromuscular, Penn State",True,,,,,VERIFIED,HIGH,https://lsom.uthscsa.edu/neurology/neuromuscular-faculty/,"Substantially but not exhaustively published: 36 physicians are named across the department's SEVEN clinical division faculty pages and were enumerated individually from those pages, plus named PA/PT/PhD specialists. FREIDA's 2026 survey reports field_total_physician = 51, field_total_non_physician = 6, field_part_time_paid_physicians = 1, field_ratio_ft_faculty = 1.10, field_pct_ft_female = 44.00",,NO
1804821112,RISE-NEURO-0252,University of Texas Health Science Center San Antonio Joe and Teresa Lozano Long School of Medicine Program,TX,Matthew Wicklund,"MD, FAAN",Vice Chair for Research,Neuromuscular medicine,,,,,,,,,VERIFIED,HIGH,https://lsom.uthscsa.edu/neurology/neuromuscular-faculty/,"Substantially but not exhaustively published: 36 physicians are named across the department's SEVEN clinical division faculty pages and were enumerated individually from those pages, plus named PA/PT/PhD specialists. FREIDA's 2026 survey reports field_total_physician = 51, field_total_non_physician = 6, field_part_time_paid_physicians = 1, field_ratio_ft_faculty = 1.10, field_pct_ft_female = 44.00",,NO
1804821112,RISE-NEURO-0252,University of Texas Health Science Center San Antonio Joe and Teresa Lozano Long School of Medicine Program,TX,Muhammad 'Samy' Abdullah Abdulla,MD,Faculty; a Class of 2023 GRADUATE OF THIS RESIDENCY who did the UT Health San Antonio Behavioral Neurology Fellowship and is now on this faculty,Behavioral and cognitive neurology,,UT Health San Antonio adult neurology residency,"Behavioral Neurology, UT Health San Antonio",True,,,,,VERIFIED,HIGH,https://lsom.uthscsa.edu/neurology/cognitive-and-behavioral-neurology-faculty/,"Substantially but not exhaustively published: 36 physicians are named across the department's SEVEN clinical division faculty pages and were enumerated individually from those pages, plus named PA/PT/PhD specialists. FREIDA's 2026 survey reports field_total_physician = 51, field_total_non_physician = 6, field_part_time_paid_physicians = 1, field_ratio_ft_faculty = 1.10, field_pct_ft_female = 44.00",,NO
1804821112,RISE-NEURO-0252,University of Texas Health Science Center San Antonio Joe and Teresa Lozano Long School of Medicine Program,TX,Gabriel de Erasquin,"MD, PhD, MS",Clinical Research Core Co-Director; Zachary Foundation Distinguished,Behavioral and cognitive neurology,,,,,,,,,VERIFIED,HIGH,https://lsom.uthscsa.edu/neurology/cognitive-and-behavioral-neurology-faculty/,"Substantially but not exhaustively published: 36 physicians are named across the department's SEVEN clinical division faculty pages and were enumerated individually from those pages, plus named PA/PT/PhD specialists. FREIDA's 2026 survey reports field_total_physician = 51, field_total_non_physician = 6, field_part_time_paid_physicians = 1, field_ratio_ft_faculty = 1.10, field_pct_ft_female = 44.00",,NO
1804821112,RISE-NEURO-0252,University of Texas Health Science Center San Antonio Joe and Teresa Lozano Long School of Medicine Program,TX,Alicia Parker,MD,"Director, Cognitive and Behavioral Neurology Clinic; co-directs the CurePSP Center of Care with Leila Saadatpour",Behavioral and cognitive neurology; PSP/CBD/MSA,,,,,,,,,VERIFIED,HIGH,https://lsom.uthscsa.edu/neurology/cognitive-and-behavioral-neurology-faculty/,"Substantially but not exhaustively published: 36 physicians are named across the department's SEVEN clinical division faculty pages and were enumerated individually from those pages, plus named PA/PT/PhD specialists. FREIDA's 2026 survey reports field_total_physician = 51, field_total_non_physician = 6, field_part_time_paid_physicians = 1, field_ratio_ft_faculty = 1.10, field_pct_ft_female = 44.00",,NO
1804821112,RISE-NEURO-0252,University of Texas Health Science Center San Antonio Joe and Teresa Lozano Long School of Medicine Program,TX,Arash Salardini,MD,"Chief, Behavioral and Cognitive Neurology; Klesse Foundation Distinguished Chair in Alzheimer and Neurodegenerative Diseases; Behavioral Neurology Fellowship Program Director",Behavioral and cognitive neurology,,,,,,,,,VERIFIED,HIGH,https://lsom.uthscsa.edu/neurology/cognitive-and-behavioral-neurology-faculty/,"Substantially but not exhaustively published: 36 physicians are named across the department's SEVEN clinical division faculty pages and were enumerated individually from those pages, plus named PA/PT/PhD specialists. FREIDA's 2026 survey reports field_total_physician = 51, field_total_non_physician = 6, field_part_time_paid_physicians = 1, field_ratio_ft_faculty = 1.10, field_pct_ft_female = 44.00",,NO
1804821112,RISE-NEURO-0252,University of Texas Health Science Center San Antonio Joe and Teresa Lozano Long School of Medicine Program,TX,Sudha Seshadri,MD,"Director, Glenn Biggs Institute for Alzheimer's & Neurodegenerative Diseases",Behavioral and cognitive neurology; dementia research,,,,,,,,,VERIFIED,HIGH,https://lsom.uthscsa.edu/neurology/cognitive-and-behavioral-neurology-faculty/,"Substantially but not exhaustively published: 36 physicians are named across the department's SEVEN clinical division faculty pages and were enumerated individually from those pages, plus named PA/PT/PhD specialists. FREIDA's 2026 survey reports field_total_physician = 51, field_total_non_physician = 6, field_part_time_paid_physicians = 1, field_ratio_ft_faculty = 1.10, field_pct_ft_female = 44.00",,NO
1804821112,RISE-NEURO-0252,University of Texas Health Science Center San Antonio Joe and Teresa Lozano Long School of Medicine Program,TX,Jeremy Tanner,MD,Faculty,Behavioral and cognitive neurology,,,,,,,,,VERIFIED,HIGH,https://lsom.uthscsa.edu/neurology/cognitive-and-behavioral-neurology-faculty/,"Substantially but not exhaustively published: 36 physicians are named across the department's SEVEN clinical division faculty pages and were enumerated individually from those pages, plus named PA/PT/PhD specialists. FREIDA's 2026 survey reports field_total_physician = 51, field_total_non_physician = 6, field_part_time_paid_physicians = 1, field_ratio_ft_faculty = 1.10, field_pct_ft_female = 44.00",,NO
1804821112,RISE-NEURO-0252,University of Texas Health Science Center San Antonio Joe and Teresa Lozano Long School of Medicine Program,TX,Antonio Teixeira,MD,Faculty,Behavioral and cognitive neurology,,,,,,,,,VERIFIED,HIGH,https://lsom.uthscsa.edu/neurology/cognitive-and-behavioral-neurology-faculty/,"Substantially but not exhaustively published: 36 physicians are named across the department's SEVEN clinical division faculty pages and were enumerated individually from those pages, plus named PA/PT/PhD specialists. FREIDA's 2026 survey reports field_total_physician = 51, field_total_non_physician = 6, field_part_time_paid_physicians = 1, field_ratio_ft_faculty = 1.10, field_pct_ft_female = 44.00",,NO
1804821112,RISE-NEURO-0252,University of Texas Health Science Center San Antonio Joe and Teresa Lozano Long School of Medicine Program,TX,Okeanis Vaou,MD,Associate Professor/Clinical; CHIEF of the Division of Movement Disorders; Vice Chair for Faculty Development and Wellness; Movement Disorders Fellowship Program Director; overall Neurology Fellowship,Movement disorders,,,,,,,,,VERIFIED,HIGH,https://lsom.uthscsa.edu/neurology/movement-disorders-faculty/,"Substantially but not exhaustively published: 36 physicians are named across the department's SEVEN clinical division faculty pages and were enumerated individually from those pages, plus named PA/PT/PhD specialists. FREIDA's 2026 survey reports field_total_physician = 51, field_total_non_physician = 6, field_part_time_paid_physicians = 1, field_ratio_ft_faculty = 1.10, field_pct_ft_female = 44.00",,NO
1804821112,RISE-NEURO-0252,University of Texas Health Science Center San Antonio Joe and Teresa Lozano Long School of Medicine Program,TX,Sarah Horn,MD,"Assistant Professor/Clinical, Parkinson's Disease and Movement Disorders Program; the sitting NEUROLOGY RESIDENCY PROGRAM DIRECTOR",Movement disorders,,,,,,,,,VERIFIED,HIGH,https://lsom.uthscsa.edu/neurology/movement-disorders-faculty/,"Substantially but not exhaustively published: 36 physicians are named across the department's SEVEN clinical division faculty pages and were enumerated individually from those pages, plus named PA/PT/PhD specialists. FREIDA's 2026 survey reports field_total_physician = 51, field_total_non_physician = 6, field_part_time_paid_physicians = 1, field_ratio_ft_faculty = 1.10, field_pct_ft_female = 44.00",,NO
1804821112,RISE-NEURO-0252,University of Texas Health Science Center San Antonio Joe and Teresa Lozano Long School of Medicine Program,TX,Pablo Coss,MD,Assistant Professor/Clinical; a Class of 2020 GRADUATE OF THIS RESIDENCY who did the UT Health San Antonio Movement Disorders Fellowship and returned as faculty; travels regularly to the Movement Diso,Movement disorders,,UT Health San Antonio adult neurology residency,"Movement Disorders, UT Health San Antonio",True,,,,,VERIFIED,HIGH,https://lsom.uthscsa.edu/neurology/movement-disorders-faculty/,"Substantially but not exhaustively published: 36 physicians are named across the department's SEVEN clinical division faculty pages and were enumerated individually from those pages, plus named PA/PT/PhD specialists. FREIDA's 2026 survey reports field_total_physician = 51, field_total_non_physician = 6, field_part_time_paid_physicians = 1, field_ratio_ft_faculty = 1.10, field_pct_ft_female = 44.00",,NO
1804821112,RISE-NEURO-0252,University of Texas Health Science Center San Antonio Joe and Teresa Lozano Long School of Medicine Program,TX,Leila Saadatpour,MD,Assistant Professor/Clinical; a Class of 2022 GRADUATE OF THIS RESIDENCY who trained in Movement Disorders at Cleveland Clinic and returned; co-directs the CurePSP Center of Care with Alicia Parker,Movement disorders; PSP/CBD/MSA,,UT Health San Antonio adult neurology residency,"Movement Disorders, Cleveland Clinic",True,,,,,VERIFIED,HIGH,https://lsom.uthscsa.edu/neurology/movement-disorders-faculty/,"Substantially but not exhaustively published: 36 physicians are named across the department's SEVEN clinical division faculty pages and were enumerated individually from those pages, plus named PA/PT/PhD specialists. FREIDA's 2026 survey reports field_total_physician = 51, field_total_non_physician = 6, field_part_time_paid_physicians = 1, field_ratio_ft_faculty = 1.10, field_pct_ft_female = 44.00",,NO
1804821112,RISE-NEURO-0252,University of Texas Health Science Center San Antonio Joe and Teresa Lozano Long School of Medicine Program,TX,Tania Reyna,MD,"Associate Professor/Clinical; CHIEF, Division of Neuroimmunology; MS/Neuroimmunology Fellowship Program Director",Multiple sclerosis and neuroimmunology,,,,,,,,,VERIFIED,HIGH,https://lsom.uthscsa.edu/neurology/neuroimmunology-faculty/,"Substantially but not exhaustively published: 36 physicians are named across the department's SEVEN clinical division faculty pages and were enumerated individually from those pages, plus named PA/PT/PhD specialists. FREIDA's 2026 survey reports field_total_physician = 51, field_total_non_physician = 6, field_part_time_paid_physicians = 1, field_ratio_ft_faculty = 1.10, field_pct_ft_female = 44.00",,NO
1804821112,RISE-NEURO-0252,University of Texas Health Science Center San Antonio Joe and Teresa Lozano Long School of Medicine Program,TX,Lyndsey Hale,MD,Assistant Professor/Clinical,Multiple sclerosis and neuroimmunology,,,,,,,,,VERIFIED,HIGH,https://lsom.uthscsa.edu/neurology/neuroimmunology-faculty/,"Substantially but not exhaustively published: 36 physicians are named across the department's SEVEN clinical division faculty pages and were enumerated individually from those pages, plus named PA/PT/PhD specialists. FREIDA's 2026 survey reports field_total_physician = 51, field_total_non_physician = 6, field_part_time_paid_physicians = 1, field_ratio_ft_faculty = 1.10, field_pct_ft_female = 44.00",,NO
1804821127,RISE-NEURO-0147,San Antonio Uniformed Services Health Education Consortium Program,TX,Alexis E. Nelson (Lt Col),MD,"Program Director; Staff Neurologist and Neurophysiologist, Brooke Army Medical Center; Neurology Consultant to the Air Force Surgeon General",Clinical neurophysiology; research in clinical neurophysiology and traumatic brain injury,,"SAUSHEC neurology residency, completed 2015","Clinical Neurophysiology, Penn State Hershey, completed 2016",True,,,,,PARTIALLY_VERIFIED,HIGH,https://medschool.usuhs.edu/profile/alexis-nelson-md,"FREIDA 1804821127 reports 'Program Faculty: 11', 'Faculty/Resident Ratio: 1.1:1', 'Female Faculty: 28.6%', 'Faculty Distribution: Physicians (11), Non-Physicians (--)'. Eleven physician faculty against eight residents is a genuinely favourable ratio, and the registry's 'Program Faculty Count: 11' is CONFIRMED as a real number, not the FREIDA zero-sentinel defect seen elsewhere. CAVEAT PRESERVED: t","Research complete · THE PROGRAM PUBLISHES NO FACULTY ROSTER PAGE. The 11-physician count is confirmed, but the individual names had to be assembled one at a time against official USU and .mil profiles, and only six could be corroborated that way. Additional names surfaced through physician-directory aggregators (Ronak Patel, Eleanor Avery, Jason Harris) and are deliberately NOT reported, because they could not be corroborated against an official .mil or .edu source. So roughly five of the eleven faculty are unnamed in public materials — an unpublished roster, not an unsearched one.",NO
1804821127,RISE-NEURO-0147,San Antonio Uniformed Services Health Education Consortium Program,TX,Paul M. Elsbernd (Lt Col),"MD, MS","Associate Program Director; Staff Neurologist/Neuroimmunologist, San Antonio Military Medical Center","MOG Antibody Disease and Multiple Sclerosis; research in MOGAD and TBI computational modeling; publications on monoclonal antibodies for MS, tocilizumab for MOGAD, neuroschistosomiasis and anoxic brain injury",,Neurology residency at BAMC (with an internal medicine internship at BAMC),"Neuroimmunology, Mayo Clinic - Arizona",True,,,,,PARTIALLY_VERIFIED,HIGH,https://www.usuhs.edu/profile/paul-elsbernd-md-ms,"FREIDA 1804821127 reports 'Program Faculty: 11', 'Faculty/Resident Ratio: 1.1:1', 'Female Faculty: 28.6%', 'Faculty Distribution: Physicians (11), Non-Physicians (--)'. Eleven physician faculty against eight residents is a genuinely favourable ratio, and the registry's 'Program Faculty Count: 11' is CONFIRMED as a real number, not the FREIDA zero-sentinel defect seen elsewhere. CAVEAT PRESERVED: t","Research complete · THE PROGRAM PUBLISHES NO FACULTY ROSTER PAGE. The 11-physician count is confirmed, but the individual names had to be assembled one at a time against official USU and .mil profiles, and only six could be corroborated that way. Additional names surfaced through physician-directory aggregators (Ronak Patel, Eleanor Avery, Jason Harris) and are deliberately NOT reported, because they could not be corroborated against an official .mil or .edu source. So roughly five of the eleven faculty are unnamed in public materials — an unpublished roster, not an unsearched one.",NO
1804821127,RISE-NEURO-0147,San Antonio Uniformed Services Health Education Consortium Program,TX,Tyler Koehn (Maj),MD,"Vascular Neurologist and Clerkship Site Director, SAMMC",Vascular neurology,,"SAUSHEC neurology residency 2015-2018, chief resident 2017-2018 (SAUSHEC Internal Medicine internship 2014-2015)","Vascular Neurology, Barrow Neurological Institute (2019-2020)",True,,,,,PARTIALLY_VERIFIED,HIGH,https://medschool.usuhs.edu/profile/tyler-koehn-md,"FREIDA 1804821127 reports 'Program Faculty: 11', 'Faculty/Resident Ratio: 1.1:1', 'Female Faculty: 28.6%', 'Faculty Distribution: Physicians (11), Non-Physicians (--)'. Eleven physician faculty against eight residents is a genuinely favourable ratio, and the registry's 'Program Faculty Count: 11' is CONFIRMED as a real number, not the FREIDA zero-sentinel defect seen elsewhere. CAVEAT PRESERVED: t","Research complete · THE PROGRAM PUBLISHES NO FACULTY ROSTER PAGE. The 11-physician count is confirmed, but the individual names had to be assembled one at a time against official USU and .mil profiles, and only six could be corroborated that way. Additional names surfaced through physician-directory aggregators (Ronak Patel, Eleanor Avery, Jason Harris) and are deliberately NOT reported, because they could not be corroborated against an official .mil or .edu source. So roughly five of the eleven faculty are unnamed in public materials — an unpublished roster, not an unsearched one.",NO
1804821127,RISE-NEURO-0147,San Antonio Uniformed Services Health Education Consortium Program,TX,William Hoffman (Maj),MD,"Attending Neurologist and Movement Disorders Specialist, Brooke Army Medical Center; Medical Director, Joint Integrated Clinical Medicine, 59th Medical Wing, JBSA","Movement disorders — trained in deep brain stimulation and botulinum toxin injection; research in aircrew brain health, aeromedical screening, migraine in aircrew, and early-onset Parkinson's disease in service members",,"SAUSHEC neurology residency, where he 'was chief resident and awarded the San Antonio Uniformed Health Education Consortium Maj John Berry Resident of the Year'","Movement Disorders, Columbia University Medical Center",True,,,,,PARTIALLY_VERIFIED,HIGH,https://www.usuhs.edu/profile/william-hoffman-md,"FREIDA 1804821127 reports 'Program Faculty: 11', 'Faculty/Resident Ratio: 1.1:1', 'Female Faculty: 28.6%', 'Faculty Distribution: Physicians (11), Non-Physicians (--)'. Eleven physician faculty against eight residents is a genuinely favourable ratio, and the registry's 'Program Faculty Count: 11' is CONFIRMED as a real number, not the FREIDA zero-sentinel defect seen elsewhere. CAVEAT PRESERVED: t","Research complete · THE PROGRAM PUBLISHES NO FACULTY ROSTER PAGE. The 11-physician count is confirmed, but the individual names had to be assembled one at a time against official USU and .mil profiles, and only six could be corroborated that way. Additional names surfaced through physician-directory aggregators (Ronak Patel, Eleanor Avery, Jason Harris) and are deliberately NOT reported, because they could not be corroborated against an official .mil or .edu source. So roughly five of the eleven faculty are unnamed in public materials — an unpublished roster, not an unsearched one.",NO
1804821127,RISE-NEURO-0147,San Antonio Uniformed Services Health Education Consortium Program,TX,Jessie Jacobson (Maj),DO,Described in an official April 2025 BAMC/JBSA article as a BAMC neurologist and movement-disorder specialist,Movement disorders; she describes the BAMC DBS programming workflow in the official article,,,"Movement Disorders (Mayo Clinic, per a civilian practice biography)",,,,,,PARTIALLY_VERIFIED,MEDIUM,https://www.jbsa.mil/News/News/Article/4155379/two-neurologists-at-bamc-focus-on-movement-disorders-parkinsons-disease/,"FREIDA 1804821127 reports 'Program Faculty: 11', 'Faculty/Resident Ratio: 1.1:1', 'Female Faculty: 28.6%', 'Faculty Distribution: Physicians (11), Non-Physicians (--)'. Eleven physician faculty against eight residents is a genuinely favourable ratio, and the registry's 'Program Faculty Count: 11' is CONFIRMED as a real number, not the FREIDA zero-sentinel defect seen elsewhere. CAVEAT PRESERVED: t","Research complete · THE PROGRAM PUBLISHES NO FACULTY ROSTER PAGE. The 11-physician count is confirmed, but the individual names had to be assembled one at a time against official USU and .mil profiles, and only six could be corroborated that way. Additional names surfaced through physician-directory aggregators (Ronak Patel, Eleanor Avery, Jason Harris) and are deliberately NOT reported, because they could not be corroborated against an official .mil or .edu source. So roughly five of the eleven faculty are unnamed in public materials — an unpublished roster, not an unsearched one.",NO
1804821127,RISE-NEURO-0147,San Antonio Uniformed Services Health Education Consortium Program,TX,Adam M. Willis (Lt Col),MD,"FORMERLY staff neurologist and neurointensivist at BAMC, with multi-million-dollar grants in brain injury biomechanics, neuroergonomics and operational medicine. Announced in December 2025 as Chair of","Neurocritical care; brain injury biomechanics, neuroergonomics, operational medicine",,,,,,,,,PARTIALLY_VERIFIED,LOW,https://www.health.mil/Education-and-Training/DHA-GME/Institutions/SAUSHEC/Programs/neuro,"FREIDA 1804821127 reports 'Program Faculty: 11', 'Faculty/Resident Ratio: 1.1:1', 'Female Faculty: 28.6%', 'Faculty Distribution: Physicians (11), Non-Physicians (--)'. Eleven physician faculty against eight residents is a genuinely favourable ratio, and the registry's 'Program Faculty Count: 11' is CONFIRMED as a real number, not the FREIDA zero-sentinel defect seen elsewhere. CAVEAT PRESERVED: t","Research complete · THE PROGRAM PUBLISHES NO FACULTY ROSTER PAGE. The 11-physician count is confirmed, but the individual names had to be assembled one at a time against official USU and .mil profiles, and only six could be corroborated that way. Additional names surfaced through physician-directory aggregators (Ronak Patel, Eleanor Avery, Jason Harris) and are deliberately NOT reported, because they could not be corroborated against an official .mil or .edu source. So roughly five of the eleven faculty are unnamed in public materials — an unpublished roster, not an unsearched one.",NO
1804831111,RISE-NEURO-0250,University of Texas Health Science Center at Houston Program,TX,"Sean I. Savitz, MD",MD,"Director, Institute for Stroke and Cerebrovascular Diseases (Frank M. Yatsu Chair); runs one of the largest academic stroke programs",Stroke / cerebrovascular,,,,,,,,,VERIFIED,HIGH,https://med.uth.edu/neurology/faculty/,"25 named faculty captured - every major neurology subspecialty has a named division director - against a Department of Neurology listing roughly 180+ faculty across ranks and a FREIDA count of 66 program faculty (physicians 66, non-physicians 0) with a 1.40:1 faculty-to-resident ratio and 47% female faculty (counts, ratio and gender percentage reused from the registry; names, roles and trained-her",,NO
1804831111,RISE-NEURO-0250,University of Texas Health Science Center at Houston Program,TX,"Samden Lhatoo, MD, FRCP","MD, FRCP","Director, Texas Comprehensive Epilepsy Program; Executive Vice Chair",Epilepsy,,,,,,,,,VERIFIED,HIGH,https://med.uth.edu/neurology/faculty/,"25 named faculty captured - every major neurology subspecialty has a named division director - against a Department of Neurology listing roughly 180+ faculty across ranks and a FREIDA count of 66 program faculty (physicians 66, non-physicians 0) with a 1.40:1 faculty-to-resident ratio and 47% female faculty (counts, ratio and gender percentage reused from the registry; names, roles and trained-her",,NO
1804831111,RISE-NEURO-0250,University of Texas Health Science Center at Houston Program,TX,"Mya C. Schiess, MD",MD,"Chief/Director, Movement Disorders and Neurodegenerative Diseases (Adriana Blood Distinguished Chair); Movement Disorders fellowship PD",Movement disorders / neurodegenerative disease,,,,,,,,,VERIFIED,HIGH,https://med.uth.edu/neurology/movement-disorders/utmove-team/,"25 named faculty captured - every major neurology subspecialty has a named division director - against a Department of Neurology listing roughly 180+ faculty across ranks and a FREIDA count of 66 program faculty (physicians 66, non-physicians 0) with a 1.40:1 faculty-to-resident ratio and 47% female faculty (counts, ratio and gender percentage reused from the registry; names, roles and trained-her",,NO
1804831111,RISE-NEURO-0250,University of Texas Health Science Center at Houston Program,TX,"J. William Lindsey, MD",MD,"Director, Multiple Sclerosis and Neuroimmunology",MS / neuroimmunology,,,,,,,,,VERIFIED,HIGH,https://med.uth.edu/neurology/specialty-programs/multiple-sclerosis/multiple-sclerosis-faculty/,"25 named faculty captured - every major neurology subspecialty has a named division director - against a Department of Neurology listing roughly 180+ faculty across ranks and a FREIDA count of 66 program faculty (physicians 66, non-physicians 0) with a 1.40:1 faculty-to-resident ratio and 47% female faculty (counts, ratio and gender percentage reused from the registry; names, roles and trained-her",,NO
1804831111,RISE-NEURO-0250,University of Texas Health Science Center at Houston Program,TX,"Kazim A. Sheikh, MD",MD,"Director, Neuromuscular",Neuromuscular,,,,,,,,,VERIFIED,HIGH,https://med.uth.edu/neurology/faculty/,"25 named faculty captured - every major neurology subspecialty has a named division director - against a Department of Neurology listing roughly 180+ faculty across ranks and a FREIDA count of 66 program faculty (physicians 66, non-physicians 0) with a 1.40:1 faculty-to-resident ratio and 47% female faculty (counts, ratio and gender percentage reused from the registry; names, roles and trained-her",,NO
1804831111,RISE-NEURO-0250,University of Texas Health Science Center at Houston Program,TX,"Paul E. Schulz, MD",MD,"Director, Neurocognitive Disorders",Neurocognitive disorders,,,,,,,,,VERIFIED,HIGH,https://med.uth.edu/neurology/faculty/,"25 named faculty captured - every major neurology subspecialty has a named division director - against a Department of Neurology listing roughly 180+ faculty across ranks and a FREIDA count of 66 program faculty (physicians 66, non-physicians 0) with a 1.40:1 faculty-to-resident ratio and 47% female faculty (counts, ratio and gender percentage reused from the registry; names, roles and trained-her",,NO
1804831111,RISE-NEURO-0250,University of Texas Health Science Center at Houston Program,TX,"Claudio Soto, PhD",PhD,"Director, Mitchell Center for Alzheimer's Disease",Alzheimer's disease research,,,,,,,,,VERIFIED,HIGH,https://med.uth.edu/neurology/faculty/,"25 named faculty captured - every major neurology subspecialty has a named division director - against a Department of Neurology listing roughly 180+ faculty across ranks and a FREIDA count of 66 program faculty (physicians 66, non-physicians 0) with a 1.40:1 faculty-to-resident ratio and 47% female faculty (counts, ratio and gender percentage reused from the registry; names, roles and trained-her",,NO
1804831111,RISE-NEURO-0250,University of Texas Health Science Center at Houston Program,TX,"Jaroslaw Aronowski, MD, PhD","MD, PhD",Vice Chair for Research,Stroke research,,,,,,,,,VERIFIED,HIGH,https://med.uth.edu/neurology/faculty/,"25 named faculty captured - every major neurology subspecialty has a named division director - against a Department of Neurology listing roughly 180+ faculty across ranks and a FREIDA count of 66 program faculty (physicians 66, non-physicians 0) with a 1.40:1 faculty-to-resident ratio and 47% female faculty (counts, ratio and gender percentage reused from the registry; names, roles and trained-her",,NO
1804831111,RISE-NEURO-0250,University of Texas Health Science Center at Houston Program,TX,"Jun Li, PhD",PhD,"Director, Basic Stroke Research",Stroke research,,,,,,,,,VERIFIED,HIGH,https://med.uth.edu/neurology/faculty/,"25 named faculty captured - every major neurology subspecialty has a named division director - against a Department of Neurology listing roughly 180+ faculty across ranks and a FREIDA count of 66 program faculty (physicians 66, non-physicians 0) with a 1.40:1 faculty-to-resident ratio and 47% female faculty (counts, ratio and gender percentage reused from the registry; names, roles and trained-her",,NO
1804831111,RISE-NEURO-0250,University of Texas Health Science Center at Houston Program,TX,"Sean P. Marrelli, PhD",PhD,"Director, BRAINS Laboratory",Neuroscience research,,,,,,,,,VERIFIED,HIGH,https://med.uth.edu/neurology/faculty/,"25 named faculty captured - every major neurology subspecialty has a named division director - against a Department of Neurology listing roughly 180+ faculty across ranks and a FREIDA count of 66 program faculty (physicians 66, non-physicians 0) with a 1.40:1 faculty-to-resident ratio and 47% female faculty (counts, ratio and gender percentage reused from the registry; names, roles and trained-her",,NO
1804831111,RISE-NEURO-0250,University of Texas Health Science Center at Houston Program,TX,"Sishir Mannava, MD",MD,"Program Director, Vascular Neurology fellowship",Vascular neurology,,,,,,,,,VERIFIED,HIGH,https://med.uth.edu/neurology/faculty/,"25 named faculty captured - every major neurology subspecialty has a named division director - against a Department of Neurology listing roughly 180+ faculty across ranks and a FREIDA count of 66 program faculty (physicians 66, non-physicians 0) with a 1.40:1 faculty-to-resident ratio and 47% female faculty (counts, ratio and gender percentage reused from the registry; names, roles and trained-her",,NO
1804831111,RISE-NEURO-0250,University of Texas Health Science Center at Houston Program,TX,"Thy Nguyen, MD",MD,"Program Director, Clinical Neurophysiology fellowship",Clinical neurophysiology,,,,,,,,,VERIFIED,HIGH,https://med.uth.edu/neurology/faculty/,"25 named faculty captured - every major neurology subspecialty has a named division director - against a Department of Neurology listing roughly 180+ faculty across ranks and a FREIDA count of 66 program faculty (physicians 66, non-physicians 0) with a 1.40:1 faculty-to-resident ratio and 47% female faculty (counts, ratio and gender percentage reused from the registry; names, roles and trained-her",,NO
1804831111,RISE-NEURO-0250,University of Texas Health Science Center at Houston Program,TX,"Erin Furr Stimming, MD",MD,"Memorial Hermann Endowed Chair; neurology clerkship director; founder/director, HDSA Center of Excellence",Huntington's disease / movement disorders,,,,,,,,,VERIFIED,HIGH,https://med.uth.edu/neurology/faculty/,"25 named faculty captured - every major neurology subspecialty has a named division director - against a Department of Neurology listing roughly 180+ faculty across ranks and a FREIDA count of 66 program faculty (physicians 66, non-physicians 0) with a 1.40:1 faculty-to-resident ratio and 47% female faculty (counts, ratio and gender percentage reused from the registry; names, roles and trained-her",,NO
1804831111,RISE-NEURO-0250,University of Texas Health Science Center at Houston Program,TX,"Raja Mehanna, MD",MD,"Co-director, DBS and Advanced Therapies; Director of movement disorders curriculum for fellows and residents",Movement disorders / DBS,,,,,,,,,VERIFIED,HIGH,https://med.uth.edu/neurology/movement-disorders/utmove-team/,"25 named faculty captured - every major neurology subspecialty has a named division director - against a Department of Neurology listing roughly 180+ faculty across ranks and a FREIDA count of 66 program faculty (physicians 66, non-physicians 0) with a 1.40:1 faculty-to-resident ratio and 47% female faculty (counts, ratio and gender percentage reused from the registry; names, roles and trained-her",,NO
1804831111,RISE-NEURO-0250,University of Texas Health Science Center at Houston Program,TX,"Shivika Chandra, MD",MD,Medical director for neurology at LBJ Hospital,,,,,,,,,,VERIFIED,HIGH,https://med.uth.edu/neurology/faculty/,"25 named faculty captured - every major neurology subspecialty has a named division director - against a Department of Neurology listing roughly 180+ faculty across ranks and a FREIDA count of 66 program faculty (physicians 66, non-physicians 0) with a 1.40:1 faculty-to-resident ratio and 47% female faculty (counts, ratio and gender percentage reused from the registry; names, roles and trained-her",,NO
1804831111,RISE-NEURO-0250,University of Texas Health Science Center at Houston Program,TX,"Anjail Z. Sharrief, MD, MPH","MD, MPH","Faculty, stroke health disparities",Stroke health disparities,,,,,,,,,VERIFIED,HIGH,https://med.uth.edu/neurology/faculty/,"25 named faculty captured - every major neurology subspecialty has a named division director - against a Department of Neurology listing roughly 180+ faculty across ranks and a FREIDA count of 66 program faculty (physicians 66, non-physicians 0) with a 1.40:1 faculty-to-resident ratio and 47% female faculty (counts, ratio and gender percentage reused from the registry; names, roles and trained-her",,NO
1804831111,RISE-NEURO-0250,University of Texas Health Science Center at Houston Program,TX,"Elizabeth A. Noser, MD",MD,Vascular neurology; founder of Stomp Out Stroke; co-chairs a Community Advisory Board,Vascular neurology; community outreach,,,,,,,,,VERIFIED,HIGH,https://med.uth.edu/neurology/faculty/,"25 named faculty captured - every major neurology subspecialty has a named division director - against a Department of Neurology listing roughly 180+ faculty across ranks and a FREIDA count of 66 program faculty (physicians 66, non-physicians 0) with a 1.40:1 faculty-to-resident ratio and 47% female faculty (counts, ratio and gender percentage reused from the registry; names, roles and trained-her",,NO
1804831111,RISE-NEURO-0250,University of Texas Health Science Center at Houston Program,TX,"Louise D. McCullough, MD, PhD, FAHA","MD, PhD",Professor and Chair (Roy M. and Phyllis Gough Huffington Distinguished Chair),Stroke,,,,,,,,,VERIFIED,HIGH,https://med.uth.edu/neurology/faculty/,"25 named faculty captured - every major neurology subspecialty has a named division director - against a Department of Neurology listing roughly 180+ faculty across ranks and a FREIDA count of 66 program faculty (physicians 66, non-physicians 0) with a 1.40:1 faculty-to-resident ratio and 47% female faculty (counts, ratio and gender percentage reused from the registry; names, roles and trained-her",,NO
1804831111,RISE-NEURO-0250,University of Texas Health Science Center at Houston Program,TX,"Amanda Jagolino-Cole, MD",MD,Vice Chair of Education,,,,,,,,,,VERIFIED,HIGH,https://med.uth.edu/neurology/faculty/,"25 named faculty captured - every major neurology subspecialty has a named division director - against a Department of Neurology listing roughly 180+ faculty across ranks and a FREIDA count of 66 program faculty (physicians 66, non-physicians 0) with a 1.40:1 faculty-to-resident ratio and 47% female faculty (counts, ratio and gender percentage reused from the registry; names, roles and trained-her",,NO
1804831111,RISE-NEURO-0250,University of Texas Health Science Center at Houston Program,TX,"Kimberly E. Monday, MD",MD,"Vice Chair, Clinical Operations",,,,,,,,,,VERIFIED,HIGH,https://med.uth.edu/neurology/faculty/,"25 named faculty captured - every major neurology subspecialty has a named division director - against a Department of Neurology listing roughly 180+ faculty across ranks and a FREIDA count of 66 program faculty (physicians 66, non-physicians 0) with a 1.40:1 faculty-to-resident ratio and 47% female faculty (counts, ratio and gender percentage reused from the registry; names, roles and trained-her",,NO
1804831111,RISE-NEURO-0250,University of Texas Health Science Center at Houston Program,TX,"Melissa J. Christie, MD",MD,"Program Director; Assistant Professor, Movement Disorders division",Movement disorders; DBS programming; genetics of Parkinson's disease,,,,,,,,,VERIFIED,HIGH,https://med.uth.edu/neurology/education/residency-training-program/,"25 named faculty captured - every major neurology subspecialty has a named division director - against a Department of Neurology listing roughly 180+ faculty across ranks and a FREIDA count of 66 program faculty (physicians 66, non-physicians 0) with a 1.40:1 faculty-to-resident ratio and 47% female faculty (counts, ratio and gender percentage reused from the registry; names, roles and trained-her",,NO
1804831111,RISE-NEURO-0250,University of Texas Health Science Center at Houston Program,TX,"Aidan Azher, MD",MD,Associate Program Director,,,,,,,,,,VERIFIED,HIGH,https://med.uth.edu/neurology/education/residency-training-program/,"25 named faculty captured - every major neurology subspecialty has a named division director - against a Department of Neurology listing roughly 180+ faculty across ranks and a FREIDA count of 66 program faculty (physicians 66, non-physicians 0) with a 1.40:1 faculty-to-resident ratio and 47% female faculty (counts, ratio and gender percentage reused from the registry; names, roles and trained-her",,NO
1804831111,RISE-NEURO-0250,University of Texas Health Science Center at Houston Program,TX,"Kyrillos Eskander, MD",MD,Associate Program Director,,,,,,,,,,VERIFIED,HIGH,https://med.uth.edu/neurology/education/residency-training-program/,"25 named faculty captured - every major neurology subspecialty has a named division director - against a Department of Neurology listing roughly 180+ faculty across ranks and a FREIDA count of 66 program faculty (physicians 66, non-physicians 0) with a 1.40:1 faculty-to-resident ratio and 47% female faculty (counts, ratio and gender percentage reused from the registry; names, roles and trained-her",,NO
1804831111,RISE-NEURO-0250,University of Texas Health Science Center at Houston Program,TX,"Swati Pradeep, DO",DO,Assistant Professor,Movement disorders,,,"Movement disorders fellowship, UTHealth Houston (completed 2020)",True,,,,,VERIFIED,HIGH,https://med.uth.edu/neurology/movement-disorders/utmove-team/,"25 named faculty captured - every major neurology subspecialty has a named division director - against a Department of Neurology listing roughly 180+ faculty across ranks and a FREIDA count of 66 program faculty (physicians 66, non-physicians 0) with a 1.40:1 faculty-to-resident ratio and 47% female faculty (counts, ratio and gender percentage reused from the registry; names, roles and trained-her",,NO
1804831111,RISE-NEURO-0250,University of Texas Health Science Center at Houston Program,TX,"Elsa Rodarte, MD",MD,Assistant Professor,Movement disorders,,,"Two years of movement disorders fellowship, UTHealth Houston (completed 2023)",True,,,,,VERIFIED,HIGH,https://med.uth.edu/neurology/movement-disorders/utmove-team/,"25 named faculty captured - every major neurology subspecialty has a named division director - against a Department of Neurology listing roughly 180+ faculty across ranks and a FREIDA count of 66 program faculty (physicians 66, non-physicians 0) with a 1.40:1 faculty-to-resident ratio and 47% female faculty (counts, ratio and gender percentage reused from the registry; names, roles and trained-her",,NO
1801100001,RISE-NEURO-0057,HCA Florida Healthcare/Westside/Northwest Hospital Program,FL,Sonia Kalirao,MD,Program Director,"Clinical Neurophysiology, Epilepsy, Neuromuscular Medicine",,,,,,,,,PARTIALLY_VERIFIED,HIGH,https://hcahealthcaregme.com/locations/hca-florida-westside-hospital/neurology-residency/faculty.dot,,"Research complete · The program publishes 20 named faculty with their subspecialties, but does not say which of them are ACGME core faculty and publishes no training history for any, so the list's completeness as a core-faculty roster could not be verified.",YES_WAVE2
1801100001,RISE-NEURO-0057,HCA Florida Healthcare/Westside/Northwest Hospital Program,FL,Paul Mullin,MD,Associate Program Director,Epilepsy and Clinical Neurophysiology,,,,,,,,,PARTIALLY_VERIFIED,HIGH,https://hcahealthcaregme.com/locations/hca-florida-westside-hospital/neurology-residency/faculty.dot,,"Research complete · The program publishes 20 named faculty with their subspecialties, but does not say which of them are ACGME core faculty and publishes no training history for any, so the list's completeness as a core-faculty roster could not be verified.",YES_WAVE2
1801100001,RISE-NEURO-0057,HCA Florida Healthcare/Westside/Northwest Hospital Program,FL,Meliana Trinidad,MD,Faculty,Clinical Neurophysiology and Epilepsy,,,,,,,,,PARTIALLY_VERIFIED,HIGH,https://hcahealthcaregme.com/locations/hca-florida-westside-hospital/neurology-residency/faculty.dot,,"Research complete · The program publishes 20 named faculty with their subspecialties, but does not say which of them are ACGME core faculty and publishes no training history for any, so the list's completeness as a core-faculty roster could not be verified.",YES_WAVE2
1801100001,RISE-NEURO-0057,HCA Florida Healthcare/Westside/Northwest Hospital Program,FL,Menachem Nagar,MD,Faculty,Vascular Neurology,,,,,,,,,PARTIALLY_VERIFIED,HIGH,https://hcahealthcaregme.com/locations/hca-florida-westside-hospital/neurology-residency/faculty.dot,,"Research complete · The program publishes 20 named faculty with their subspecialties, but does not say which of them are ACGME core faculty and publishes no training history for any, so the list's completeness as a core-faculty roster could not be verified.",YES_WAVE2
1801100001,RISE-NEURO-0057,HCA Florida Healthcare/Westside/Northwest Hospital Program,FL,Paula Schleifer,MD,Faculty,Child Neurology and Neurogenetics,,,,,,,,,PARTIALLY_VERIFIED,HIGH,https://hcahealthcaregme.com/locations/hca-florida-westside-hospital/neurology-residency/faculty.dot,,"Research complete · The program publishes 20 named faculty with their subspecialties, but does not say which of them are ACGME core faculty and publishes no training history for any, so the list's completeness as a core-faculty roster could not be verified.",YES_WAVE2
1801100001,RISE-NEURO-0057,HCA Florida Healthcare/Westside/Northwest Hospital Program,FL,Jimmy Ghostine,MD,Faculty,Neuroradiology and Interventional,,,,,,,,,PARTIALLY_VERIFIED,HIGH,https://hcahealthcaregme.com/locations/hca-florida-westside-hospital/neurology-residency/faculty.dot,,"Research complete · The program publishes 20 named faculty with their subspecialties, but does not say which of them are ACGME core faculty and publishes no training history for any, so the list's completeness as a core-faculty roster could not be verified.",YES_WAVE2
1801100001,RISE-NEURO-0057,HCA Florida Healthcare/Westside/Northwest Hospital Program,FL,Ethan Kass,DO,Faculty,Psychiatry and Behavioral Neurology,,,,,,,,,PARTIALLY_VERIFIED,HIGH,https://hcahealthcaregme.com/locations/hca-florida-westside-hospital/neurology-residency/faculty.dot,,"Research complete · The program publishes 20 named faculty with their subspecialties, but does not say which of them are ACGME core faculty and publishes no training history for any, so the list's completeness as a core-faculty roster could not be verified.",YES_WAVE2
1801100001,RISE-NEURO-0057,HCA Florida Healthcare/Westside/Northwest Hospital Program,FL,Adesoji Adenigbagbe,MD,Faculty,Neurocritical Care,,,,,,,,,PARTIALLY_VERIFIED,HIGH,https://hcahealthcaregme.com/locations/hca-florida-westside-hospital/neurology-residency/faculty.dot,,"Research complete · The program publishes 20 named faculty with their subspecialties, but does not say which of them are ACGME core faculty and publishes no training history for any, so the list's completeness as a core-faculty roster could not be verified.",YES_WAVE2
1801100001,RISE-NEURO-0057,HCA Florida Healthcare/Westside/Northwest Hospital Program,FL,Faraz Jaffer,MD,Faculty,Neurocritical Care,,,,,,,,,PARTIALLY_VERIFIED,HIGH,https://hcahealthcaregme.com/locations/hca-florida-westside-hospital/neurology-residency/faculty.dot,,"Research complete · The program publishes 20 named faculty with their subspecialties, but does not say which of them are ACGME core faculty and publishes no training history for any, so the list's completeness as a core-faculty roster could not be verified.",YES_WAVE2
1801100001,RISE-NEURO-0057,HCA Florida Healthcare/Westside/Northwest Hospital Program,FL,Bryan Lieber,MD,Faculty,Neurosurgery,,,,,,,,,PARTIALLY_VERIFIED,HIGH,https://hcahealthcaregme.com/locations/hca-florida-westside-hospital/neurology-residency/faculty.dot,,"Research complete · The program publishes 20 named faculty with their subspecialties, but does not say which of them are ACGME core faculty and publishes no training history for any, so the list's completeness as a core-faculty roster could not be verified.",YES_WAVE2
1801100001,RISE-NEURO-0057,HCA Florida Healthcare/Westside/Northwest Hospital Program,FL,Jason Tache,DO,Faculty,Neuro-Oncology,,,,,,,,,PARTIALLY_VERIFIED,HIGH,https://hcahealthcaregme.com/locations/hca-florida-westside-hospital/neurology-residency/faculty.dot,,"Research complete · The program publishes 20 named faculty with their subspecialties, but does not say which of them are ACGME core faculty and publishes no training history for any, so the list's completeness as a core-faculty roster could not be verified.",YES_WAVE2
1801100001,RISE-NEURO-0057,HCA Florida Healthcare/Westside/Northwest Hospital Program,FL,Nicholas Ahye,MD,Faculty,Endovascular Neurosurgery,,,,,,,,,PARTIALLY_VERIFIED,HIGH,https://hcahealthcaregme.com/locations/hca-florida-westside-hospital/neurology-residency/faculty.dot,,"Research complete · The program publishes 20 named faculty with their subspecialties, but does not say which of them are ACGME core faculty and publishes no training history for any, so the list's completeness as a core-faculty roster could not be verified.",YES_WAVE2
1801100001,RISE-NEURO-0057,HCA Florida Healthcare/Westside/Northwest Hospital Program,FL,Mazieyar Azad,MD,Faculty,Neuroimmunology,,,,,,,,,PARTIALLY_VERIFIED,HIGH,https://hcahealthcaregme.com/locations/hca-florida-westside-hospital/neurology-residency/faculty.dot,,"Research complete · The program publishes 20 named faculty with their subspecialties, but does not say which of them are ACGME core faculty and publishes no training history for any, so the list's completeness as a core-faculty roster could not be verified.",YES_WAVE2
1801100001,RISE-NEURO-0057,HCA Florida Healthcare/Westside/Northwest Hospital Program,FL,Sayed Naqvi,MD,Faculty,Child Neurology,,,,,,,,,PARTIALLY_VERIFIED,HIGH,https://hcahealthcaregme.com/locations/hca-florida-westside-hospital/neurology-residency/faculty.dot,,"Research complete · The program publishes 20 named faculty with their subspecialties, but does not say which of them are ACGME core faculty and publishes no training history for any, so the list's completeness as a core-faculty roster could not be verified.",YES_WAVE2
1801100001,RISE-NEURO-0057,HCA Florida Healthcare/Westside/Northwest Hospital Program,FL,Jill Liebman,DO,Faculty,Neurology and Neuromuscular Medicine,,,,,,,,,PARTIALLY_VERIFIED,HIGH,https://hcahealthcaregme.com/locations/hca-florida-westside-hospital/neurology-residency/faculty.dot,,"Research complete · The program publishes 20 named faculty with their subspecialties, but does not say which of them are ACGME core faculty and publishes no training history for any, so the list's completeness as a core-faculty roster could not be verified.",YES_WAVE2
1801100001,RISE-NEURO-0057,HCA Florida Healthcare/Westside/Northwest Hospital Program,FL,Mayur Maniar,MD,Faculty,Neurology and Neuromuscular Medicine,,,,,,,,,PARTIALLY_VERIFIED,HIGH,https://hcahealthcaregme.com/locations/hca-florida-westside-hospital/neurology-residency/faculty.dot,,"Research complete · The program publishes 20 named faculty with their subspecialties, but does not say which of them are ACGME core faculty and publishes no training history for any, so the list's completeness as a core-faculty roster could not be verified.",YES_WAVE2
1801100001,RISE-NEURO-0057,HCA Florida Healthcare/Westside/Northwest Hospital Program,FL,Swaroop Pawar,"MD, MPH",Faculty,Vascular Neurology,,,,,,,,,PARTIALLY_VERIFIED,HIGH,https://hcahealthcaregme.com/locations/hca-florida-westside-hospital/neurology-residency/faculty.dot,,"Research complete · The program publishes 20 named faculty with their subspecialties, but does not say which of them are ACGME core faculty and publishes no training history for any, so the list's completeness as a core-faculty roster could not be verified.",YES_WAVE2
1801100001,RISE-NEURO-0057,HCA Florida Healthcare/Westside/Northwest Hospital Program,FL,Kateryna Kurako,MD,Faculty,Neuromuscular Medicine,,,,,,,,,PARTIALLY_VERIFIED,HIGH,https://hcahealthcaregme.com/locations/hca-florida-westside-hospital/neurology-residency/faculty.dot,,"Research complete · The program publishes 20 named faculty with their subspecialties, but does not say which of them are ACGME core faculty and publishes no training history for any, so the list's completeness as a core-faculty roster could not be verified.",YES_WAVE2
1801100001,RISE-NEURO-0057,HCA Florida Healthcare/Westside/Northwest Hospital Program,FL,Trevor Barton,DO,Faculty,Vascular Neurology,,,,,,,,,PARTIALLY_VERIFIED,HIGH,https://hcahealthcaregme.com/locations/hca-florida-westside-hospital/neurology-residency/faculty.dot,,"Research complete · The program publishes 20 named faculty with their subspecialties, but does not say which of them are ACGME core faculty and publishes no training history for any, so the list's completeness as a core-faculty roster could not be verified.",YES_WAVE2
1801100002,RISE-NEURO-0046,Florida International University/Baptist Health Program,FL,Kevin Abrams,M.D.,Faculty,,,,,False,,,,,PARTIALLY_VERIFIED,MEDIUM,https://medicine.fiu.edu/academics/residencies-and-fellowships/neurology-residency-bhsf/faculty/,,"Research complete · The program publishes a complete named faculty roster of 30 physicians, but it does not designate which of them are ACGME core faculty and it publishes no subspecialty, residency or fellowship detail for most of them. FREIDA's faculty-count fields are empty for this program.",YES_WAVE1
1801100002,RISE-NEURO-0046,Florida International University/Baptist Health Program,FL,Nestor Beltre,M.D.,Faculty,,,,,False,,,,,PARTIALLY_VERIFIED,MEDIUM,https://medicine.fiu.edu/academics/residencies-and-fellowships/neurology-residency-bhsf/faculty/,,"Research complete · The program publishes a complete named faculty roster of 30 physicians, but it does not designate which of them are ACGME core faculty and it publishes no subspecialty, residency or fellowship detail for most of them. FREIDA's faculty-count fields are empty for this program.",YES_WAVE1
1801100002,RISE-NEURO-0046,Florida International University/Baptist Health Program,FL,Seema Chandra,M.D.,Faculty,,,,,False,,,,,PARTIALLY_VERIFIED,HIGH,https://news.fiu.edu/2025/new-fiubaptist-health-gme-programs-transform-doctors-and-the-community,,"Research complete · The program publishes a complete named faculty roster of 30 physicians, but it does not designate which of them are ACGME core faculty and it publishes no subspecialty, residency or fellowship detail for most of them. FREIDA's faculty-count fields are empty for this program.",YES_WAVE1
1801100002,RISE-NEURO-0046,Florida International University/Baptist Health Program,FL,Zhijian Chen,M.D.,Faculty,,,,,False,,,,,PARTIALLY_VERIFIED,MEDIUM,https://medicine.fiu.edu/academics/residencies-and-fellowships/neurology-residency-bhsf/faculty/,,"Research complete · The program publishes a complete named faculty roster of 30 physicians, but it does not designate which of them are ACGME core faculty and it publishes no subspecialty, residency or fellowship detail for most of them. FREIDA's faculty-count fields are empty for this program.",YES_WAVE1
1801100002,RISE-NEURO-0046,Florida International University/Baptist Health Program,FL,Luis Andres Compres Brugal,M.D.,"Faculty; Director of Neuroimmunology/Multiple Sclerosis, Baptist Health Miami Neuroscience Institute",Neuroimmunology / Multiple Sclerosis,,"Adult neurology residency (chief resident), University of Cincinnati Medical Center; MD with honors, Universidad Iberoamericana School of Medicine, Santo Domingo, Dominican Republic","Multiple sclerosis and neuroimmunology fellowship, University of South Florida, supported by the National MS Society",False,,,,True,PARTIALLY_VERIFIED,HIGH,https://baptisthealth.net/newsroom/press-release/luis-compres-brugal-md-director-of-neuroimmunology-multiple-sclerosis,,"Research complete · The program publishes a complete named faculty roster of 30 physicians, but it does not designate which of them are ACGME core faculty and it publishes no subspecialty, residency or fellowship detail for most of them. FREIDA's faculty-count fields are empty for this program.",YES_WAVE1
1801100002,RISE-NEURO-0046,Florida International University/Baptist Health Program,FL,Felipe De Los Rios La Rosa,M.D.,"Neurology; Director of the Stroke Program, Baptist Health Baptist Hospital",Vascular / cardiovascular neurology,,,,False,,,,,PARTIALLY_VERIFIED,HIGH,https://physicianresources.baptisthealth.net/news/the-future-of-neurology-is-here-miami-neuroscience-institute-expands-services,,"Research complete · The program publishes a complete named faculty roster of 30 physicians, but it does not designate which of them are ACGME core faculty and it publishes no subspecialty, residency or fellowship detail for most of them. FREIDA's faculty-count fields are empty for this program.",YES_WAVE1
1801100002,RISE-NEURO-0046,Florida International University/Baptist Health Program,FL,Karel Fuentes,M.D.,Faculty,,,,,False,,,,,PARTIALLY_VERIFIED,MEDIUM,https://medicine.fiu.edu/academics/residencies-and-fellowships/neurology-residency-bhsf/faculty/,,"Research complete · The program publishes a complete named faculty roster of 30 physicians, but it does not designate which of them are ACGME core faculty and it publishes no subspecialty, residency or fellowship detail for most of them. FREIDA's faculty-count fields are empty for this program.",YES_WAVE1
1801100002,RISE-NEURO-0046,Florida International University/Baptist Health Program,FL,Nestor Galvez-Jimenez,M.D.,"Faculty; Director of the Autonomic Neurology Program, Baptist Health Miami Neuroscience Institute",Movement disorders and autonomic neurology,,"Internal medicine residency and chief residency, New York Hospital Medical Center of Queens; neurology residency, Cleveland Clinic Foundation","Movement disorders fellowship, University of Toronto / Toronto General Hospital; electrodiagnostic medicine fellowship, Cleveland Clinic Florida",False,,,,True,PARTIALLY_VERIFIED,HIGH,https://baptisthealth.net/newsroom/press-release/miami-neuroscience-institute-nestor-galvez-jimenez-director-of-autonomic-neurology-program,,"Research complete · The program publishes a complete named faculty roster of 30 physicians, but it does not designate which of them are ACGME core faculty and it publishes no subspecialty, residency or fellowship detail for most of them. FREIDA's faculty-count fields are empty for this program.",YES_WAVE1
1801100002,RISE-NEURO-0046,Florida International University/Baptist Health Program,FL,Adriana G. Grau Chaves,M.D.,Faculty,,,,,False,,,,,PARTIALLY_VERIFIED,MEDIUM,https://medicine.fiu.edu/academics/residencies-and-fellowships/neurology-residency-bhsf/faculty/,,"Research complete · The program publishes a complete named faculty roster of 30 physicians, but it does not designate which of them are ACGME core faculty and it publishes no subspecialty, residency or fellowship detail for most of them. FREIDA's faculty-count fields are empty for this program.",YES_WAVE1
1801100002,RISE-NEURO-0046,Florida International University/Baptist Health Program,FL,Wilson Domingo Heredia Nunez,M.D.,Faculty,,,,,False,,,,,PARTIALLY_VERIFIED,MEDIUM,https://medicine.fiu.edu/academics/residencies-and-fellowships/neurology-residency-bhsf/faculty/,,"Research complete · The program publishes a complete named faculty roster of 30 physicians, but it does not designate which of them are ACGME core faculty and it publishes no subspecialty, residency or fellowship detail for most of them. FREIDA's faculty-count fields are empty for this program.",YES_WAVE1
1801100002,RISE-NEURO-0046,Florida International University/Baptist Health Program,FL,Eduardo Enrique Icaza,M.D.,Faculty,,,,,False,,,,,PARTIALLY_VERIFIED,MEDIUM,https://medicine.fiu.edu/academics/residencies-and-fellowships/neurology-residency-bhsf/faculty/,,"Research complete · The program publishes a complete named faculty roster of 30 physicians, but it does not designate which of them are ACGME core faculty and it publishes no subspecialty, residency or fellowship detail for most of them. FREIDA's faculty-count fields are empty for this program.",YES_WAVE1
1801100002,RISE-NEURO-0046,Florida International University/Baptist Health Program,FL,Laiqua Khalid,M.D.,Critical Care,Critical care,,,,False,,,,,PARTIALLY_VERIFIED,MEDIUM,https://medicine.fiu.edu/academics/residencies-and-fellowships/neurology-residency-bhsf/faculty/,,"Research complete · The program publishes a complete named faculty roster of 30 physicians, but it does not designate which of them are ACGME core faculty and it publishes no subspecialty, residency or fellowship detail for most of them. FREIDA's faculty-count fields are empty for this program.",YES_WAVE1
1801100002,RISE-NEURO-0046,Florida International University/Baptist Health Program,FL,Italo Linfante,M.D.,Faculty,,,,,False,,,,,PARTIALLY_VERIFIED,MEDIUM,https://medicine.fiu.edu/academics/residencies-and-fellowships/neurology-residency-bhsf/faculty/,,"Research complete · The program publishes a complete named faculty roster of 30 physicians, but it does not designate which of them are ACGME core faculty and it publishes no subspecialty, residency or fellowship detail for most of them. FREIDA's faculty-count fields are empty for this program.",YES_WAVE1
1801100002,RISE-NEURO-0046,Florida International University/Baptist Health Program,FL,Moises Lustgarten,M.D.,Faculty,,,,,False,,,,,PARTIALLY_VERIFIED,MEDIUM,https://medicine.fiu.edu/academics/residencies-and-fellowships/neurology-residency-bhsf/faculty/,,"Research complete · The program publishes a complete named faculty roster of 30 physicians, but it does not designate which of them are ACGME core faculty and it publishes no subspecialty, residency or fellowship detail for most of them. FREIDA's faculty-count fields are empty for this program.",YES_WAVE1
1801100002,RISE-NEURO-0046,Florida International University/Baptist Health Program,FL,Sarah Elizabeth Marmol,M.D.,Faculty,,,,,False,,,,,PARTIALLY_VERIFIED,MEDIUM,https://medicine.fiu.edu/academics/residencies-and-fellowships/neurology-residency-bhsf/faculty/,,"Research complete · The program publishes a complete named faculty roster of 30 physicians, but it does not designate which of them are ACGME core faculty and it publishes no subspecialty, residency or fellowship detail for most of them. FREIDA's faculty-count fields are empty for this program.",YES_WAVE1
1801100002,RISE-NEURO-0046,Florida International University/Baptist Health Program,FL,Elise Michelle McCormack-Granja,M.D.,Faculty,,,,,False,,,,,PARTIALLY_VERIFIED,MEDIUM,https://medicine.fiu.edu/academics/residencies-and-fellowships/neurology-residency-bhsf/faculty/,,"Research complete · The program publishes a complete named faculty roster of 30 physicians, but it does not designate which of them are ACGME core faculty and it publishes no subspecialty, residency or fellowship detail for most of them. FREIDA's faculty-count fields are empty for this program.",YES_WAVE1
1801100002,RISE-NEURO-0046,Florida International University/Baptist Health Program,FL,Michael W. McDermott,M.D.,"Faculty; Professor and Chair, FIU Department of Neurosciences",Neurological surgery,,,,False,,,,,PARTIALLY_VERIFIED,HIGH,https://medicine.fiu.edu/about/departments/neurosciences/faculty-staff/,,"Research complete · The program publishes a complete named faculty roster of 30 physicians, but it does not designate which of them are ACGME core faculty and it publishes no subspecialty, residency or fellowship detail for most of them. FREIDA's faculty-count fields are empty for this program.",YES_WAVE1
1801100002,RISE-NEURO-0046,Florida International University/Baptist Health Program,FL,Carlos Millan,M.D.,Faculty,,,,,False,,,,,PARTIALLY_VERIFIED,MEDIUM,https://medicine.fiu.edu/academics/residencies-and-fellowships/neurology-residency-bhsf/faculty/,,"Research complete · The program publishes a complete named faculty roster of 30 physicians, but it does not designate which of them are ACGME core faculty and it publishes no subspecialty, residency or fellowship detail for most of them. FREIDA's faculty-count fields are empty for this program.",YES_WAVE1
1801100002,RISE-NEURO-0046,Florida International University/Baptist Health Program,FL,Jose Andres Restrepo,M.D.,Faculty,,,,,False,,,,,PARTIALLY_VERIFIED,MEDIUM,https://medicine.fiu.edu/academics/residencies-and-fellowships/neurology-residency-bhsf/faculty/,,"Research complete · The program publishes a complete named faculty roster of 30 physicians, but it does not designate which of them are ACGME core faculty and it publishes no subspecialty, residency or fellowship detail for most of them. FREIDA's faculty-count fields are empty for this program.",YES_WAVE1
1801100002,RISE-NEURO-0046,Florida International University/Baptist Health Program,FL,Natalia Rincon Buendia,M.D.,Faculty,,,,,False,,,,,PARTIALLY_VERIFIED,MEDIUM,https://medicine.fiu.edu/academics/residencies-and-fellowships/neurology-residency-bhsf/faculty/,,"Research complete · The program publishes a complete named faculty roster of 30 physicians, but it does not designate which of them are ACGME core faculty and it publishes no subspecialty, residency or fellowship detail for most of them. FREIDA's faculty-count fields are empty for this program.",YES_WAVE1
1801100002,RISE-NEURO-0046,Florida International University/Baptist Health Program,FL,Mina Tallat Rizk,DO,Faculty,,,,,False,,,,,PARTIALLY_VERIFIED,MEDIUM,https://medicine.fiu.edu/academics/residencies-and-fellowships/neurology-residency-bhsf/faculty/,,"Research complete · The program publishes a complete named faculty roster of 30 physicians, but it does not designate which of them are ACGME core faculty and it publishes no subspecialty, residency or fellowship detail for most of them. FREIDA's faculty-count fields are empty for this program.",YES_WAVE1
1801100002,RISE-NEURO-0046,Florida International University/Baptist Health Program,FL,Rachel Rohaidy,M.D.,"Rotation Director, Addiction Medicine and Psychiatry",Addiction medicine / psychiatry,,,,False,,,,,PARTIALLY_VERIFIED,MEDIUM,https://medicine.fiu.edu/academics/residencies-and-fellowships/neurology-residency-bhsf/faculty/,,"Research complete · The program publishes a complete named faculty roster of 30 physicians, but it does not designate which of them are ACGME core faculty and it publishes no subspecialty, residency or fellowship detail for most of them. FREIDA's faculty-count fields are empty for this program.",YES_WAVE1
1801100002,RISE-NEURO-0046,Florida International University/Baptist Health Program,FL,Diego Torres-Russotto,M.D.,Program Director,Movement disorders,,"Internal Medicine/Neurology residency, Washington University / Barnes-Jewish Hospital, St. Louis (2007); preliminary General Surgery, Mayo Clinic, Rochester (2003); MD, Universidad Central de Venezuela (1999)","Movement disorders fellowship, Washington University / Barnes-Jewish Hospital, St. Louis (2009)",False,,,,True,PARTIALLY_VERIFIED,HIGH,https://baptisthealth.net/doctors/diego-r-torres-russotto/2483772,,"Research complete · The program publishes a complete named faculty roster of 30 physicians, but it does not designate which of them are ACGME core faculty and it publishes no subspecialty, residency or fellowship detail for most of them. FREIDA's faculty-count fields are empty for this program.",YES_WAVE1
1801100002,RISE-NEURO-0046,Florida International University/Baptist Health Program,FL,Marcus Edward St John,M.D.,Faculty,,,,,False,,,,,PARTIALLY_VERIFIED,MEDIUM,https://medicine.fiu.edu/academics/residencies-and-fellowships/neurology-residency-bhsf/faculty/,,"Research complete · The program publishes a complete named faculty roster of 30 physicians, but it does not designate which of them are ACGME core faculty and it publishes no subspecialty, residency or fellowship detail for most of them. FREIDA's faculty-count fields are empty for this program.",YES_WAVE1
1801100002,RISE-NEURO-0046,Florida International University/Baptist Health Program,FL,Samer Darwish Tabbal,M.D.,"Faculty; Director of the Movement Disorders Program and Endowed Chair in Movement Disorders, Baptist Health Miami Neuroscience Institute",Movement disorders,,"Neurology residency, University of Arkansas for Medical Sciences, Little Rock; MD, American University of Beirut","Two-year movement disorders fellowship, Columbia University College of Physicians & Surgeons, New York",False,,,,,PARTIALLY_VERIFIED,HIGH,https://baptisthealth.net/doctors/samer-darwish-tabbal/3097422,,"Research complete · The program publishes a complete named faculty roster of 30 physicians, but it does not designate which of them are ACGME core faculty and it publishes no subspecialty, residency or fellowship detail for most of them. FREIDA's faculty-count fields are empty for this program.",YES_WAVE1
1801100002,RISE-NEURO-0046,Florida International University/Baptist Health Program,FL,Ronald Barton Tolchin,M.D.,"Rotation Director, Elective in PM&R and Pain Management",Physical medicine & rehabilitation / pain,,,,False,,,,,PARTIALLY_VERIFIED,MEDIUM,https://medicine.fiu.edu/academics/residencies-and-fellowships/neurology-residency-bhsf/faculty/,,"Research complete · The program publishes a complete named faculty roster of 30 physicians, but it does not designate which of them are ACGME core faculty and it publishes no subspecialty, residency or fellowship detail for most of them. FREIDA's faculty-count fields are empty for this program.",YES_WAVE1
1801100002,RISE-NEURO-0046,Florida International University/Baptist Health Program,FL,Luis F. Tornes,M.D.,Assistant Professor; Associate Program Director,Epilepsy / clinical neurophysiology,,"Neurology residency, University of Miami Miller School of Medicine / Jackson Memorial Hospital (2022); MD, FIU Herbert Wertheim College of Medicine (2018)","Clinical Neurophysiology fellowship, University of Miami Miller School of Medicine / Jackson Memorial Hospital (2023)",False,,,,,PARTIALLY_VERIFIED,HIGH,https://medicine.fiu.edu/academics/residencies-and-fellowships/neurology-residency-bhsf/faculty/profile/luis-felipe-tornes.html,,"Research complete · The program publishes a complete named faculty roster of 30 physicians, but it does not designate which of them are ACGME core faculty and it publishes no subspecialty, residency or fellowship detail for most of them. FREIDA's faculty-count fields are empty for this program.",YES_WAVE1
1801100002,RISE-NEURO-0046,Florida International University/Baptist Health Program,FL,Harneet Kaur Walia,M.D.,Sleep Medicine and Continuous Improvement,Sleep medicine,,,,False,,,,,PARTIALLY_VERIFIED,MEDIUM,https://medicine.fiu.edu/academics/residencies-and-fellowships/neurology-residency-bhsf/faculty/,,"Research complete · The program publishes a complete named faculty roster of 30 physicians, but it does not designate which of them are ACGME core faculty and it publishes no subspecialty, residency or fellowship detail for most of them. FREIDA's faculty-count fields are empty for this program.",YES_WAVE1
1801100002,RISE-NEURO-0046,Florida International University/Baptist Health Program,FL,Jobyna Whiting,M.D.,Faculty,,,,,False,,,,,PARTIALLY_VERIFIED,MEDIUM,https://medicine.fiu.edu/academics/residencies-and-fellowships/neurology-residency-bhsf/faculty/,,"Research complete · The program publishes a complete named faculty roster of 30 physicians, but it does not designate which of them are ACGME core faculty and it publishes no subspecialty, residency or fellowship detail for most of them. FREIDA's faculty-count fields are empty for this program.",YES_WAVE1
1801100002,RISE-NEURO-0046,Florida International University/Baptist Health Program,FL,Maria Andreina Vera Silva,M.D.,Faculty; leads Neuro-ophthalmology at Baptist Health Miami Neuroscience Institute,Neuro-ophthalmology,,,,False,,,,,PARTIALLY_VERIFIED,HIGH,https://physicianresources.baptisthealth.net/news/the-future-of-neurology-is-here-miami-neuroscience-institute-expands-services,,"Research complete · The program publishes a complete named faculty roster of 30 physicians, but it does not designate which of them are ACGME core faculty and it publishes no subspecialty, residency or fellowship detail for most of them. FREIDA's faculty-count fields are empty for this program.",YES_WAVE1
1801100003,RISE-NEURO-0135,Orlando Health Program (Adult Neurology),FL,Amy (Amparo) Gutierrez,"MD, FAAN",Program Director; MS Comprehensive Clinic Director,Neuromuscular medicine; clinical neurophysiology; multiple sclerosis,,"Louisiana State University, New Orleans","Clinical neurophysiology, LSU School of Medicine",False,,,,,VERIFIED,HIGH,https://www.orlandohealth.com/physician-finder/amparo-gutierrez-md-faan,,"Research complete - the program publishes a complete named Leadership and Faculty roster, but it does not publish a formal ACGME core-faculty designation list, and one listed member (Tanmay Parekh, MD) has no profile page from which training history could be established.",YES_WAVE3
1801100003,RISE-NEURO-0135,Orlando Health Program (Adult Neurology),FL,Dipali Nemade,MD,Associate Program Director,Epilepsy,,Marshall University,"Epilepsy, University Hospitals Cleveland Medical Center",False,,,,,VERIFIED,HIGH,https://www.orlandohealth.com/physician-finder/dipali-nemade-md,,"Research complete - the program publishes a complete named Leadership and Faculty roster, but it does not publish a formal ACGME core-faculty designation list, and one listed member (Tanmay Parekh, MD) has no profile page from which training history could be established.",YES_WAVE3
1801100003,RISE-NEURO-0135,Orlando Health Program (Adult Neurology),FL,Christian Andres Rosado,MD,"Vascular Neurologist, Department Chair",Vascular neurology; neurocritical care,,University of Florida,"Vascular neurology, University of Florida",False,,,,,VERIFIED,HIGH,https://www.orlandohealth.com/physician-finder/christian-andres-rosado-md,,"Research complete - the program publishes a complete named Leadership and Faculty roster, but it does not publish a formal ACGME core-faculty designation list, and one listed member (Tanmay Parekh, MD) has no profile page from which training history could be established.",YES_WAVE3
1801100003,RISE-NEURO-0135,Orlando Health Program (Adult Neurology),FL,Jason Tia Atienza,MD,"Rehabilitation; department chief and medical director, Orlando Health Rehabilitation Services",Physical medicine and rehabilitation,,Stanford University Medical Center,,False,,,,,VERIFIED,HIGH,https://www.orlandohealth.com/physician-finder/jason-tia-atienza-md,,"Research complete - the program publishes a complete named Leadership and Faculty roster, but it does not publish a formal ACGME core-faculty designation list, and one listed member (Tanmay Parekh, MD) has no profile page from which training history could be established.",YES_WAVE3
1801100003,RISE-NEURO-0135,Orlando Health Program (Adult Neurology),FL,Shuchi Chaudhary,MD,Vascular Neurologist,Vascular neurology; former Adult Neurology program director at the University of Oklahoma for five years,,University of Oklahoma Health Sciences Center,"Vascular neurology, University of Oklahoma Health Sciences Center",False,,,,,VERIFIED,HIGH,https://www.orlandohealth.com/physician-finder/shuchi-chaudhary-md,,"Research complete - the program publishes a complete named Leadership and Faculty roster, but it does not publish a formal ACGME core-faculty designation list, and one listed member (Tanmay Parekh, MD) has no profile page from which training history could be established.",YES_WAVE3
1801100003,RISE-NEURO-0135,Orlando Health Program (Adult Neurology),FL,Shehzad H. Choudry,MD,Pain Management,Pain management,,,,,,,,,VERIFIED,LOW,https://www.orlandohealth.com/medical-professionals/graduate-medical-education/residency-programs/neurology-residency/people/leadership-and-faculty,,"Research complete - the program publishes a complete named Leadership and Faculty roster, but it does not publish a formal ACGME core-faculty designation list, and one listed member (Tanmay Parekh, MD) has no profile page from which training history could be established.",YES_WAVE3
1801100003,RISE-NEURO-0135,Orlando Health Program (Adult Neurology),FL,Neelu Dhingra,MD,"Epilepsy; NAEC Co-Medical Director, Orlando Health Epilepsy Program",Epilepsy,,St. Louis University School of Medicine,"Epilepsy, Washington University / Barnes Jewish Hospital, St. Louis",False,,,,,VERIFIED,HIGH,https://www.orlandohealth.com/physician-finder/neelu-dhingra-md,,"Research complete - the program publishes a complete named Leadership and Faculty roster, but it does not publish a formal ACGME core-faculty designation list, and one listed member (Tanmay Parekh, MD) has no profile page from which training history could be established.",YES_WAVE3
1801100003,RISE-NEURO-0135,Orlando Health Program (Adult Neurology),FL,Victor A. Diaz Cotrina,MD,"Neurology (Hospital-Based), Ocoee",General neurology,,University of Wisconsin Hospitals and Clinics,Medical College of Wisconsin Froedtert Hospital,False,,,,,VERIFIED,MEDIUM,https://www.orlandohealth.com/physician-finder/victor-a-diaz-cotrina-md,,"Research complete - the program publishes a complete named Leadership and Faculty roster, but it does not publish a formal ACGME core-faculty designation list, and one listed member (Tanmay Parekh, MD) has no profile page from which training history could be established.",YES_WAVE3
1801100003,RISE-NEURO-0135,Orlando Health Program (Adult Neurology),FL,Mina Gerges,MD,Neurology (Hospital-Based) / neurohospitalist,General neurology; EEG interpretation; also board certified in internal medicine,,Orlando Health (internal medicine AND neurology),,True,,,,,VERIFIED,HIGH,https://www.orlandohealth.com/physician-finder/mina-gerges-md,,"Research complete - the program publishes a complete named Leadership and Faculty roster, but it does not publish a formal ACGME core-faculty designation list, and one listed member (Tanmay Parekh, MD) has no profile page from which training history could be established.",YES_WAVE3
1801100003,RISE-NEURO-0135,Orlando Health Program (Adult Neurology),FL,Bahareh Hassanzadeh,MD,Neurology,Neuro-ophthalmology; demyelinating disorders including MS and neuromyelitis optica,,"New Jersey Neuroscience Institute at JFK Medical Center, Edison NJ","Neuro-ophthalmology, Bascom Palmer Eye Institute, University of Miami",False,,,,,VERIFIED,HIGH,https://www.orlandohealth.com/physician-finder/bahareh-hassanzadeh-md,,"Research complete - the program publishes a complete named Leadership and Faculty roster, but it does not publish a formal ACGME core-faculty designation list, and one listed member (Tanmay Parekh, MD) has no profile page from which training history could be established.",YES_WAVE3
1801100003,RISE-NEURO-0135,Orlando Health Program (Adult Neurology),FL,Roua Kahila,MD,Neurology (Hospital-Based) / neurohospitalist,General neurology; stroke; memory; headache; neuromuscular; epilepsy,,"Lehigh Valley Hospital, Allentown PA AND Orlando Health Orlando Regional Medical Center",,True,,,,,VERIFIED,HIGH,https://www.orlandohealth.com/physician-finder/roua-kahila-md,,"Research complete - the program publishes a complete named Leadership and Faculty roster, but it does not publish a formal ACGME core-faculty designation list, and one listed member (Tanmay Parekh, MD) has no profile page from which training history could be established.",YES_WAVE3
1801100003,RISE-NEURO-0135,Orlando Health Program (Adult Neurology),FL,Daniel J. Nohra Revilla,DO,Headache Specialist,Headache and facial pain,,"Larkin Community Hospital, South Miami (chief resident)","Headache and facial pain, University of South Florida Morsani College of Medicine",False,,,,True,VERIFIED,HIGH,https://www.orlandohealth.com/physician-finder/daniel-j-nohra-revilla-do,,"Research complete - the program publishes a complete named Leadership and Faculty roster, but it does not publish a formal ACGME core-faculty designation list, and one listed member (Tanmay Parekh, MD) has no profile page from which training history could be established.",YES_WAVE3
1801100003,RISE-NEURO-0135,Orlando Health Program (Adult Neurology),FL,Tanmay Parekh,MD,Neurology,General neurology,,,,,,,,,VERIFIED,LOW,https://www.orlandohealth.com/medical-professionals/graduate-medical-education/residency-programs/neurology-residency/people/leadership-and-faculty,,"Research complete - the program publishes a complete named Leadership and Faculty roster, but it does not publish a formal ACGME core-faculty designation list, and one listed member (Tanmay Parekh, MD) has no profile page from which training history could be established.",YES_WAVE3
1801100003,RISE-NEURO-0135,Orlando Health Program (Adult Neurology),FL,Vikram Prakash,MD,Pediatric Neurology,Pediatric neurology,,,,,,,,,VERIFIED,LOW,https://www.orlandohealth.com/medical-professionals/graduate-medical-education/residency-programs/neurology-residency/people/leadership-and-faculty,,"Research complete - the program publishes a complete named Leadership and Faculty roster, but it does not publish a formal ACGME core-faculty designation list, and one listed member (Tanmay Parekh, MD) has no profile page from which training history could be established.",YES_WAVE3
1801100003,RISE-NEURO-0135,Orlando Health Program (Adult Neurology),FL,Vikram Shivkumar,MD,Division Director of Movement Disorders,Movement disorders; Parkinson's disease; essential tremor; dystonia; DBS; botulinum toxin,,University of Toledo Medical Center,"Movement disorders, University of Toledo Medical Center",False,,,,False,VERIFIED,HIGH,https://www.orlandohealth.com/physician-finder/vikram-shivkumar-md,,"Research complete - the program publishes a complete named Leadership and Faculty roster, but it does not publish a formal ACGME core-faculty designation list, and one listed member (Tanmay Parekh, MD) has no profile page from which training history could be established.",YES_WAVE3
1801100003,RISE-NEURO-0135,Orlando Health Program (Adult Neurology),FL,Vahid Tohidi,"MD, PhD",Division Director of Neuromuscular and Peripheral Disorders,Neuromuscular medicine; autonomic disorders,,Seton Hall University School of Health and Medical Sciences,"Neuromuscular medicine, Hospital for Special Surgery",False,,,,,VERIFIED,HIGH,https://www.orlandohealth.com/physician-finder/vahid-tohidi-md-phd,,"Research complete - the program publishes a complete named Leadership and Faculty roster, but it does not publish a formal ACGME core-faculty designation list, and one listed member (Tanmay Parekh, MD) has no profile page from which training history could be established.",YES_WAVE3
1801100003,RISE-NEURO-0135,Orlando Health Program (Adult Neurology),FL,Arnaldo E. Velez,MD,"Vascular Neurologist, Inpatient Director",Vascular neurology; stroke,,HIP/Rutgers Edison Health Center,"Vascular neurology, University of Florida",False,YES - Universidad Central del Caribe School of Medicine (medical degree); Damas Hospital-Ponce School of Medicine (internship),INSTITUTIONAL,Universidad Central del Caribe,,VERIFIED,HIGH,https://www.orlandohealth.com/physician-finder/arnaldo-e-velez-md,,"Research complete - the program publishes a complete named Leadership and Faculty roster, but it does not publish a formal ACGME core-faculty designation list, and one listed member (Tanmay Parekh, MD) has no profile page from which training history could be established.",YES_WAVE3
1801100003,RISE-NEURO-0135,Orlando Health Program (Adult Neurology),FL,Naoir Zaher,MD,Division Director of Epilepsy and Seizure Disorders,Epilepsy; epilepsy surgery evaluation,,"Henry Ford Hospital, Detroit","Clinical neurophysiology/epilepsy, Vanderbilt University",False,,,,False,VERIFIED,HIGH,https://www.orlandohealth.com/physician-finder/naoir-zaher-md,,"Research complete - the program publishes a complete named Leadership and Faculty roster, but it does not publish a formal ACGME core-faculty designation list, and one listed member (Tanmay Parekh, MD) has no profile page from which training history could be established.",YES_WAVE3
1801100003,RISE-NEURO-0135,Orlando Health Program (Adult Neurology),FL,Fernando Santos (Santos Pinheiro),MD,"Neurology; neuro-oncologist, Orlando Health Cancer Institute",Neuro-oncology; clinical neurophysiology,,"The Cleveland Clinic Foundation, Ohio","Clinical neurophysiology, Dartmouth-Hitchcock; Neuro-oncology, MD Anderson Cancer Center, Houston",False,,,,True,VERIFIED,HIGH,https://www.orlandohealth.com/physician-finder/fernando-santos-md,,"Research complete - the program publishes a complete named Leadership and Faculty roster, but it does not publish a formal ACGME core-faculty designation list, and one listed member (Tanmay Parekh, MD) has no profile page from which training history could be established.",YES_WAVE3
1801100004,RISE-NEURO-0015,Broward Health Program (Adult Neurology); the program styles itself the 'Broward Health North Program' and the 'Broward Health Neurology Residency Program',FL,Renato Gonik,MD,Program Director,Clinical Neurophysiology; Autonomics,,,,False,,,,,PARTIALLY_VERIFIED,HIGH,https://www.browardhealth.org/gme/training-programs/residency/neurology/faculty,,"Research complete - the program publishes a 17-name faculty roster with specialties and, for nine of them, core-faculty or site-director titles, but it publishes no medical schools, residencies or fellowships for faculty other than the Program Director and Associate Program Director, and Broward Health's provider directory could not be reached to fill those gaps.",YES_WAVE2
1801100004,RISE-NEURO-0015,Broward Health Program (Adult Neurology); the program styles itself the 'Broward Health North Program' and the 'Broward Health Neurology Residency Program',FL,Danisette Torres,MD,Associate Program Director,Vascular Neurology,,,,False,,,,,PARTIALLY_VERIFIED,HIGH,https://www.browardhealth.org/gme/training-programs/residency/neurology/faculty,,"Research complete - the program publishes a 17-name faculty roster with specialties and, for nine of them, core-faculty or site-director titles, but it publishes no medical schools, residencies or fellowships for faculty other than the Program Director and Associate Program Director, and Broward Health's provider directory could not be reached to fill those gaps.",YES_WAVE2
1801100004,RISE-NEURO-0015,Broward Health Program (Adult Neurology); the program styles itself the 'Broward Health North Program' and the 'Broward Health Neurology Residency Program',FL,Celso Agner,MD,Core Faculty & Site Director,Interventional Neurology; Neurocritical Care,,,,False,,,,,PARTIALLY_VERIFIED,HIGH,https://www.browardhealth.org/gme/training-programs/residency/neurology/faculty,,"Research complete - the program publishes a 17-name faculty roster with specialties and, for nine of them, core-faculty or site-director titles, but it publishes no medical schools, residencies or fellowships for faculty other than the Program Director and Associate Program Director, and Broward Health's provider directory could not be reached to fill those gaps.",YES_WAVE2
1801100004,RISE-NEURO-0015,Broward Health Program (Adult Neurology); the program styles itself the 'Broward Health North Program' and the 'Broward Health Neurology Residency Program',FL,Sonia Kalirao,MD,Faculty & Site Director,Epilepsy,,,,False,,,,,PARTIALLY_VERIFIED,HIGH,https://www.browardhealth.org/gme/training-programs/residency/neurology/faculty,,"Research complete - the program publishes a 17-name faculty roster with specialties and, for nine of them, core-faculty or site-director titles, but it publishes no medical schools, residencies or fellowships for faculty other than the Program Director and Associate Program Director, and Broward Health's provider directory could not be reached to fill those gaps.",YES_WAVE2
1801100004,RISE-NEURO-0015,Broward Health Program (Adult Neurology); the program styles itself the 'Broward Health North Program' and the 'Broward Health Neurology Residency Program',FL,Ridwan Lin,"MD, PhD",Core Faculty,Interventional Neurology,,,,False,,,,,PARTIALLY_VERIFIED,HIGH,https://www.browardhealth.org/gme/training-programs/residency/neurology/faculty,,"Research complete - the program publishes a 17-name faculty roster with specialties and, for nine of them, core-faculty or site-director titles, but it publishes no medical schools, residencies or fellowships for faculty other than the Program Director and Associate Program Director, and Broward Health's provider directory could not be reached to fill those gaps.",YES_WAVE2
1801100004,RISE-NEURO-0015,Broward Health Program (Adult Neurology); the program styles itself the 'Broward Health North Program' and the 'Broward Health Neurology Residency Program',FL,Sandeep Mendiratta,MD,Faculty & Site Director,Psychiatry,,,,False,,,,,PARTIALLY_VERIFIED,HIGH,https://www.browardhealth.org/gme/training-programs/residency/neurology/faculty,,"Research complete - the program publishes a 17-name faculty roster with specialties and, for nine of them, core-faculty or site-director titles, but it publishes no medical schools, residencies or fellowships for faculty other than the Program Director and Associate Program Director, and Broward Health's provider directory could not be reached to fill those gaps.",YES_WAVE2
1801100004,RISE-NEURO-0015,Broward Health Program (Adult Neurology); the program styles itself the 'Broward Health North Program' and the 'Broward Health Neurology Residency Program',FL,Mikhail Mirer,MD,Core Faculty,Pediatric Neurology,,,,False,,,,,PARTIALLY_VERIFIED,HIGH,https://www.browardhealth.org/gme/training-programs/residency/neurology/faculty,,"Research complete - the program publishes a 17-name faculty roster with specialties and, for nine of them, core-faculty or site-director titles, but it publishes no medical schools, residencies or fellowships for faculty other than the Program Director and Associate Program Director, and Broward Health's provider directory could not be reached to fill those gaps.",YES_WAVE2
1801100004,RISE-NEURO-0015,Broward Health Program (Adult Neurology); the program styles itself the 'Broward Health North Program' and the 'Broward Health Neurology Residency Program',FL,Shaye Moskowitz,"MD, PhD",Core Faculty,Neurological Surgery,,,,False,,,,,PARTIALLY_VERIFIED,HIGH,https://www.browardhealth.org/gme/training-programs/residency/neurology/faculty,,"Research complete - the program publishes a 17-name faculty roster with specialties and, for nine of them, core-faculty or site-director titles, but it publishes no medical schools, residencies or fellowships for faculty other than the Program Director and Associate Program Director, and Broward Health's provider directory could not be reached to fill those gaps.",YES_WAVE2
1801100004,RISE-NEURO-0015,Broward Health Program (Adult Neurology); the program styles itself the 'Broward Health North Program' and the 'Broward Health Neurology Residency Program',FL,Damon Salzman,MD,Core Faculty,Clinical Neurophysiology; Sleep Disorders; Behavioral Neurology,,,,False,,,,,PARTIALLY_VERIFIED,HIGH,https://www.browardhealth.org/gme/training-programs/residency/neurology/faculty,,"Research complete - the program publishes a 17-name faculty roster with specialties and, for nine of them, core-faculty or site-director titles, but it publishes no medical schools, residencies or fellowships for faculty other than the Program Director and Associate Program Director, and Broward Health's provider directory could not be reached to fill those gaps.",YES_WAVE2
1801100004,RISE-NEURO-0015,Broward Health Program (Adult Neurology); the program styles itself the 'Broward Health North Program' and the 'Broward Health Neurology Residency Program',FL,Fawzi Abukhalil,MD,Faculty (no role label published),Neuro-ophthalmology,,,,False,,,,,PARTIALLY_VERIFIED,HIGH,https://www.browardhealth.org/gme/training-programs/residency/neurology/faculty,,"Research complete - the program publishes a 17-name faculty roster with specialties and, for nine of them, core-faculty or site-director titles, but it publishes no medical schools, residencies or fellowships for faculty other than the Program Director and Associate Program Director, and Broward Health's provider directory could not be reached to fill those gaps.",YES_WAVE2
1801100004,RISE-NEURO-0015,Broward Health Program (Adult Neurology); the program styles itself the 'Broward Health North Program' and the 'Broward Health Neurology Residency Program',FL,Mehdi Bouslama,MD,Faculty (no role label published),Interventional Neurology (listed system-wide as Vascular Neurology and Interventional),,,,False,,,,,PARTIALLY_VERIFIED,HIGH,https://www.browardhealth.org/gme/training-programs/residency/neurology/faculty,,"Research complete - the program publishes a 17-name faculty roster with specialties and, for nine of them, core-faculty or site-director titles, but it publishes no medical schools, residencies or fellowships for faculty other than the Program Director and Associate Program Director, and Broward Health's provider directory could not be reached to fill those gaps.",YES_WAVE2
1801100004,RISE-NEURO-0015,Broward Health Program (Adult Neurology); the program styles itself the 'Broward Health North Program' and the 'Broward Health Neurology Residency Program',FL,Gerald Goldberg,MD,Faculty (no role label published),Neurology,,,,False,,,,,PARTIALLY_VERIFIED,HIGH,https://www.browardhealth.org/gme/training-programs/residency/neurology/faculty,,"Research complete - the program publishes a 17-name faculty roster with specialties and, for nine of them, core-faculty or site-director titles, but it publishes no medical schools, residencies or fellowships for faculty other than the Program Director and Associate Program Director, and Broward Health's provider directory could not be reached to fill those gaps.",YES_WAVE2
1801100004,RISE-NEURO-0015,Broward Health Program (Adult Neurology); the program styles itself the 'Broward Health North Program' and the 'Broward Health Neurology Residency Program',FL,Kateryna Kurako,MD,Faculty (no role label published),Neurology,,,,False,,,,,PARTIALLY_VERIFIED,HIGH,https://www.browardhealth.org/gme/training-programs/residency/neurology/faculty,,"Research complete - the program publishes a 17-name faculty roster with specialties and, for nine of them, core-faculty or site-director titles, but it publishes no medical schools, residencies or fellowships for faculty other than the Program Director and Associate Program Director, and Broward Health's provider directory could not be reached to fill those gaps.",YES_WAVE2
1801100004,RISE-NEURO-0015,Broward Health Program (Adult Neurology); the program styles itself the 'Broward Health North Program' and the 'Broward Health Neurology Residency Program',FL,Meilani Mapa,MD,Faculty (no role label published),Physical Medicine & Rehabilitation,,,,False,,,,,PARTIALLY_VERIFIED,HIGH,https://www.browardhealth.org/gme/training-programs/residency/neurology/faculty,,"Research complete - the program publishes a 17-name faculty roster with specialties and, for nine of them, core-faculty or site-director titles, but it publishes no medical schools, residencies or fellowships for faculty other than the Program Director and Associate Program Director, and Broward Health's provider directory could not be reached to fill those gaps.",YES_WAVE2
1801100004,RISE-NEURO-0015,Broward Health Program (Adult Neurology); the program styles itself the 'Broward Health North Program' and the 'Broward Health Neurology Residency Program',FL,Menachem Nagar,MD,Faculty (no role label published),Vascular Neurology,,,,False,,,,,PARTIALLY_VERIFIED,HIGH,https://www.browardhealth.org/gme/training-programs/residency/neurology/faculty,,"Research complete - the program publishes a 17-name faculty roster with specialties and, for nine of them, core-faculty or site-director titles, but it publishes no medical schools, residencies or fellowships for faculty other than the Program Director and Associate Program Director, and Broward Health's provider directory could not be reached to fill those gaps.",YES_WAVE2
1801100004,RISE-NEURO-0015,Broward Health Program (Adult Neurology); the program styles itself the 'Broward Health North Program' and the 'Broward Health Neurology Residency Program',FL,Swaroop Pawar,MD,Faculty (no role label published),Vascular Neurology,,,,False,,,,,PARTIALLY_VERIFIED,HIGH,https://www.browardhealth.org/gme/training-programs/residency/neurology/faculty,,"Research complete - the program publishes a 17-name faculty roster with specialties and, for nine of them, core-faculty or site-director titles, but it publishes no medical schools, residencies or fellowships for faculty other than the Program Director and Associate Program Director, and Broward Health's provider directory could not be reached to fill those gaps.",YES_WAVE2
1801100004,RISE-NEURO-0015,Broward Health Program (Adult Neurology); the program styles itself the 'Broward Health North Program' and the 'Broward Health Neurology Residency Program',FL,Meliana Trinidad,MD,Faculty (no role label published),Neurology; Internal Medicine,,,,False,,,,,PARTIALLY_VERIFIED,HIGH,https://www.browardhealth.org/gme/training-programs/residency/neurology/faculty,,"Research complete - the program publishes a 17-name faculty roster with specialties and, for nine of them, core-faculty or site-director titles, but it publishes no medical schools, residencies or fellowships for faculty other than the Program Director and Associate Program Director, and Broward Health's provider directory could not be reached to fill those gaps.",YES_WAVE2
1801100005,RISE-NEURO-0056,"HCA Florida Healthcare/Kendall Hospital Program - Neurology Residency Program, HCA Florida Kendall Hospital",FL,Michael Crimmins,MD,Core Faculty,Neurointerventional surgery; neurocritical care; interventional neuroradiology,,"Neurology, Walter Reed National Military Medical Center","Neurocritical Care Fellowship and Interventional Neuroradiology Fellowship, Cornell University Medical Center",False,,,,,PARTIALLY_VERIFIED,HIGH,https://hcahealthcaregme.com/locations/hca-florida-kendall-hospital/neurology-residency-program/faculty.dot,Three of the five named faculty practise at the program's two private outpatient rotation sites - Oliu and Villafuerte Trisolini at Design Neuroscience Center (where the program director also practises) and Vasconcellos at the WeMind Institute - so the published core faculty is substantially a community-practice faculty rather than a hospital-employed one. Design Neuroscience Center's clinicians p,"Research complete - the program publishes a core-faculty page, but it is incomplete: four named core faculty plus the program director, against the 20 physician faculty the program itself reports to FREIDA. Roughly three quarters of the faculty is not publicly listed, so no complete core-faculty roster exists.",YES_WAVE2
1801100005,RISE-NEURO-0056,"HCA Florida Healthcare/Kendall Hospital Program - Neurology Residency Program, HCA Florida Kendall Hospital",FL,Carlos Oliu,MD,Core Faculty; Site Director for the Design Neuroscience Center,Epilepsy,,"Neurology, University of Miami/Jackson Memorial Hospital","Epilepsy Fellowship, University of Miami/Jackson Memorial Hospital",False,,,,,PARTIALLY_VERIFIED,HIGH,https://hcahealthcaregme.com/locations/hca-florida-kendall-hospital/neurology-residency-program/faculty.dot,Three of the five named faculty practise at the program's two private outpatient rotation sites - Oliu and Villafuerte Trisolini at Design Neuroscience Center (where the program director also practises) and Vasconcellos at the WeMind Institute - so the published core faculty is substantially a community-practice faculty rather than a hospital-employed one. Design Neuroscience Center's clinicians p,"Research complete - the program publishes a core-faculty page, but it is incomplete: four named core faculty plus the program director, against the 20 physician faculty the program itself reports to FREIDA. Roughly three quarters of the faculty is not publicly listed, so no complete core-faculty roster exists.",YES_WAVE2
1801100005,RISE-NEURO-0056,"HCA Florida Healthcare/Kendall Hospital Program - Neurology Residency Program, HCA Florida Kendall Hospital",FL,Elza Vasconcellos,MD,"Core Faculty; Founder and Director, WeMind Headache & Neurodevelopment Institute",Headache medicine; child neurology; epilepsy and clinical neurophysiology,,"Pediatrics, University of Miami/Jackson Memorial Hospital; Child Neurology, Vanderbilt University Medical Center","Child Neurology, Vanderbilt University Medical Center; Epilepsy and Clinical Neurophysiology, Cleveland Clinic Foundation",False,,,,,PARTIALLY_VERIFIED,HIGH,https://hcahealthcaregme.com/locations/hca-florida-kendall-hospital/neurology-residency-program/faculty.dot,Three of the five named faculty practise at the program's two private outpatient rotation sites - Oliu and Villafuerte Trisolini at Design Neuroscience Center (where the program director also practises) and Vasconcellos at the WeMind Institute - so the published core faculty is substantially a community-practice faculty rather than a hospital-employed one. Design Neuroscience Center's clinicians p,"Research complete - the program publishes a core-faculty page, but it is incomplete: four named core faculty plus the program director, against the 20 physician faculty the program itself reports to FREIDA. Roughly three quarters of the faculty is not publicly listed, so no complete core-faculty roster exists.",YES_WAVE2
1801100005,RISE-NEURO-0056,"HCA Florida Healthcare/Kendall Hospital Program - Neurology Residency Program, HCA Florida Kendall Hospital",FL,Brian Villafuerte Trisolini,MD,Core Faculty; Site Director at HCA Florida Aventura Hospital,Vascular neurology; neurohospitalist medicine,,"Neurology, University of Nebraska Medical Center","Vascular Neurology Fellowship, Johns Hopkins University",False,,,,,PARTIALLY_VERIFIED,HIGH,https://hcahealthcaregme.com/locations/hca-florida-kendall-hospital/neurology-residency-program/faculty.dot,Three of the five named faculty practise at the program's two private outpatient rotation sites - Oliu and Villafuerte Trisolini at Design Neuroscience Center (where the program director also practises) and Vasconcellos at the WeMind Institute - so the published core faculty is substantially a community-practice faculty rather than a hospital-employed one. Design Neuroscience Center's clinicians p,"Research complete - the program publishes a core-faculty page, but it is incomplete: four named core faculty plus the program director, against the 20 physician faculty the program itself reports to FREIDA. Roughly three quarters of the faculty is not publicly listed, so no complete core-faculty roster exists.",YES_WAVE2
1801100005,RISE-NEURO-0056,"HCA Florida Healthcare/Kendall Hospital Program - Neurology Residency Program, HCA Florida Kendall Hospital",FL,Pamela Youssef,"MD, MBA",Program Director and faculty,"General adult neurology; epilepsy, stroke and brain injury research involvement",,"Adult Neurology, Medical College of Wisconsin",,False,,,,,PARTIALLY_VERIFIED,HIGH,https://www.dncneurology.com/pamela-youssef,Three of the five named faculty practise at the program's two private outpatient rotation sites - Oliu and Villafuerte Trisolini at Design Neuroscience Center (where the program director also practises) and Vasconcellos at the WeMind Institute - so the published core faculty is substantially a community-practice faculty rather than a hospital-employed one. Design Neuroscience Center's clinicians p,"Research complete - the program publishes a core-faculty page, but it is incomplete: four named core faculty plus the program director, against the 20 physician faculty the program itself reports to FREIDA. Roughly three quarters of the faculty is not publicly listed, so no complete core-faculty roster exists.",YES_WAVE2
1801100008,RISE-NEURO-0002,AdventHealth Orlando Neurology Residency Program (registry: 'AdventHealth Florida Program'),FL,Anwar Ahmed,"MD, FAAN",Program Director; core faculty,Movement disorders,,"Neurology, Wayne State University SOM",Columbia-Presbyterian (surgical approaches to movement disorders/motor physiology); Cleveland Clinic (movement disorders clinical research),False,,,,,PARTIALLY_VERIFIED,HIGH,https://www.adventhealth.com/adventhealth-graduate-medical-education/neurology-residency-faculty,,"Research complete - the program publishes 9 of the roughly 12 core faculty it reports to FREIDA, so there is no complete public core-faculty roster; Ryan Mizell, MD's subspecialty is not published, and documented Spanish-language ability could not be confirmed for any named core faculty because AdventHealth's provider directory returns HTTP 403.",YES_WAVE3
1801100008,RISE-NEURO-0002,AdventHealth Orlando Neurology Residency Program (registry: 'AdventHealth Florida Program'),FL,Rana Abusoufeh,MD,Associate Program Director; core faculty,Epilepsy / clinical neurophysiology,,"Neurology, University Hospital Case Medical Center, Cleveland",Epilepsy Research (Case); Clinical Neurophysiology (LSU New Orleans),False,,,,,PARTIALLY_VERIFIED,HIGH,https://www.adventhealth.com/adventhealth-graduate-medical-education/neurology-residency-faculty,,"Research complete - the program publishes 9 of the roughly 12 core faculty it reports to FREIDA, so there is no complete public core-faculty roster; Ryan Mizell, MD's subspecialty is not published, and documented Spanish-language ability could not be confirmed for any named core faculty because AdventHealth's provider directory returns HTTP 403.",YES_WAVE3
1801100008,RISE-NEURO-0002,AdventHealth Orlando Neurology Residency Program (registry: 'AdventHealth Florida Program'),FL,Ammar Hussain,MD,Core faculty,Pediatric neurology and epilepsy (board certified in neurology and psychiatry with special qualification in pediatric neurology); supports the Child-Neuro blocks in this adult curriculum,,"Pediatric neurology, Virginia Commonwealth University","Epilepsy, Virginia Commonwealth University",False,,,,,PARTIALLY_VERIFIED,HIGH,https://www.adventhealthneuroinstitute.com/team/ammar-hussain,,"Research complete - the program publishes 9 of the roughly 12 core faculty it reports to FREIDA, so there is no complete public core-faculty roster; Ryan Mizell, MD's subspecialty is not published, and documented Spanish-language ability could not be confirmed for any named core faculty because AdventHealth's provider directory returns HTTP 403.",YES_WAVE3
1801100008,RISE-NEURO-0002,AdventHealth Orlando Neurology Residency Program (registry: 'AdventHealth Florida Program'),FL,Bassel Raad,MD,Core faculty,Neurocritical care (named as Faculty on AdventHealth's UCNS-accredited Neurocritical Care Fellowship page),,,,False,,,,,PARTIALLY_VERIFIED,MEDIUM,https://www.adventhealth.com/adventhealth-graduate-medical-education/fellowship-neurocritical-care,,"Research complete - the program publishes 9 of the roughly 12 core faculty it reports to FREIDA, so there is no complete public core-faculty roster; Ryan Mizell, MD's subspecialty is not published, and documented Spanish-language ability could not be confirmed for any named core faculty because AdventHealth's provider directory returns HTTP 403.",YES_WAVE3
1801100008,RISE-NEURO-0002,AdventHealth Orlando Neurology Residency Program (registry: 'AdventHealth Florida Program'),FL,Murad Talahma,MD,Core faculty,Neurocritical care (Associate Program Director of AdventHealth's UCNS-accredited Neurocritical Care Fellowship),,,,False,,,,,PARTIALLY_VERIFIED,MEDIUM,https://www.adventhealth.com/adventhealth-graduate-medical-education/fellowship-neurocritical-care,,"Research complete - the program publishes 9 of the roughly 12 core faculty it reports to FREIDA, so there is no complete public core-faculty roster; Ryan Mizell, MD's subspecialty is not published, and documented Spanish-language ability could not be confirmed for any named core faculty because AdventHealth's provider directory returns HTTP 403.",YES_WAVE3
1801100008,RISE-NEURO-0002,AdventHealth Orlando Neurology Residency Program (registry: 'AdventHealth Florida Program'),FL,Mitesh Lotia,MD,"Core faculty; Medical Director, Movement Disorders","Movement disorders (Parkinson's disease, dystonia, Tourette syndrome); functional neurological disorders",,Not published on AdventHealth pages,"Two-year Movement Disorders Fellowship, Baylor College of Medicine, under Dr. Joseph Jankovic (chief fellow)",False,,,,,PARTIALLY_VERIFIED,HIGH,https://www.adventhealthneuroinstitute.com/team/mitesh-lotia,,"Research complete - the program publishes 9 of the roughly 12 core faculty it reports to FREIDA, so there is no complete public core-faculty roster; Ryan Mizell, MD's subspecialty is not published, and documented Spanish-language ability could not be confirmed for any named core faculty because AdventHealth's provider directory returns HTTP 403.",YES_WAVE3
1801100008,RISE-NEURO-0002,AdventHealth Orlando Neurology Residency Program (registry: 'AdventHealth Florida Program'),FL,Dharani Mudugal,MD,Core faculty; Medical Director for Headache,Headache medicine,,"Family medicine, Genesys Regional Medical Center; Neurology, University of Nebraska Medical Center","Headache, Mayo Clinic",False,,,,,PARTIALLY_VERIFIED,HIGH,https://www.adventhealthneuroinstitute.com/team/dharani-mudugal,,"Research complete - the program publishes 9 of the roughly 12 core faculty it reports to FREIDA, so there is no complete public core-faculty roster; Ryan Mizell, MD's subspecialty is not published, and documented Spanish-language ability could not be confirmed for any named core faculty because AdventHealth's provider directory returns HTTP 403.",YES_WAVE3
1801100008,RISE-NEURO-0002,AdventHealth Orlando Neurology Residency Program (registry: 'AdventHealth Florida Program'),FL,Holly J. Skinner,DO,"Core faculty; Co-Medical Director, AdventHealth Sleep Disorders Center",Epileptology and sleep medicine,,"Neurology, Medical University of South Carolina (Chief Neurology Resident)","Clinical neurophysiology with emphasis in epilepsy and sleep medicine, University of Florida (plus MS in clinical and translational science)",False,,,,,PARTIALLY_VERIFIED,HIGH,https://www.adventhealthneuroinstitute.com/team/holly-j-skinner,,"Research complete - the program publishes 9 of the roughly 12 core faculty it reports to FREIDA, so there is no complete public core-faculty roster; Ryan Mizell, MD's subspecialty is not published, and documented Spanish-language ability could not be confirmed for any named core faculty because AdventHealth's provider directory returns HTTP 403.",YES_WAVE3
1801100008,RISE-NEURO-0002,AdventHealth Orlando Neurology Residency Program (registry: 'AdventHealth Florida Program'),FL,Ryan Mizell,MD,Core faculty,Not published,,,,False,,,,,PARTIALLY_VERIFIED,LOW,https://www.adventhealth.com/adventhealth-graduate-medical-education/neurology-residency-program-orlando,,"Research complete - the program publishes 9 of the roughly 12 core faculty it reports to FREIDA, so there is no complete public core-faculty roster; Ryan Mizell, MD's subspecialty is not published, and documented Spanish-language ability could not be confirmed for any named core faculty because AdventHealth's provider directory returns HTTP 403.",YES_WAVE3
1801100155,RISE-NEURO-0196,University of Central Florida/HCA Florida Healthcare (Greater Orlando/Osceola) Program - Adult Neurology,FL,Prasad Ancha,MD,Faculty,General Neurology,,,,,,,,,PARTIALLY_VERIFIED,HIGH,https://hcahealthcaregme.com/locations/hca-florida-osceola-hospital/neurology-residency/faculty.dot,"17 unique named physicians: the program director plus a 16-name faculty list (which itself re-lists the Nemours site director). FREIDA's 2026 survey reports field_total_physician = 0 and field_ratio_ft_faculty = '0.00' - null sentinels, not counts. The registry's 2025-cycle 'Program Faculty Count: 10' with 'Faculty Resident Ratio: 0.60:1' and 'Female Faculty Percent: 11.10%' is a program-reported ","Research complete - the program publishes a named faculty page with subspecialty labels for 17 physicians, but does not publish a designated ACGME core-faculty roster, training histories for most faculty, or documented language skills.",YES_WAVE3
1801100155,RISE-NEURO-0196,University of Central Florida/HCA Florida Healthcare (Greater Orlando/Osceola) Program - Adult Neurology,FL,Danish Bhatti,MD,Faculty,Movement Disorders and Education,,"Neurology, University of Nebraska Medical Center (chief resident)",Movement disorders neurologist; no ACGME or UCNS movement-disorders fellowship is named on any page opened. Directs a non-accredited online 'mini-fellowship' in Movement Disorders since 2017.,,,,,,PARTIALLY_VERIFIED,HIGH,https://hcahealthcaregme.com/locations/hca-florida-osceola-hospital/neurology-residency/faculty.dot | https://med.ucf.edu/person/danish-bhatti-md/,"17 unique named physicians: the program director plus a 16-name faculty list (which itself re-lists the Nemours site director). FREIDA's 2026 survey reports field_total_physician = 0 and field_ratio_ft_faculty = '0.00' - null sentinels, not counts. The registry's 2025-cycle 'Program Faculty Count: 10' with 'Faculty Resident Ratio: 0.60:1' and 'Female Faculty Percent: 11.10%' is a program-reported ","Research complete - the program publishes a named faculty page with subspecialty labels for 17 physicians, but does not publish a designated ACGME core-faculty roster, training histories for most faculty, or documented language skills.",YES_WAVE3
1801100155,RISE-NEURO-0196,University of Central Florida/HCA Florida Healthcare (Greater Orlando/Osceola) Program - Adult Neurology,FL,Yassar Chakfe,MD,Faculty,"Clinical Neurophysiology, Neuromuscular Medicine",,,,,,,,,PARTIALLY_VERIFIED,HIGH,https://hcahealthcaregme.com/locations/hca-florida-osceola-hospital/neurology-residency/faculty.dot,"17 unique named physicians: the program director plus a 16-name faculty list (which itself re-lists the Nemours site director). FREIDA's 2026 survey reports field_total_physician = 0 and field_ratio_ft_faculty = '0.00' - null sentinels, not counts. The registry's 2025-cycle 'Program Faculty Count: 10' with 'Faculty Resident Ratio: 0.60:1' and 'Female Faculty Percent: 11.10%' is a program-reported ","Research complete - the program publishes a named faculty page with subspecialty labels for 17 physicians, but does not publish a designated ACGME core-faculty roster, training histories for most faculty, or documented language skills.",YES_WAVE3
1801100155,RISE-NEURO-0196,University of Central Florida/HCA Florida Healthcare (Greater Orlando/Osceola) Program - Adult Neurology,FL,Ankur Garg,MD,Faculty,Interventional Neurology,,,,,,,,,PARTIALLY_VERIFIED,HIGH,https://hcahealthcaregme.com/locations/hca-florida-osceola-hospital/neurology-residency/faculty.dot,"17 unique named physicians: the program director plus a 16-name faculty list (which itself re-lists the Nemours site director). FREIDA's 2026 survey reports field_total_physician = 0 and field_ratio_ft_faculty = '0.00' - null sentinels, not counts. The registry's 2025-cycle 'Program Faculty Count: 10' with 'Faculty Resident Ratio: 0.60:1' and 'Female Faculty Percent: 11.10%' is a program-reported ","Research complete - the program publishes a named faculty page with subspecialty labels for 17 physicians, but does not publish a designated ACGME core-faculty roster, training histories for most faculty, or documented language skills.",YES_WAVE3
1801100155,RISE-NEURO-0196,University of Central Florida/HCA Florida Healthcare (Greater Orlando/Osceola) Program - Adult Neurology,FL,Fernando Gonzalez-Portillo,MD,Faculty,,,,,,,,,,PARTIALLY_VERIFIED,HIGH,https://hcahealthcaregme.com/locations/hca-florida-osceola-hospital/neurology-residency/faculty.dot,"17 unique named physicians: the program director plus a 16-name faculty list (which itself re-lists the Nemours site director). FREIDA's 2026 survey reports field_total_physician = 0 and field_ratio_ft_faculty = '0.00' - null sentinels, not counts. The registry's 2025-cycle 'Program Faculty Count: 10' with 'Faculty Resident Ratio: 0.60:1' and 'Female Faculty Percent: 11.10%' is a program-reported ","Research complete - the program publishes a named faculty page with subspecialty labels for 17 physicians, but does not publish a designated ACGME core-faculty roster, training histories for most faculty, or documented language skills.",YES_WAVE3
1801100155,RISE-NEURO-0196,University of Central Florida/HCA Florida Healthcare (Greater Orlando/Osceola) Program - Adult Neurology,FL,Sneha Jacob,MD,Faculty,Vascular Neurology,,,,,,,,,PARTIALLY_VERIFIED,HIGH,https://hcahealthcaregme.com/locations/hca-florida-osceola-hospital/neurology-residency/faculty.dot,"17 unique named physicians: the program director plus a 16-name faculty list (which itself re-lists the Nemours site director). FREIDA's 2026 survey reports field_total_physician = 0 and field_ratio_ft_faculty = '0.00' - null sentinels, not counts. The registry's 2025-cycle 'Program Faculty Count: 10' with 'Faculty Resident Ratio: 0.60:1' and 'Female Faculty Percent: 11.10%' is a program-reported ","Research complete - the program publishes a named faculty page with subspecialty labels for 17 physicians, but does not publish a designated ACGME core-faculty roster, training histories for most faculty, or documented language skills.",YES_WAVE3
1801100155,RISE-NEURO-0196,University of Central Florida/HCA Florida Healthcare (Greater Orlando/Osceola) Program - Adult Neurology,FL,Daniel Jacobs,MD,Faculty,"Neuroimmunology, Vascular Neurology",,University of Iowa / Johns Hopkins University / University of Kansas,"Neuropsychology and Behavioral Neurology, University of Florida College of Medicine",,,,,,PARTIALLY_VERIFIED,HIGH,https://hcahealthcaregme.com/locations/hca-florida-osceola-hospital/neurology-residency/faculty.dot | https://www.orlandoneurological.com/physicians/daniel-h-jacobs/,"17 unique named physicians: the program director plus a 16-name faculty list (which itself re-lists the Nemours site director). FREIDA's 2026 survey reports field_total_physician = 0 and field_ratio_ft_faculty = '0.00' - null sentinels, not counts. The registry's 2025-cycle 'Program Faculty Count: 10' with 'Faculty Resident Ratio: 0.60:1' and 'Female Faculty Percent: 11.10%' is a program-reported ","Research complete - the program publishes a named faculty page with subspecialty labels for 17 physicians, but does not publish a designated ACGME core-faculty roster, training histories for most faculty, or documented language skills.",YES_WAVE3
1801100155,RISE-NEURO-0196,University of Central Florida/HCA Florida Healthcare (Greater Orlando/Osceola) Program - Adult Neurology,FL,Afra Janarious,MD,Faculty,Neuromuscular,,,,,,,,,PARTIALLY_VERIFIED,HIGH,https://hcahealthcaregme.com/locations/hca-florida-osceola-hospital/neurology-residency/faculty.dot,"17 unique named physicians: the program director plus a 16-name faculty list (which itself re-lists the Nemours site director). FREIDA's 2026 survey reports field_total_physician = 0 and field_ratio_ft_faculty = '0.00' - null sentinels, not counts. The registry's 2025-cycle 'Program Faculty Count: 10' with 'Faculty Resident Ratio: 0.60:1' and 'Female Faculty Percent: 11.10%' is a program-reported ","Research complete - the program publishes a named faculty page with subspecialty labels for 17 physicians, but does not publish a designated ACGME core-faculty roster, training histories for most faculty, or documented language skills.",YES_WAVE3
1801100155,RISE-NEURO-0196,University of Central Florida/HCA Florida Healthcare (Greater Orlando/Osceola) Program - Adult Neurology,FL,Mark Klafter,DO,Faculty,Movement Disorders and Vascular Neurology,,Cornell Neurology Residency Program,"Electromyography (EMG/NCS), Albert Einstein College of Medicine",,,,,,PARTIALLY_VERIFIED,HIGH,https://hcahealthcaregme.com/locations/hca-florida-osceola-hospital/neurology-residency/faculty.dot | https://www.orlandoneurological.com/physicians/mark-j-klafter/,"17 unique named physicians: the program director plus a 16-name faculty list (which itself re-lists the Nemours site director). FREIDA's 2026 survey reports field_total_physician = 0 and field_ratio_ft_faculty = '0.00' - null sentinels, not counts. The registry's 2025-cycle 'Program Faculty Count: 10' with 'Faculty Resident Ratio: 0.60:1' and 'Female Faculty Percent: 11.10%' is a program-reported ","Research complete - the program publishes a named faculty page with subspecialty labels for 17 physicians, but does not publish a designated ACGME core-faculty roster, training histories for most faculty, or documented language skills.",YES_WAVE3
1801100155,RISE-NEURO-0196,University of Central Florida/HCA Florida Healthcare (Greater Orlando/Osceola) Program - Adult Neurology,FL,Naga Prasad Nidadavolu,MD,Faculty,General Neurology,,,,,,,,,PARTIALLY_VERIFIED,HIGH,https://hcahealthcaregme.com/locations/hca-florida-osceola-hospital/neurology-residency/faculty.dot,"17 unique named physicians: the program director plus a 16-name faculty list (which itself re-lists the Nemours site director). FREIDA's 2026 survey reports field_total_physician = 0 and field_ratio_ft_faculty = '0.00' - null sentinels, not counts. The registry's 2025-cycle 'Program Faculty Count: 10' with 'Faculty Resident Ratio: 0.60:1' and 'Female Faculty Percent: 11.10%' is a program-reported ","Research complete - the program publishes a named faculty page with subspecialty labels for 17 physicians, but does not publish a designated ACGME core-faculty roster, training histories for most faculty, or documented language skills.",YES_WAVE3
1801100155,RISE-NEURO-0196,University of Central Florida/HCA Florida Healthcare (Greater Orlando/Osceola) Program - Adult Neurology,FL,Fabian Rossi,MD,Faculty,Clinical Neurophysiology,,,,,,,,,PARTIALLY_VERIFIED,HIGH,https://hcahealthcaregme.com/locations/hca-florida-osceola-hospital/neurology-residency/faculty.dot,"17 unique named physicians: the program director plus a 16-name faculty list (which itself re-lists the Nemours site director). FREIDA's 2026 survey reports field_total_physician = 0 and field_ratio_ft_faculty = '0.00' - null sentinels, not counts. The registry's 2025-cycle 'Program Faculty Count: 10' with 'Faculty Resident Ratio: 0.60:1' and 'Female Faculty Percent: 11.10%' is a program-reported ","Research complete - the program publishes a named faculty page with subspecialty labels for 17 physicians, but does not publish a designated ACGME core-faculty roster, training histories for most faculty, or documented language skills.",YES_WAVE3
1801100155,RISE-NEURO-0196,University of Central Florida/HCA Florida Healthcare (Greater Orlando/Osceola) Program - Adult Neurology,FL,Ahmed Sadek,MD,Faculty,Epilepsy,,,,,,,,,PARTIALLY_VERIFIED,HIGH,https://hcahealthcaregme.com/locations/hca-florida-osceola-hospital/neurology-residency/faculty.dot,"17 unique named physicians: the program director plus a 16-name faculty list (which itself re-lists the Nemours site director). FREIDA's 2026 survey reports field_total_physician = 0 and field_ratio_ft_faculty = '0.00' - null sentinels, not counts. The registry's 2025-cycle 'Program Faculty Count: 10' with 'Faculty Resident Ratio: 0.60:1' and 'Female Faculty Percent: 11.10%' is a program-reported ","Research complete - the program publishes a named faculty page with subspecialty labels for 17 physicians, but does not publish a designated ACGME core-faculty roster, training histories for most faculty, or documented language skills.",YES_WAVE3
1801100155,RISE-NEURO-0196,University of Central Florida/HCA Florida Healthcare (Greater Orlando/Osceola) Program - Adult Neurology,FL,Umesh Sharma,MD,Faculty,Epilepsy,,,,,,,,,PARTIALLY_VERIFIED,HIGH,https://hcahealthcaregme.com/locations/hca-florida-osceola-hospital/neurology-residency/faculty.dot,"17 unique named physicians: the program director plus a 16-name faculty list (which itself re-lists the Nemours site director). FREIDA's 2026 survey reports field_total_physician = 0 and field_ratio_ft_faculty = '0.00' - null sentinels, not counts. The registry's 2025-cycle 'Program Faculty Count: 10' with 'Faculty Resident Ratio: 0.60:1' and 'Female Faculty Percent: 11.10%' is a program-reported ","Research complete - the program publishes a named faculty page with subspecialty labels for 17 physicians, but does not publish a designated ACGME core-faculty roster, training histories for most faculty, or documented language skills.",YES_WAVE3
1801100155,RISE-NEURO-0196,University of Central Florida/HCA Florida Healthcare (Greater Orlando/Osceola) Program - Adult Neurology,FL,Saif Ullah,MBBS,Faculty,General Neurology,,,,,,,,,PARTIALLY_VERIFIED,HIGH,https://hcahealthcaregme.com/locations/hca-florida-osceola-hospital/neurology-residency/faculty.dot,"17 unique named physicians: the program director plus a 16-name faculty list (which itself re-lists the Nemours site director). FREIDA's 2026 survey reports field_total_physician = 0 and field_ratio_ft_faculty = '0.00' - null sentinels, not counts. The registry's 2025-cycle 'Program Faculty Count: 10' with 'Faculty Resident Ratio: 0.60:1' and 'Female Faculty Percent: 11.10%' is a program-reported ","Research complete - the program publishes a named faculty page with subspecialty labels for 17 physicians, but does not publish a designated ACGME core-faculty roster, training histories for most faculty, or documented language skills.",YES_WAVE3
1801100155,RISE-NEURO-0196,University of Central Florida/HCA Florida Healthcare (Greater Orlando/Osceola) Program - Adult Neurology,FL,Navin Verma,MD,Faculty,Sleep Medicine,,,,,,,,,PARTIALLY_VERIFIED,HIGH,https://hcahealthcaregme.com/locations/hca-florida-osceola-hospital/neurology-residency/faculty.dot,"17 unique named physicians: the program director plus a 16-name faculty list (which itself re-lists the Nemours site director). FREIDA's 2026 survey reports field_total_physician = 0 and field_ratio_ft_faculty = '0.00' - null sentinels, not counts. The registry's 2025-cycle 'Program Faculty Count: 10' with 'Faculty Resident Ratio: 0.60:1' and 'Female Faculty Percent: 11.10%' is a program-reported ","Research complete - the program publishes a named faculty page with subspecialty labels for 17 physicians, but does not publish a designated ACGME core-faculty roster, training histories for most faculty, or documented language skills.",YES_WAVE3
1801100155,RISE-NEURO-0196,University of Central Florida/HCA Florida Healthcare (Greater Orlando/Osceola) Program - Adult Neurology,FL,Matthias Zinn,MD,"Faculty, Child Neurology; Site Director, Nemours Children's Hospital",Child Neurology,,"Pediatrics, Orlando Regional Medical Center","Child Neurology, University of North Carolina at Chapel Hill",,,,,,PARTIALLY_VERIFIED,HIGH,https://hcahealthcaregme.com/locations/hca-florida-osceola-hospital/neurology-residency/faculty.dot,"17 unique named physicians: the program director plus a 16-name faculty list (which itself re-lists the Nemours site director). FREIDA's 2026 survey reports field_total_physician = 0 and field_ratio_ft_faculty = '0.00' - null sentinels, not counts. The registry's 2025-cycle 'Program Faculty Count: 10' with 'Faculty Resident Ratio: 0.60:1' and 'Female Faculty Percent: 11.10%' is a program-reported ","Research complete - the program publishes a named faculty page with subspecialty labels for 17 physicians, but does not publish a designated ACGME core-faculty roster, training histories for most faculty, or documented language skills.",YES_WAVE3
1801100156,RISE-NEURO-0080,Larkin Community Hospital Program,FL,Wilson C. Cueva,MD,"Program Director, Adult Neurology Residency Program (South Miami Campus); Medical Director, Comprehensive Stroke Care Program (Palm Springs Campus)",Neurocritical care; interventional neuroradiology; vascular neurology,,University of Chicago (Neurology); internship University of Illinois,"Neurocritical care, University of Chicago; Interventional neuroradiology, Emory University",False,,,,,PARTIALLY_VERIFIED,HIGH,https://www.graduatemedicaleducation.org/our-faculty-neurology/,,"Research complete · The program publishes 22 named department members with detailed training histories but does not designate which are ACGME core faculty, so no official core-faculty roster is public. FREIDA's reported faculty count of 0 is a null sentinel, not a real figure.",YES_WAVE1
1801100156,RISE-NEURO-0080,Larkin Community Hospital Program,FL,Roberto Sanchez,MD,"Core faculty; continuity clinic preceptor (Doral, FL)",Vascular neurology / cerebrovascular disease,,"Internal medicine, St John's Episcopal Hospital-South Shore; Neurology residency (institution not stated)","Vascular neurology, University of Miami/Jackson Health System",False,,,,,PARTIALLY_VERIFIED,HIGH,https://www.graduatemedicaleducation.org/our-faculty-neurology/,,"Research complete · The program publishes 22 named department members with detailed training histories but does not designate which are ACGME core faculty, so no official core-faculty roster is public. FREIDA's reported faculty count of 0 is a null sentinel, not a real figure.",YES_WAVE1
1801100156,RISE-NEURO-0080,Larkin Community Hospital Program,FL,Ariol Labrada,MD,"Core faculty; continuity clinic preceptor (Doral, FL)",Vascular neurology; neurocritical care,,Louisiana State University Health Sciences Center (Chief Resident),"Vascular neurology, University of Miami Miller School of Medicine",False,,,,,PARTIALLY_VERIFIED,HIGH,https://www.graduatemedicaleducation.org/our-faculty-neurology/,,"Research complete · The program publishes 22 named department members with detailed training histories but does not designate which are ACGME core faculty, so no official core-faculty roster is public. FREIDA's reported faculty count of 0 is a null sentinel, not a real figure.",YES_WAVE1
1801100156,RISE-NEURO-0080,Larkin Community Hospital Program,FL,Pamela Youssef,MD,Core faculty,"General neurology; research in epilepsy, stroke, brain injury",,Medical College of Wisconsin (Chief Resident),,False,,,,,PARTIALLY_VERIFIED,HIGH,https://www.graduatemedicaleducation.org/our-faculty-neurology/,,"Research complete · The program publishes 22 named department members with detailed training histories but does not designate which are ACGME core faculty, so no official core-faculty roster is public. FREIDA's reported faculty count of 0 is a null sentinel, not a real figure.",YES_WAVE1
1801100156,RISE-NEURO-0080,Larkin Community Hospital Program,FL,Adam Nassery,MD,Core faculty,Interventional pain management; cervicogenic headache and low back pain,,Albert Einstein College of Medicine,"Interventional pain management, Albert Einstein College of Medicine",False,,,,,PARTIALLY_VERIFIED,HIGH,https://www.graduatemedicaleducation.org/our-faculty-neurology/,,"Research complete · The program publishes 22 named department members with detailed training histories but does not designate which are ACGME core faculty, so no official core-faculty roster is public. FREIDA's reported faculty count of 0 is a null sentinel, not a real figure.",YES_WAVE1
1801100156,RISE-NEURO-0080,Larkin Community Hospital Program,FL,Mohan Deochand,MD,Core faculty,Clinical neurophysiology; sleep medicine,,Howard University,"Clinical neurophysiology, Indiana University School of Medicine",False,,,,,PARTIALLY_VERIFIED,HIGH,https://www.graduatemedicaleducation.org/our-faculty-neurology/,,"Research complete · The program publishes 22 named department members with detailed training histories but does not designate which are ACGME core faculty, so no official core-faculty roster is public. FREIDA's reported faculty count of 0 is a null sentinel, not a real figure.",YES_WAVE1
1801100156,RISE-NEURO-0080,Larkin Community Hospital Program,FL,Carrie Landess,MD,Core faculty; preceptor of the required continuity-clinic rotation in North Miami (also listed in FREIDA as participating institution 'Carrie Landess MD-Neurology Clinic'),"Neurophysiology and neuromuscular disease; clinically manages migraine, epilepsy, multiple sclerosis, Parkinson's disease and neuromuscular disorders",,SUNY Downstate Medical Center,"Neurophysiology and neuromuscular disease, Vanderbilt University",False,"GRADUATE OF UNIVERSIDAD CENTRAL DEL CARIBE (UCC), Puerto Rico - Alejandra's own medical school. Verbatim from the program's faculty page: 'She earned her medical degree from Universidad Central del Caribe'. UCC is LCME-accredited, therefore a U.S. MD school.",INSTITUTIONAL,Universidad Central del Caribe,,PARTIALLY_VERIFIED,HIGH,https://www.graduatemedicaleducation.org/our-faculty-neurology/,,"Research complete · The program publishes 22 named department members with detailed training histories but does not designate which are ACGME core faculty, so no official core-faculty roster is public. FREIDA's reported faculty count of 0 is a null sentinel, not a real figure.",YES_WAVE1
1801100156,RISE-NEURO-0080,Larkin Community Hospital Program,FL,Hector A. Lalama,MD,Core faculty; preceptor of the required General Neurology & Neurophysiology continuity clinic (Coral Gables),"General neurology and neurophysiology; EEG/EMG, botulinum toxin injections, monthly DBS programming",,University of Miami/Jackson Health System,"Neurophysiology, University of Miami/Jackson Health System",False,,,,True,PARTIALLY_VERIFIED,HIGH,https://www.graduatemedicaleducation.org/our-faculty-neurology/,,"Research complete · The program publishes 22 named department members with detailed training histories but does not designate which are ACGME core faculty, so no official core-faculty roster is public. FREIDA's reported faculty count of 0 is a null sentinel, not a real figure.",YES_WAVE1
1801100156,RISE-NEURO-0080,Larkin Community Hospital Program,FL,Simon Starosta-Rubinstein,MD,Core faculty; preceptor of the required Cognitive and Movement Disorders rotation (South Miami Neurology),"Cognitive disorders, Parkinson's disease and other movement disorders, neuro-oncology",,University of Minnesota/Ramsey Medical Center,"Cognitive, movement disorders and neuro-oncology, University of Michigan (plus master's in clinical research design and statistical analysis)",False,,,,True,PARTIALLY_VERIFIED,HIGH,https://www.graduatemedicaleducation.org/our-faculty-neurology/,,"Research complete · The program publishes 22 named department members with detailed training histories but does not designate which are ACGME core faculty, so no official core-faculty roster is public. FREIDA's reported faculty count of 0 is a null sentinel, not a real figure.",YES_WAVE1
1801100156,RISE-NEURO-0080,Larkin Community Hospital Program,FL,Sayed Z. Naqvi,MD,Faculty for the required PGY-3 Pediatric Neurology rotation at Nicklaus Children's Hospital,"Child neurology, clinical neurophysiology, epilepsy",,"Pediatrics, University of Oklahoma","Neurology, University of North Carolina at Chapel Hill; clinical neurophysiology, Nicklaus Children's Hospital",False,,,,,PARTIALLY_VERIFIED,HIGH,https://www.graduatemedicaleducation.org/our-faculty-neurology/,,"Research complete · The program publishes 22 named department members with detailed training histories but does not designate which are ACGME core faculty, so no official core-faculty roster is public. FREIDA's reported faculty count of 0 is a null sentinel, not a real figure.",YES_WAVE1
1801100156,RISE-NEURO-0080,Larkin Community Hospital Program,FL,Stuart H. Isaacson,"MD, FAAN","Faculty; Director, Parkinson's Disease and Movement Disorders Center of Boca Raton; preceptor of the required Movement Disorders rotation","Parkinson's disease, essential tremor, dystonia, atypical Parkinsonism",,Icahn School of Medicine at Mount Sinai,"Movement disorders, Mount Sinai",False,,,,,PARTIALLY_VERIFIED,HIGH,https://www.graduatemedicaleducation.org/our-faculty-neurology/,,"Research complete · The program publishes 22 named department members with detailed training histories but does not designate which are ACGME core faculty, so no official core-faculty roster is public. FREIDA's reported faculty count of 0 is a null sentinel, not a real figure.",YES_WAVE1
1801100156,RISE-NEURO-0080,Larkin Community Hospital Program,FL,Brian Steingo,MD,"Faculty; Medical Director, Boca Raton Multiple Sclerosis Center; preceptor of the required Multiple Sclerosis rotation",Multiple sclerosis and demyelinating/neuroinflammatory disorders; MS biologic-therapy clinical trials,,"Johannesburg Hospitals Complex (neurology, pediatrics, internal medicine); further neurology residency Medical University of South Carolina; Chief Neurology Resident, Baylor College of Medicine, Houston, Texas",,False,,,,,PARTIALLY_VERIFIED,HIGH,https://www.graduatemedicaleducation.org/our-faculty-neurology/,,"Research complete · The program publishes 22 named department members with detailed training histories but does not designate which are ACGME core faculty, so no official core-faculty roster is public. FREIDA's reported faculty count of 0 is a null sentinel, not a real figure.",YES_WAVE1
1801100156,RISE-NEURO-0080,Larkin Community Hospital Program,FL,Leonard L. Sokol,MD,"Faculty; Cognitive and Palliative Neurologist, Wien Center for Alzheimer's Disease & Memory Disorders, Mount Sinai Medical Center - site of the Behavioral Neurology and Neuropalliative Care rotation","Cognitive, geriatric and neuropalliative neurology; Alzheimer's disease and related dementias",,,,False,,,,,PARTIALLY_VERIFIED,MEDIUM,https://www.graduatemedicaleducation.org/our-faculty-neurology/,,"Research complete · The program publishes 22 named department members with detailed training histories but does not designate which are ACGME core faculty, so no official core-faculty roster is public. FREIDA's reported faculty count of 0 is a null sentinel, not a real figure.",YES_WAVE1
1801100156,RISE-NEURO-0080,Larkin Community Hospital Program,FL,Matthew D. Kay,MD,Faculty; preceptor of the required PGY-4 Neuro-ophthalmology rotation; also Program Director of the Larkin Community Hospital/LECOM Ophthalmology Residency,Neuro-ophthalmology; complex eye movement disorders including strabismus,,"Ophthalmology, Rush University Medical Center","Neuro-ophthalmology, Sidney Kimmel Medical College at Thomas Jefferson University/Wills Eye Hospital",False,,,,,PARTIALLY_VERIFIED,HIGH,https://www.graduatemedicaleducation.org/our-faculty-neurology/,,"Research complete · The program publishes 22 named department members with detailed training histories but does not designate which are ACGME core faculty, so no official core-faculty roster is public. FREIDA's reported faculty count of 0 is a null sentinel, not a real figure.",YES_WAVE1
1801100156,RISE-NEURO-0080,Larkin Community Hospital Program,FL,Aizik L. Wolf,MD,Faculty; neurosurgeon; founder of the Miami Neuroscience Center; Medical Director at Larkin Hospital,"Stereotactic radiosurgery / Gamma Knife for brain tumors, trigeminal neuralgia and movement disorders",,"Neurosurgery, University of Minnesota Hospitals","Gamma Knife radiosurgery training, Brown University",False,,,,,PARTIALLY_VERIFIED,HIGH,https://www.graduatemedicaleducation.org/our-faculty-neurology/,,"Research complete · The program publishes 22 named department members with detailed training histories but does not designate which are ACGME core faculty, so no official core-faculty roster is public. FREIDA's reported faculty count of 0 is a null sentinel, not a real figure.",YES_WAVE1
1801100156,RISE-NEURO-0080,Larkin Community Hospital Program,FL,Ali S. Malik,DO,"Faculty; preceptor of the required Nerve Conduction & Electromyography rotation (Global Neuro & Spine Institute, Fort Lauderdale)",PM&R; interventional pain management; sports medicine,,"PM&R, Larkin Community Hospital","Pain medicine and sports medicine, Icahn School of Medicine at Mount Sinai",True,,,,,PARTIALLY_VERIFIED,HIGH,https://www.graduatemedicaleducation.org/our-faculty-neurology/,,"Research complete · The program publishes 22 named department members with detailed training histories but does not designate which are ACGME core faculty, so no official core-faculty roster is public. FREIDA's reported faculty count of 0 is a null sentinel, not a real figure.",YES_WAVE1
1801100156,RISE-NEURO-0080,Larkin Community Hospital Program,FL,Joseph E. Mouhanna,MD,"Faculty; preceptor of the required Pain Medicine rotation; Program Director, Pain Medicine Fellowship at Larkin Community Hospital",Interventional spine and pain medicine,,"Anesthesiology, University of Miami/Jackson Health System","Pain medicine, University of Texas Southwestern Medical Center",False,,,,,PARTIALLY_VERIFIED,HIGH,https://www.graduatemedicaleducation.org/our-faculty-neurology/,,"Research complete · The program publishes 22 named department members with detailed training histories but does not designate which are ACGME core faculty, so no official core-faculty roster is public. FREIDA's reported faculty count of 0 is a null sentinel, not a real figure.",YES_WAVE1
1801100156,RISE-NEURO-0080,Larkin Community Hospital Program,FL,Gustavo Ferrer,MD,"Faculty; preceptor of the required Sleep Medicine rotation (Intensive Care Experts Health Network, Aventura)",Critical care pulmonology; sleep medicine / obstructive sleep apnea,,"Internal medicine, Texas Tech University Health Sciences Center El Paso","Pulmonary disease and critical care, George Washington University",False,,,,,PARTIALLY_VERIFIED,HIGH,https://www.graduatemedicaleducation.org/our-faculty-neurology/,,"Research complete · The program publishes 22 named department members with detailed training histories but does not designate which are ACGME core faculty, so no official core-faculty roster is public. FREIDA's reported faculty count of 0 is a null sentinel, not a real figure.",YES_WAVE1
1801100156,RISE-NEURO-0080,Larkin Community Hospital Program,FL,Gerardo Ferrer,MD,"Faculty; Attending Psychiatrist, Larkin Community Hospital; Program Director, Larkin Psychiatry Residency Program","Addiction, substance abuse, psychotic disorders",,,,,,,,,PARTIALLY_VERIFIED,MEDIUM,https://www.graduatemedicaleducation.org/our-faculty-neurology/,,"Research complete · The program publishes 22 named department members with detailed training histories but does not designate which are ACGME core faculty, so no official core-faculty roster is public. FREIDA's reported faculty count of 0 is a null sentinel, not a real figure.",YES_WAVE1
1801100156,RISE-NEURO-0080,Larkin Community Hospital Program,FL,George John Michel,MD,"Faculty; Program Director, Internal Medicine Residency; Chairman of Internal Medicine; Medical Director of the Larkin Multispecialty Clinic (the PGY-1 continuity clinic site)",Internal medicine,,University of Miami - Jackson Memorial Hospital,,False,,,,,PARTIALLY_VERIFIED,HIGH,https://www.graduatemedicaleducation.org/our-faculty-neurology/,,"Research complete · The program publishes 22 named department members with detailed training histories but does not designate which are ACGME core faculty, so no official core-faculty roster is public. FREIDA's reported faculty count of 0 is a null sentinel, not a real figure.",YES_WAVE1
1801100156,RISE-NEURO-0080,Larkin Community Hospital Program,FL,Robert J. Hernandez,MD,Faculty for the required PGY-1 Infectious Disease rotation,Infectious disease,,"Internal medicine, Icahn School of Medicine at Mount Sinai","Infectious disease, Westchester Medical Center",False,,,,,PARTIALLY_VERIFIED,HIGH,https://www.graduatemedicaleducation.org/our-faculty-neurology/,,"Research complete · The program publishes 22 named department members with detailed training histories but does not designate which are ACGME core faculty, so no official core-faculty roster is public. FREIDA's reported faculty count of 0 is a null sentinel, not a real figure.",YES_WAVE1
1801100156,RISE-NEURO-0080,Larkin Community Hospital Program,FL,Pedro José Valdes,"DO, FACC","Faculty; Interventional Cardiologist and Chief Medical Officer, Larkin Community Hospital Palm Springs Campus",Interventional cardiology,,Palmetto General Hospital (Chief Resident),"Cardiology and interventional cardiology, Palmetto General Hospital",False,,,,True,PARTIALLY_VERIFIED,HIGH,https://www.graduatemedicaleducation.org/our-faculty-neurology/,,"Research complete · The program publishes 22 named department members with detailed training histories but does not designate which are ACGME core faculty, so no official core-faculty roster is public. FREIDA's reported faculty count of 0 is a null sentinel, not a real figure.",YES_WAVE1
1801100157,RISE-NEURO-0045,Florida Atlantic University Charles E. Schmidt College of Medicine Program — Neurology,FL,Sunil Chauhan,MD,Core faculty,General neurology (board certified in Neurology),,,,,,,,,PARTIALLY_VERIFIED,HIGH,https://www.fau.edu/medicine/gme/residency-fellowship/neurology/faculty/,"The program publishes a complete named faculty roster with board certification and subspecialty for each member, and the count of 16 matches FREIDA's field_total_physician exactly. Individual residency and fellowship training institutions are NOT published for anyone other than the two program leaders and the three faculty who have official Baptist Health profiles, so trained_here and training-ins",Research complete · The program publishes its full faculty roster with subspecialties but not where each faculty member trained.,YES_WAVE2
1801100157,RISE-NEURO-0045,Florida Atlantic University Charles E. Schmidt College of Medicine Program — Neurology,FL,Rejo P. Cherian,MD,"Core faculty; Assistant Professor of Neurology, FAU",Neuromuscular medicine (board certified in Neurology and Neuromuscular Medicine),,,,,,,,,PARTIALLY_VERIFIED,HIGH,https://www.fau.edu/medicine/gme/residency-fellowship/neurology/faculty/,"The program publishes a complete named faculty roster with board certification and subspecialty for each member, and the count of 16 matches FREIDA's field_total_physician exactly. Individual residency and fellowship training institutions are NOT published for anyone other than the two program leaders and the three faculty who have official Baptist Health profiles, so trained_here and training-ins",Research complete · The program publishes its full faculty roster with subspecialties but not where each faculty member trained.,YES_WAVE2
1801100157,RISE-NEURO-0045,Florida Atlantic University Charles E. Schmidt College of Medicine Program — Neurology,FL,Svetlana Faktorovich,MD,Core faculty,Clinical neurophysiology (board certified in Neurology and Clinical Neurophysiology),,,,,,,,,PARTIALLY_VERIFIED,HIGH,https://www.fau.edu/medicine/gme/residency-fellowship/neurology/faculty/,"The program publishes a complete named faculty roster with board certification and subspecialty for each member, and the count of 16 matches FREIDA's field_total_physician exactly. Individual residency and fellowship training institutions are NOT published for anyone other than the two program leaders and the three faculty who have official Baptist Health profiles, so trained_here and training-ins",Research complete · The program publishes its full faculty roster with subspecialties but not where each faculty member trained.,YES_WAVE2
1801100157,RISE-NEURO-0045,Florida Atlantic University Charles E. Schmidt College of Medicine Program — Neurology,FL,G. Peter Gliebus,MD,Core faculty,Behavioral neurology and neuropsychiatry (subspecialty certification),,,,,,,,,PARTIALLY_VERIFIED,HIGH,https://www.fau.edu/medicine/gme/residency-fellowship/neurology/faculty/,"The program publishes a complete named faculty roster with board certification and subspecialty for each member, and the count of 16 matches FREIDA's field_total_physician exactly. Individual residency and fellowship training institutions are NOT published for anyone other than the two program leaders and the three faculty who have official Baptist Health profiles, so trained_here and training-ins",Research complete · The program publishes its full faculty roster with subspecialties but not where each faculty member trained.,YES_WAVE2
1801100157,RISE-NEURO-0045,Florida Atlantic University Charles E. Schmidt College of Medicine Program — Neurology,FL,Thomas Hammond,"MD, FAAN","Core faculty; Associate Professor, Florida Atlantic University",Neuro-imaging (UCNS certified); board certified in Neurology and Internal Medicine; clinically active in the Marcus Neuroscience Institute MS program,,,,,,,,,PARTIALLY_VERIFIED,HIGH,https://www.fau.edu/medicine/gme/residency-fellowship/neurology/faculty/,"The program publishes a complete named faculty roster with board certification and subspecialty for each member, and the count of 16 matches FREIDA's field_total_physician exactly. Individual residency and fellowship training institutions are NOT published for anyone other than the two program leaders and the three faculty who have official Baptist Health profiles, so trained_here and training-ins",Research complete · The program publishes its full faculty roster with subspecialties but not where each faculty member trained.,YES_WAVE2
1801100157,RISE-NEURO-0045,Florida Atlantic University Charles E. Schmidt College of Medicine Program — Neurology,FL,Sameea Husain Wilson,DO,"Core faculty; Director of Movement Disorder Neurology, Marcus Neuroscience Institute; Assistant Professor of Neurology, FAU","MOVEMENT DISORDERS — fellowship trained; DBS, botulinum toxin, DUOPA pump, high-frequency ultrasound, Cala Trio",,Nova Southeastern University-Osteopathic Medicine,"Fellowship, Neurology, 2012 (movement disorders)",False,,,,False,PARTIALLY_VERIFIED,HIGH,https://baptisthealth.net/doctors/sameea-husain-wilson/2059098,"The program publishes a complete named faculty roster with board certification and subspecialty for each member, and the count of 16 matches FREIDA's field_total_physician exactly. Individual residency and fellowship training institutions are NOT published for anyone other than the two program leaders and the three faculty who have official Baptist Health profiles, so trained_here and training-ins",Research complete · The program publishes its full faculty roster with subspecialties but not where each faculty member trained.,YES_WAVE2
1801100157,RISE-NEURO-0045,Florida Atlantic University Charles E. Schmidt College of Medicine Program — Neurology,FL,Constance Katsafanas,DO,"Program Director; Associate Professor of Neurology, FAU",Vascular neurology / stroke and telestroke,,University of Florida COM-Jacksonville,University of Florida COM-Jacksonville — Vascular Neurology,False,,,,,PARTIALLY_VERIFIED,HIGH,https://baptisthealth.net/newsroom/press-release/constance-katsafanas-joins-marcus-neuroscience-institute,"The program publishes a complete named faculty roster with board certification and subspecialty for each member, and the count of 16 matches FREIDA's field_total_physician exactly. Individual residency and fellowship training institutions are NOT published for anyone other than the two program leaders and the three faculty who have official Baptist Health profiles, so trained_here and training-ins",Research complete · The program publishes its full faculty roster with subspecialties but not where each faculty member trained.,YES_WAVE2
1801100157,RISE-NEURO-0045,Florida Atlantic University Charles E. Schmidt College of Medicine Program — Neurology,FL,Amy Wei-Hsin Laitinen,MD,"Associate Program Director; Director of Multiple Sclerosis and Neuroimmunology, Marcus Neuroscience Institute",MS AND NEUROIMMUNOLOGY — fellowship trained,,"Yale-New Haven Hospital of St. Raphael, 2021 (chief resident)","Columbia University Vagelos College of Physicians and Surgeons — Neuroimmunology, 2023; NMSS Clinical MS Fellow",False,,,,True,PARTIALLY_VERIFIED,HIGH,https://baptisthealth.net/doctors/amy-wei-hsin-laitinen/2611629,"The program publishes a complete named faculty roster with board certification and subspecialty for each member, and the count of 16 matches FREIDA's field_total_physician exactly. Individual residency and fellowship training institutions are NOT published for anyone other than the two program leaders and the three faculty who have official Baptist Health profiles, so trained_here and training-ins",Research complete · The program publishes its full faculty roster with subspecialties but not where each faculty member trained.,YES_WAVE2
1801100157,RISE-NEURO-0045,Florida Atlantic University Charles E. Schmidt College of Medicine Program — Neurology,FL,Neil M. Masangkay,MD,"Core faculty; Assistant Dean for Student Affairs and Associate Professor of Neurology, FAU",General neurology,,,,,,,,,PARTIALLY_VERIFIED,HIGH,https://www.fau.edu/medicine/gme/residency-fellowship/neurology/faculty/,"The program publishes a complete named faculty roster with board certification and subspecialty for each member, and the count of 16 matches FREIDA's field_total_physician exactly. Individual residency and fellowship training institutions are NOT published for anyone other than the two program leaders and the three faculty who have official Baptist Health profiles, so trained_here and training-ins",Research complete · The program publishes its full faculty roster with subspecialties but not where each faculty member trained.,YES_WAVE2
1801100157,RISE-NEURO-0045,Florida Atlantic University Charles E. Schmidt College of Medicine Program — Neurology,FL,Sujai Deep Nath,MD,Core faculty,General neurology,,,,,,,,,PARTIALLY_VERIFIED,HIGH,https://www.fau.edu/medicine/gme/residency-fellowship/neurology/faculty/,"The program publishes a complete named faculty roster with board certification and subspecialty for each member, and the count of 16 matches FREIDA's field_total_physician exactly. Individual residency and fellowship training institutions are NOT published for anyone other than the two program leaders and the three faculty who have official Baptist Health profiles, so trained_here and training-ins",Research complete · The program publishes its full faculty roster with subspecialties but not where each faculty member trained.,YES_WAVE2
1801100157,RISE-NEURO-0045,Florida Atlantic University Charles E. Schmidt College of Medicine Program — Neurology,FL,Ehizele Osehobo,MD,Core faculty,Vascular neurology — fellowship trained,,,,,,,,,PARTIALLY_VERIFIED,HIGH,https://www.fau.edu/medicine/gme/residency-fellowship/neurology/faculty/,"The program publishes a complete named faculty roster with board certification and subspecialty for each member, and the count of 16 matches FREIDA's field_total_physician exactly. Individual residency and fellowship training institutions are NOT published for anyone other than the two program leaders and the three faculty who have official Baptist Health profiles, so trained_here and training-ins",Research complete · The program publishes its full faculty roster with subspecialties but not where each faculty member trained.,YES_WAVE2
1801100157,RISE-NEURO-0045,Florida Atlantic University Charles E. Schmidt College of Medicine Program — Neurology,FL,Pooja Sureja Patel,MD,Core faculty,Epilepsy (board certified in Neurology and Epilepsy),,,,,,,,,PARTIALLY_VERIFIED,HIGH,https://www.fau.edu/medicine/gme/residency-fellowship/neurology/faculty/,"The program publishes a complete named faculty roster with board certification and subspecialty for each member, and the count of 16 matches FREIDA's field_total_physician exactly. Individual residency and fellowship training institutions are NOT published for anyone other than the two program leaders and the three faculty who have official Baptist Health profiles, so trained_here and training-ins",Research complete · The program publishes its full faculty roster with subspecialties but not where each faculty member trained.,YES_WAVE2
1801100157,RISE-NEURO-0045,Florida Atlantic University Charles E. Schmidt College of Medicine Program — Neurology,FL,Surabhi Ranjan,MD,Core faculty,Neuro-oncology (board certified in Neurology and Neuro-Oncology),,,,,,,,,PARTIALLY_VERIFIED,HIGH,https://www.fau.edu/medicine/gme/residency-fellowship/neurology/faculty/,"The program publishes a complete named faculty roster with board certification and subspecialty for each member, and the count of 16 matches FREIDA's field_total_physician exactly. Individual residency and fellowship training institutions are NOT published for anyone other than the two program leaders and the three faculty who have official Baptist Health profiles, so trained_here and training-ins",Research complete · The program publishes its full faculty roster with subspecialties but not where each faculty member trained.,YES_WAVE2
1801100157,RISE-NEURO-0045,Florida Atlantic University Charles E. Schmidt College of Medicine Program — Neurology,FL,Pablo Ravenna,MD,Core faculty,Neuro-ophthalmology — fellowship trained,,,,,,,,,PARTIALLY_VERIFIED,HIGH,https://www.fau.edu/medicine/gme/residency-fellowship/neurology/faculty/,"The program publishes a complete named faculty roster with board certification and subspecialty for each member, and the count of 16 matches FREIDA's field_total_physician exactly. Individual residency and fellowship training institutions are NOT published for anyone other than the two program leaders and the three faculty who have official Baptist Health profiles, so trained_here and training-ins",Research complete · The program publishes its full faculty roster with subspecialties but not where each faculty member trained.,YES_WAVE2
1801100157,RISE-NEURO-0045,Florida Atlantic University Charles E. Schmidt College of Medicine Program — Neurology,FL,Marc Swerdloff,MD,Core faculty,Electromyography — fellowship trained; board certified in Neurology,,,,,,,,,PARTIALLY_VERIFIED,HIGH,https://www.fau.edu/medicine/gme/residency-fellowship/neurology/faculty/,"The program publishes a complete named faculty roster with board certification and subspecialty for each member, and the count of 16 matches FREIDA's field_total_physician exactly. Individual residency and fellowship training institutions are NOT published for anyone other than the two program leaders and the three faculty who have official Baptist Health profiles, so trained_here and training-ins",Research complete · The program publishes its full faculty roster with subspecialties but not where each faculty member trained.,YES_WAVE2
1801100157,RISE-NEURO-0045,Florida Atlantic University Charles E. Schmidt College of Medicine Program — Neurology,FL,Raphael Wald,"PsyD, ABN, CMPC",Core faculty (non-physician doctoral),Neuropsychology (board certified in Psychology and Neuro-Psychology),,,,,,,,,PARTIALLY_VERIFIED,HIGH,https://www.fau.edu/medicine/gme/residency-fellowship/neurology/faculty/,"The program publishes a complete named faculty roster with board certification and subspecialty for each member, and the count of 16 matches FREIDA's field_total_physician exactly. Individual residency and fellowship training institutions are NOT published for anyone other than the two program leaders and the three faculty who have official Baptist Health profiles, so trained_here and training-ins",Research complete · The program publishes its full faculty roster with subspecialties but not where each faculty member trained.,YES_WAVE2
1801100158,RISE-NEURO-0079,Larkin Community Hospital Palm Springs Campus Program,FL,Kester Nedd,DO,Program Director / Department Member,Neurological Rehabilitation; Neuro-trauma / brain injury,,University of Miami - Jackson Memorial Hospital (Neurology),University of Miami / Jackson Memorial Hospital - Neurologic Rehabilitation,False,,,,,,HIGH,https://www.graduatemedicaleducation.org/our-faculty-neurology-psc/,,,YES_WAVE1
1801100158,RISE-NEURO-0079,Larkin Community Hospital Palm Springs Campus Program,FL,Pamela Yousseff,MD,Department Member,,,Medical College of Wisconsin Affiliated Hospitals (Neurology),,False,,,,,,HIGH,https://www.graduatemedicaleducation.org/our-faculty-neurology-psc/,,,YES_WAVE1
1801100158,RISE-NEURO-0079,Larkin Community Hospital Palm Springs Campus Program,FL,Odalys Frontela,MD,Department Member,Internal Medicine (ABIM certified; not a certified neurologist),,"Mayaguez Medical Center, Mayaguez, Puerto Rico - Internship / Residency, Internal Medicine",,False,"Completed internship and Internal Medicine residency at Mayaguez Medical Center in Mayaguez, Puerto Rico - a genuine Puerto Rico graduate-medical-training tie within this program's published department.",INSTITUTIONAL,Puerto Rico training site (non-degree),,,MEDIUM,https://www.graduatemedicaleducation.org/our-faculty-neurology-psc/,,,YES_WAVE1
1801100158,RISE-NEURO-0079,Larkin Community Hospital Palm Springs Campus Program,FL,Bruce Rubin,MD,Department Member,Neurological Rehabilitation,,"The Neurological Institute, Columbia Presbyterian Medical Center, Columbia University (Neurology); internship in Internal Medicine at Staten Island University Hospital, SUNY",University of Miami School of Medicine / Jackson Memorial Hospital - Neurological Rehabilitation,False,,,,,,HIGH,https://www.graduatemedicaleducation.org/our-faculty-neurology-psc/,,,YES_WAVE1
1801100158,RISE-NEURO-0079,Larkin Community Hospital Palm Springs Campus Program,FL,Ritesh Kaushal,MD,Department Member,Vascular Neurology; Endovascular Surgical Neuroradiology,,University of Chicago (Neurology); internship in Internal Medicine at Louis A Weiss Memorial Hospital,St Louis University School of Medicine - Vascular Neurology; St Louis University School of Medicine - Endovascular Surgical Neuroradiology (Neurology),False,,,,,,HIGH,https://www.graduatemedicaleducation.org/our-faculty-neurology-psc/,,,YES_WAVE1
1801100158,RISE-NEURO-0079,Larkin Community Hospital Palm Springs Campus Program,FL,Ramzy Medaa,MD,Department Member,Child Neurology; Epilepsy,,"Baylor College of Medicine - Residency, Pediatrics and Residency, Pediatric Neurology; internship in General Surgery at Baylor College of Medicine",,False,,,,,,HIGH,https://www.graduatemedicaleducation.org/our-faculty-neurology-psc/,,,YES_WAVE1
1801100158,RISE-NEURO-0079,Larkin Community Hospital Palm Springs Campus Program,FL,Matthew Kay,MD,Department Member,Neuro-Ophthalmology,,Rush Medical College - Internship and Residency,Wills Eye Hospital - Neuro-Ophthalmology,False,,,,,,HIGH,https://www.graduatemedicaleducation.org/our-faculty-neurology-psc/,,,YES_WAVE1
1801100158,RISE-NEURO-0079,Larkin Community Hospital Palm Springs Campus Program,FL,Carlos Oliu,MD,Department Member,Epilepsy,,Jackson Memorial Hospital / University of Miami (Neurology),Jackson Memorial Hospital / University of Miami - Epilepsy,False,,,,,,HIGH,https://www.graduatemedicaleducation.org/our-faculty-neurology-psc/,,,YES_WAVE1
1801100159,RISE-NEURO-0109,Memorial Healthcare System (Hollywood Florida) Program,FL,Buse Sengul,MD,Program Director,Multiple Sclerosis / Neuroimmunology,,Temple University Hospital,University of Florida College of Medicine,False,,,,False,PARTIALLY_VERIFIED,HIGH,https://www.mhs.net/providers/s/sengul-buse,"The program publishes a multi-department rotation teaching-faculty page, not a designated ACGME core-faculty roster. The 18-member list here is the current adult Memorial Division of Neurology reconstructed from the institution's own provider directory, plus the residency leadership.",,YES_WAVE2
1801100159,RISE-NEURO-0109,Memorial Healthcare System (Hollywood Florida) Program,FL,George Diaz,MD,"Associate Program Director; Director, Outpatient Satellite Neurology Clinics","Vascular Neurology, Neuromuscular Medicine, Brain Injury, Clinical Neurophysiology",,University of Miami / Jackson Memorial Hospital,University of Texas Medical School at Houston (Neuromuscular / EMG),False,,,,True,PARTIALLY_VERIFIED,HIGH,https://www.mhs.net/providers/d/diaz-george-c,"The program publishes a multi-department rotation teaching-faculty page, not a designated ACGME core-faculty roster. The 18-member list here is the current adult Memorial Division of Neurology reconstructed from the institution's own provider directory, plus the residency leadership.",,YES_WAVE2
1801100159,RISE-NEURO-0109,Memorial Healthcare System (Hollywood Florida) Program,FL,Mhd Tarek Zakaria,MD,"Medical Director, Division of Neurology; Medical Director, Epilepsy Program","Epilepsy, Clinical Neurophysiology",,University of Cincinnati,Mayo Clinic (Epilepsy),False,,,,False,PARTIALLY_VERIFIED,HIGH,https://www.mhs.net/providers/z/zakaria-mhd-tarek,"The program publishes a multi-department rotation teaching-faculty page, not a designated ACGME core-faculty roster. The 18-member list here is the current adult Memorial Division of Neurology reconstructed from the institution's own provider directory, plus the residency leadership.",,YES_WAVE2
1801100159,RISE-NEURO-0109,Memorial Healthcare System (Hollywood Florida) Program,FL,Noureldin Abdelhamid,MD,"Medical Director, Neurohospitalist and Medical Stroke Program","Vascular Neurology, Neurocritical Care",,SUNY at Buffalo School of Medicine,Houston Methodist Hospital (Vascular Neurology),False,,,,False,PARTIALLY_VERIFIED,HIGH,https://www.mhs.net/providers/a/abdelhamid-noureldin-m,"The program publishes a multi-department rotation teaching-faculty page, not a designated ACGME core-faculty roster. The 18-member list here is the current adult Memorial Division of Neurology reconstructed from the institution's own provider directory, plus the residency leadership.",,YES_WAVE2
1801100159,RISE-NEURO-0109,Memorial Healthcare System (Hollywood Florida) Program,FL,Ana Coronado,MD,"Neurology, Headache (Weston satellite clinic); listed on the residency faculty page",Headache Medicine,,"Hahnemann University Hospital, 2019 then Temple University Hospital, 2021 (Neurology)","Ohio State University Wexner Medical Center, 2022 (Headache)",False,"UNIVERSIDAD CENTRAL DEL CARIBE — medical degree 2017 AND internal medicine internship at Universidad Central Del Caribe Escuela De Medicina, 2018. This is Alejandra's own medical school.",INSTITUTIONAL,Universidad Central del Caribe,,PARTIALLY_VERIFIED,HIGH,https://www.mhs.net/providers/c/coronado-ana-i,"The program publishes a multi-department rotation teaching-faculty page, not a designated ACGME core-faculty roster. The 18-member list here is the current adult Memorial Division of Neurology reconstructed from the institution's own provider directory, plus the residency leadership.",,YES_WAVE2
1801100159,RISE-NEURO-0109,Memorial Healthcare System (Hollywood Florida) Program,FL,Axel Baez-Lugo,MD,Neurology (Pembroke Pines satellite clinic),"Neurology, Pain Medicine",,"Medical College of Georgia, 2024 (Neurology)","University of South Florida, 2025 (Pain Medicine)",False,PONCE HEALTH SCIENCES UNIVERSITY — medical degree 2020. An LCME-accredited United States MD school in Puerto Rico.,INSTITUTIONAL,Ponce Health Sciences University,True,PARTIALLY_VERIFIED,HIGH,https://www.mhs.net/providers/b/baez-lugo-axel,"The program publishes a multi-department rotation teaching-faculty page, not a designated ACGME core-faculty roster. The 18-member list here is the current adult Memorial Division of Neurology reconstructed from the institution's own provider directory, plus the residency leadership.",,YES_WAVE2
1801100159,RISE-NEURO-0109,Memorial Healthcare System (Hollywood Florida) Program,FL,Casey Young,MD,"Movement Disorder, Neurology (Hollywood)","Movement Disorders — Parkinson's disease, tremor, dystonia, ataxia, myoclonus",,"Columbia University Irving Medical Center, 2023 (Neurology)","Mount Sinai Downtown, Movement Disorders Fellowship, 2025",False,,,,,PARTIALLY_VERIFIED,HIGH,https://www.mhs.net/providers/y/young-casey-w,"The program publishes a multi-department rotation teaching-faculty page, not a designated ACGME core-faculty roster. The 18-member list here is the current adult Memorial Division of Neurology reconstructed from the institution's own provider directory, plus the residency leadership.",,YES_WAVE2
1801100159,RISE-NEURO-0109,Memorial Healthcare System (Hollywood Florida) Program,FL,Vineet Nadkarni,MD,Neurology,"General neurology with stated areas of focus in dementia, movement disorders, neuroimmune disease (MS), stroke and epilepsy",,,,,,,,False,PARTIALLY_VERIFIED,MEDIUM,https://www.mhs.net/providers/n/nadkarni-vineet,"The program publishes a multi-department rotation teaching-faculty page, not a designated ACGME core-faculty roster. The 18-member list here is the current adult Memorial Division of Neurology reconstructed from the institution's own provider directory, plus the residency leadership.",,YES_WAVE2
1801100159,RISE-NEURO-0109,Memorial Healthcare System (Hollywood Florida) Program,FL,Maike Blaya,MD,"Neurology, Headache",Headache and concussion,,"University of Miami / Jackson Memorial Hospital, 2007 (Neurology)",,False,,,,True,PARTIALLY_VERIFIED,HIGH,https://www.mhs.net/providers/b/blaya-maike-t,"The program publishes a multi-department rotation teaching-faculty page, not a designated ACGME core-faculty roster. The 18-member list here is the current adult Memorial Division of Neurology reconstructed from the institution's own provider directory, plus the residency leadership.",,YES_WAVE2
1801100159,RISE-NEURO-0109,Memorial Healthcare System (Hollywood Florida) Program,FL,Mohamed Nasser,MD,"Neurology, Epilepsy",Epilepsy,,"West Virginia University, 2022 (Neurology)","Case Western Reserve University / Cleveland Medical Center of University Hospitals, 2023 (Epilepsy)",False,,,,False,PARTIALLY_VERIFIED,HIGH,https://www.mhs.net/providers/n/nasser-mohamed,"The program publishes a multi-department rotation teaching-faculty page, not a designated ACGME core-faculty roster. The 18-member list here is the current adult Memorial Division of Neurology reconstructed from the institution's own provider directory, plus the residency leadership.",,YES_WAVE2
1801100159,RISE-NEURO-0109,Memorial Healthcare System (Hollywood Florida) Program,FL,Karim Salame,MD,"Neurology, Neuromuscular","Neuromuscular Medicine, Clinical Neurophysiology",,"Case Western Reserve School of Medicine, 2012 (Neurology)",Case Western Reserve University — Neuromuscular Medicine 2013 and Clinical Neurophysiology 2014,False,,,,False,PARTIALLY_VERIFIED,HIGH,https://www.mhs.net/providers/s/salame-karim,"The program publishes a multi-department rotation teaching-faculty page, not a designated ACGME core-faculty roster. The 18-member list here is the current adult Memorial Division of Neurology reconstructed from the institution's own provider directory, plus the residency leadership.",,YES_WAVE2
1801100159,RISE-NEURO-0109,Memorial Healthcare System (Hollywood Florida) Program,FL,Seth Tarras,MD,"Neurology, Neuromuscular","Neuromuscular / EMG; his bio states he 'has held several positions, including assistant professor of neurology and director of an EMG lab and ALS clinic'",,"University of Miami, 1988 (Neurology)","University of Miami / Jackson Memorial Hospital, 1989",False,,,,,PARTIALLY_VERIFIED,HIGH,https://www.mhs.net/providers/t/tarras-seth-c,"The program publishes a multi-department rotation teaching-faculty page, not a designated ACGME core-faculty roster. The 18-member list here is the current adult Memorial Division of Neurology reconstructed from the institution's own provider directory, plus the residency leadership.",,YES_WAVE2
1801100159,RISE-NEURO-0109,Memorial Healthcare System (Hollywood Florida) Program,FL,Sean Kenniff,MD,Neuro-Hospitalist,Neurohospitalist medicine,,"Long Island Jewish Medical Center, 1998 (Neurology)","Long Island Jewish Medical Center, 2000",False,,,,True,PARTIALLY_VERIFIED,HIGH,https://www.mhs.net/providers/k/kenniff-sean-t,"The program publishes a multi-department rotation teaching-faculty page, not a designated ACGME core-faculty roster. The 18-member list here is the current adult Memorial Division of Neurology reconstructed from the institution's own provider directory, plus the residency leadership.",,YES_WAVE2
1801100159,RISE-NEURO-0109,Memorial Healthcare System (Hollywood Florida) Program,FL,Mohammed Qureshi,MD,Neuro-Hospitalist,General neurology,,"Ochsner Clinic Foundation Program, 2018 (Neurology)",,False,,,,False,PARTIALLY_VERIFIED,HIGH,https://www.mhs.net/providers/q/qureshi-mohammed-a,"The program publishes a multi-department rotation teaching-faculty page, not a designated ACGME core-faculty roster. The 18-member list here is the current adult Memorial Division of Neurology reconstructed from the institution's own provider directory, plus the residency leadership.",,YES_WAVE2
1801100159,RISE-NEURO-0109,Memorial Healthcare System (Hollywood Florida) Program,FL,Sydney Oraham,MD,Neuro-Hospitalist,Vascular Neurology,,"Memorial Regional Hospital, 2025 (Neurology) — i.e. THIS program","University of Florida, 2026 (Vascular Neurology)",True,,,,False,PARTIALLY_VERIFIED,HIGH,https://www.mhs.net/providers/o/oraham-sydney,"The program publishes a multi-department rotation teaching-faculty page, not a designated ACGME core-faculty roster. The 18-member list here is the current adult Memorial Division of Neurology reconstructed from the institution's own provider directory, plus the residency leadership.",,YES_WAVE2
1801100159,RISE-NEURO-0109,Memorial Healthcare System (Hollywood Florida) Program,FL,Madiley Broz,PsyD,Neuropsychology,Clinical Neuropsychology,,,"University of Miami / Jackson Memorial Hospital, 2013",False,,,,True,PARTIALLY_VERIFIED,HIGH,https://www.mhs.net/providers/b/broz-madiley,"The program publishes a multi-department rotation teaching-faculty page, not a designated ACGME core-faculty roster. The 18-member list here is the current adult Memorial Division of Neurology reconstructed from the institution's own provider directory, plus the residency leadership.",,YES_WAVE2
1801100159,RISE-NEURO-0109,Memorial Healthcare System (Hollywood Florida) Program,FL,Amina Rivero-Barba,PsyD,"Neuropsychology, Psychology",Neuropsychology,,,"University of Miami Miller School of Medicine, 2012 (Neuropsychology)",False,,,,True,PARTIALLY_VERIFIED,HIGH,https://www.mhs.net/providers/r/rivero-barba-amina,"The program publishes a multi-department rotation teaching-faculty page, not a designated ACGME core-faculty roster. The 18-member list here is the current adult Memorial Division of Neurology reconstructed from the institution's own provider directory, plus the residency leadership.",,YES_WAVE2
1801100159,RISE-NEURO-0109,Memorial Healthcare System (Hollywood Florida) Program,FL,Jada Santos,PsyD,"Neuropsychology, Psychology","Neuropsychology; stated areas of focus include Multiple Sclerosis, epilepsy and non-epileptic seizures, stroke recovery",,"South Florida Evaluation and Treatment Center / The Watershed Addiction Treatment Program, 2016",,False,,,,True,PARTIALLY_VERIFIED,HIGH,https://www.mhs.net/providers/s/santos-jada-c,"The program publishes a multi-department rotation teaching-faculty page, not a designated ACGME core-faculty roster. The 18-member list here is the current adult Memorial Division of Neurology reconstructed from the institution's own provider directory, plus the residency leadership.",,YES_WAVE2
1801112154,RISE-NEURO-0203,University of Florida College of Medicine Jacksonville Program - Neurology,FL,Kristi Anderson,"D.O., M.S.",Assistant Professor; Assistant Clerkship Director,General Neurology,,University of Florida College of Medicine - Jacksonville (2025),,True,,,,,PARTIALLY_VERIFIED,HIGH,https://neurology.med.jax.ufl.edu/profile/anderson-kristi/,,"Research complete - The program publishes a named subspecialty-organised teaching faculty page but no designated ACGME core-faculty list and no faculty count, so completeness cannot be asserted. No faculty profile documents Spanish-language ability and none shows a Puerto Rico tie.",YES_WAVE3
1801112154,RISE-NEURO-0203,University of Florida College of Medicine Jacksonville Program - Neurology,FL,Alexander Carvajal Gonzalez,"M.D., M.Sc, Ph.D",Assistant Professor,Multiple Sclerosis / Neuroimmunology / autoimmune neurology,,"Louisiana State University, Shreveport","Autoimmune neurology, Harvard University; research fellowship in neuroimmunology and neurological infections, Johns Hopkins University",False,,,,,PARTIALLY_VERIFIED,HIGH,https://neurology.med.jax.ufl.edu/profile/carvajal-gonzalez-alexander/,,"Research complete - The program publishes a named subspecialty-organised teaching faculty page but no designated ACGME core-faculty list and no faculty count, so completeness cannot be asserted. No faculty profile documents Spanish-language ability and none shows a Puerto Rico tie.",YES_WAVE3
1801112154,RISE-NEURO-0203,University of Florida College of Medicine Jacksonville Program - Neurology,FL,William R Frazier,"M.D., Ph.D.",Assistant Professor,Multiple Sclerosis / Neuroimmunology / neurovirology,,MedStar Georgetown-NIH Neurology Program,"Neuroimmunology and neurovirology, NINDS, National Institutes of Health",False,,,,,PARTIALLY_VERIFIED,HIGH,https://neurology.med.jax.ufl.edu/profile/frazier-william/,,"Research complete - The program publishes a named subspecialty-organised teaching faculty page but no designated ACGME core-faculty list and no faculty count, so completeness cannot be asserted. No faculty profile documents Spanish-language ability and none shows a Puerto Rico tie.",YES_WAVE3
1801112154,RISE-NEURO-0203,University of Florida College of Medicine Jacksonville Program - Neurology,FL,Scott L Silliman,M.D.,Professor; PD Vascular Neurology Fellowship; Medical Director Comprehensive Stroke Program,"Stroke, cerebrovascular disease and Multiple Sclerosis",,"Albert Einstein College of Medicine, Bronx, NY","Vascular neurology, Spaulding Rehabilitation Hospital / New England Medical Center",False,,,,,PARTIALLY_VERIFIED,HIGH,https://neurology.med.jax.ufl.edu/profile/silliman-scott/,,"Research complete - The program publishes a named subspecialty-organised teaching faculty page but no designated ACGME core-faculty list and no faculty count, so completeness cannot be asserted. No faculty profile documents Spanish-language ability and none shows a Puerto Rico tie.",YES_WAVE3
1801112154,RISE-NEURO-0203,University of Florida College of Medicine Jacksonville Program - Neurology,FL,Benjamin T Alwood,M.D.,Assistant Professor,Vascular Neurology / Stroke,,,,,,,,,PARTIALLY_VERIFIED,MEDIUM,https://neurology.med.jax.ufl.edu/education/neurology-residency/faculty/,,"Research complete - The program publishes a named subspecialty-organised teaching faculty page but no designated ACGME core-faculty list and no faculty count, so completeness cannot be asserted. No faculty profile documents Spanish-language ability and none shows a Puerto Rico tie.",YES_WAVE3
1801112154,RISE-NEURO-0203,University of Florida College of Medicine Jacksonville Program - Neurology,FL,Ahmad O M Armouti,M.D.,Assistant Professor,Vascular Neurology / Stroke,,,,,,,,,PARTIALLY_VERIFIED,MEDIUM,https://neurology.med.jax.ufl.edu/education/neurology-residency/faculty/,,"Research complete - The program publishes a named subspecialty-organised teaching faculty page but no designated ACGME core-faculty list and no faculty count, so completeness cannot be asserted. No faculty profile documents Spanish-language ability and none shows a Puerto Rico tie.",YES_WAVE3
1801112154,RISE-NEURO-0203,University of Florida College of Medicine Jacksonville Program - Neurology,FL,Ryan K Crooks,MD,"Assistant Professor; Associate Program Director, Vascular Neurology Fellowship",Vascular Neurology / Stroke,,,,,,,,,PARTIALLY_VERIFIED,MEDIUM,https://neurology.med.jax.ufl.edu/education/neurology-residency/faculty/,,"Research complete - The program publishes a named subspecialty-organised teaching faculty page but no designated ACGME core-faculty list and no faculty count, so completeness cannot be asserted. No faculty profile documents Spanish-language ability and none shows a Puerto Rico tie.",YES_WAVE3
1801112154,RISE-NEURO-0203,University of Florida College of Medicine Jacksonville Program - Neurology,FL,Narmada Mannem,M.B.B.S. (M.D.),Assistant Professor,Vascular Neurology / Stroke,,,,,,,,,PARTIALLY_VERIFIED,MEDIUM,https://neurology.med.jax.ufl.edu/education/neurology-residency/faculty/,,"Research complete - The program publishes a named subspecialty-organised teaching faculty page but no designated ACGME core-faculty list and no faculty count, so completeness cannot be asserted. No faculty profile documents Spanish-language ability and none shows a Puerto Rico tie.",YES_WAVE3
1801112154,RISE-NEURO-0203,University of Florida College of Medicine Jacksonville Program - Neurology,FL,Pawan S Puli,M.B.B.S. (M.D.),Assistant Professor,Vascular Neurology / Stroke,,,,,,,,,PARTIALLY_VERIFIED,MEDIUM,https://neurology.med.jax.ufl.edu/education/neurology-residency/faculty/,,"Research complete - The program publishes a named subspecialty-organised teaching faculty page but no designated ACGME core-faculty list and no faculty count, so completeness cannot be asserted. No faculty profile documents Spanish-language ability and none shows a Puerto Rico tie.",YES_WAVE3
1801112154,RISE-NEURO-0203,University of Florida College of Medicine Jacksonville Program - Neurology,FL,Yessenia Marquez,M.D.,"Assistant Professor; Medical Director, UF Health Neurology - Flagler",Vascular Neurology / Stroke,,University of Florida College of Medicine - Jacksonville (2022),"Vascular Neurology, University of Florida College of Medicine - Jacksonville (2023)",True,,,,,PARTIALLY_VERIFIED,HIGH,https://neurology.med.jax.ufl.edu/profile/marquez-yessenia/,,"Research complete - The program publishes a named subspecialty-organised teaching faculty page but no designated ACGME core-faculty list and no faculty count, so completeness cannot be asserted. No faculty profile documents Spanish-language ability and none shows a Puerto Rico tie.",YES_WAVE3
1801112154,RISE-NEURO-0203,University of Florida College of Medicine Jacksonville Program - Neurology,FL,Dania Qaryouti,M.D.,Assistant Professor,Neuro-Endovascular,,,,,,,,,PARTIALLY_VERIFIED,MEDIUM,https://neurology.med.jax.ufl.edu/education/neurology-residency/faculty/,,"Research complete - The program publishes a named subspecialty-organised teaching faculty page but no designated ACGME core-faculty list and no faculty count, so completeness cannot be asserted. No faculty profile documents Spanish-language ability and none shows a Puerto Rico tie.",YES_WAVE3
1801112154,RISE-NEURO-0203,University of Florida College of Medicine Jacksonville Program - Neurology,FL,Yazan Radaideh,"M.D., M.S.",Assistant Professor,Neuro-Endovascular / interventional neurology and neurocritical care,,"SUNY Downstate Medical Center, Brooklyn, NY","Neurocritical care and endovascular neurosurgery, Rush University Medical Center",False,,,,,PARTIALLY_VERIFIED,HIGH,https://neurology.med.jax.ufl.edu/faculty/,,"Research complete - The program publishes a named subspecialty-organised teaching faculty page but no designated ACGME core-faculty list and no faculty count, so completeness cannot be asserted. No faculty profile documents Spanish-language ability and none shows a Puerto Rico tie.",YES_WAVE3
1801112154,RISE-NEURO-0203,University of Florida College of Medicine Jacksonville Program - Neurology,FL,Jesse S Cohen,MD,Assistant Professor,Movement Disorders,,University of Pennsylvania,"Movement disorders, University of Pennsylvania",False,,,,,PARTIALLY_VERIFIED,HIGH,https://neurology.med.jax.ufl.edu/profile/cohen-jesse/,,"Research complete - The program publishes a named subspecialty-organised teaching faculty page but no designated ACGME core-faculty list and no faculty count, so completeness cannot be asserted. No faculty profile documents Spanish-language ability and none shows a Puerto Rico tie.",YES_WAVE3
1801112154,RISE-NEURO-0203,University of Florida College of Medicine Jacksonville Program - Neurology,FL,Joseph D Legacy,MD,Assistant Professor,Movement Disorders,,"University of Florida College of Medicine, Gainesville","Movement disorders and deep-brain stimulation, University of Florida College of Medicine, Gainesville",False,,,,,PARTIALLY_VERIFIED,HIGH,https://neurology.med.jax.ufl.edu/profile/legacy-joseph/,,"Research complete - The program publishes a named subspecialty-organised teaching faculty page but no designated ACGME core-faculty list and no faculty count, so completeness cannot be asserted. No faculty profile documents Spanish-language ability and none shows a Puerto Rico tie.",YES_WAVE3
1801112154,RISE-NEURO-0203,University of Florida College of Medicine Jacksonville Program - Neurology,FL,Kartik Mangipudi,MD,"Assistant Professor; Associate Program Director, Neurology Residency",Movement Disorders,,"Mayo Clinic, Arizona","Movement disorders and deep brain stimulation, Mayo Clinic, Arizona",False,,,,,PARTIALLY_VERIFIED,HIGH,https://neurology.med.jax.ufl.edu/profile/mangipudi-kartik/,,"Research complete - The program publishes a named subspecialty-organised teaching faculty page but no designated ACGME core-faculty list and no faculty count, so completeness cannot be asserted. No faculty profile documents Spanish-language ability and none shows a Puerto Rico tie.",YES_WAVE3
1801112154,RISE-NEURO-0203,University of Florida College of Medicine Jacksonville Program - Neurology,FL,Ramon E Bautista,"M.D., M.B.A.","Professor and Chair; Medical Director, Epilepsy Care Center",Epilepsy,,,,False,,,,,PARTIALLY_VERIFIED,HIGH,https://neurology.med.jax.ufl.edu/profile/bautista-ramon/,,"Research complete - The program publishes a named subspecialty-organised teaching faculty page but no designated ACGME core-faculty list and no faculty count, so completeness cannot be asserted. No faculty profile documents Spanish-language ability and none shows a Puerto Rico tie.",YES_WAVE3
1801112154,RISE-NEURO-0203,University of Florida College of Medicine Jacksonville Program - Neurology,FL,Suparna R Krishnaiengar,M.D.,"Associate Professor; Associate Program Director, Neurology Residency",Epilepsy / Clinical Neurophysiology,,Oklahoma University Health Sciences Center,"Clinical neurophysiology (OUHSC); clinical neurophysiology, EEG and epilepsy (Cleveland Clinic Foundation)",False,,,,,PARTIALLY_VERIFIED,HIGH,https://neurology.med.jax.ufl.edu/profile/krishnaiengar-suparna/,,"Research complete - The program publishes a named subspecialty-organised teaching faculty page but no designated ACGME core-faculty list and no faculty count, so completeness cannot be asserted. No faculty profile documents Spanish-language ability and none shows a Puerto Rico tie.",YES_WAVE3
1801112154,RISE-NEURO-0203,University of Florida College of Medicine Jacksonville Program - Neurology,FL,Shannon M LaBoy,"MD, MS","Assistant Professor; Program Director, Neurology Residency; Clerkship Director",Neuromuscular,,University of Florida College of Medicine - Jacksonville,"Neuromuscular medicine, Vanderbilt University Medical Center",True,,,,,PARTIALLY_VERIFIED,HIGH,https://neurology.med.jax.ufl.edu/profile/laboy-shannon/,,"Research complete - The program publishes a named subspecialty-organised teaching faculty page but no designated ACGME core-faculty list and no faculty count, so completeness cannot be asserted. No faculty profile documents Spanish-language ability and none shows a Puerto Rico tie.",YES_WAVE3
1801112154,RISE-NEURO-0203,University of Florida College of Medicine Jacksonville Program - Neurology,FL,Michael T Pulley,"MD, PhD",Professor; Medical Director of the multidisciplinary ALS clinic (per ALS Association listing),Neuromuscular / ALS,,,,,,,,,PARTIALLY_VERIFIED,MEDIUM,https://neurology.med.jax.ufl.edu/profile/pulley-michael/,,"Research complete - The program publishes a named subspecialty-organised teaching faculty page but no designated ACGME core-faculty list and no faculty count, so completeness cannot be asserted. No faculty profile documents Spanish-language ability and none shows a Puerto Rico tie.",YES_WAVE3
1801112154,RISE-NEURO-0203,University of Florida College of Medicine Jacksonville Program - Neurology,FL,Michael A Castellano,M.D.,Assistant Professor,Neurocritical Care,,,,,,,,,PARTIALLY_VERIFIED,MEDIUM,https://neurology.med.jax.ufl.edu/education/neurology-residency/faculty/,,"Research complete - The program publishes a named subspecialty-organised teaching faculty page but no designated ACGME core-faculty list and no faculty count, so completeness cannot be asserted. No faculty profile documents Spanish-language ability and none shows a Puerto Rico tie.",YES_WAVE3
1801112154,RISE-NEURO-0203,University of Florida College of Medicine Jacksonville Program - Neurology,FL,Kimberly McPhearson,D.O.,"Assistant Professor; Medical Director, Neurology Intensive Care Unit",Neurocritical Care,,,,,,,,,PARTIALLY_VERIFIED,MEDIUM,https://neurology.med.jax.ufl.edu/education/neurology-residency/faculty/,,"Research complete - The program publishes a named subspecialty-organised teaching faculty page but no designated ACGME core-faculty list and no faculty count, so completeness cannot be asserted. No faculty profile documents Spanish-language ability and none shows a Puerto Rico tie.",YES_WAVE3
1801112154,RISE-NEURO-0203,University of Florida College of Medicine Jacksonville Program - Neurology,FL,Lintu Ramachandran,MD,Assistant Professor of Neurology,Neurocritical Care,,(not published),,,,,,,PARTIALLY_VERIFIED,MEDIUM,https://neurology.med.jax.ufl.edu/profile/ramachandran-lintu/,,"Research complete - The program publishes a named subspecialty-organised teaching faculty page but no designated ACGME core-faculty list and no faculty count, so completeness cannot be asserted. No faculty profile documents Spanish-language ability and none shows a Puerto Rico tie.",YES_WAVE3
1801112154,RISE-NEURO-0203,University of Florida College of Medicine Jacksonville Program - Neurology,FL,Whitney De Oliveira,D.O.,Assistant Professor,Physical Medicine and Rehabilitation,,,,,,,,,PARTIALLY_VERIFIED,MEDIUM,https://neurology.med.jax.ufl.edu/education/neurology-residency/faculty/,,"Research complete - The program publishes a named subspecialty-organised teaching faculty page but no designated ACGME core-faculty list and no faculty count, so completeness cannot be asserted. No faculty profile documents Spanish-language ability and none shows a Puerto Rico tie.",YES_WAVE3
1801112154,RISE-NEURO-0203,University of Florida College of Medicine Jacksonville Program - Neurology,FL,James A Salerno,MD,"Assistant Professor; Associate Chair for Quality and Compliance; Medical Director, Physical Medicine and Rehabilitation",Physical Medicine and Rehabilitation,,,,,,,,,PARTIALLY_VERIFIED,MEDIUM,https://neurology.med.jax.ufl.edu/education/neurology-residency/faculty/,,"Research complete - The program publishes a named subspecialty-organised teaching faculty page but no designated ACGME core-faculty list and no faculty count, so completeness cannot be asserted. No faculty profile documents Spanish-language ability and none shows a Puerto Rico tie.",YES_WAVE3
1801112154,RISE-NEURO-0203,University of Florida College of Medicine Jacksonville Program - Neurology,FL,Erin T Wolff,M.D.,Assistant Scientist,Physical Medicine and Rehabilitation / research,,,,,,,,,PARTIALLY_VERIFIED,MEDIUM,https://neurology.med.jax.ufl.edu/education/neurology-residency/faculty/,,"Research complete - The program publishes a named subspecialty-organised teaching faculty page but no designated ACGME core-faculty list and no faculty count, so completeness cannot be asserted. No faculty profile documents Spanish-language ability and none shows a Puerto Rico tie.",YES_WAVE3
1801112154,RISE-NEURO-0203,University of Florida College of Medicine Jacksonville Program - Neurology,FL,Stacey Alvarez-Alvarado,"Ph.D., M.S.",Assistant Professor,Research,,,,,,,,,PARTIALLY_VERIFIED,MEDIUM,https://neurology.med.jax.ufl.edu/education/neurology-residency/faculty/,,"Research complete - The program publishes a named subspecialty-organised teaching faculty page but no designated ACGME core-faculty list and no faculty count, so completeness cannot be asserted. No faculty profile documents Spanish-language ability and none shows a Puerto Rico tie.",YES_WAVE3
1801112154,RISE-NEURO-0203,University of Florida College of Medicine Jacksonville Program - Neurology,FL,Darin J Falk,Ph.D.,Associate Professor,Research,,,,,,,,,PARTIALLY_VERIFIED,MEDIUM,https://neurology.med.jax.ufl.edu/education/neurology-residency/faculty/,,"Research complete - The program publishes a named subspecialty-organised teaching faculty page but no designated ACGME core-faculty list and no faculty count, so completeness cannot be asserted. No faculty profile documents Spanish-language ability and none shows a Puerto Rico tie.",YES_WAVE3
1801112154,RISE-NEURO-0203,University of Florida College of Medicine Jacksonville Program - Neurology,FL,Alicia K Vose,Ph.D.,"Assistant Professor; Director of Research, UF Health Jacksonville Leon L. Haley Jr., M.D., Brain Wellness Program",Research,,,,,,,,,PARTIALLY_VERIFIED,MEDIUM,https://neurology.med.jax.ufl.edu/education/neurology-residency/faculty/,,"Research complete - The program publishes a named subspecialty-organised teaching faculty page but no designated ACGME core-faculty list and no faculty count, so completeness cannot be asserted. No faculty profile documents Spanish-language ability and none shows a Puerto Rico tie.",YES_WAVE3
1801113148,RISE-NEURO-0095,Mayo Clinic College of Medicine and Science (Jacksonville) Program - Adult Neurology Residency (Florida),FL,Kevin Barrett,MD,"Professor of Neurology; Chair, Department of Neurology; core faculty, vascular neurology inpatient service; Neurology Education Committee; Clinical Competency Committee",Vascular neurology,,,,True,,,,,VERIFIED,HIGH,https://college.mayo.edu/academics/residencies-and-fellowships/adult-neurology-residency-florida/department-and-faculty/,"A COMPLETE named core-faculty roster is published with academic rank, role and subspecialty for all 48, and FREIDA's field_total_physician independently reports 48. What is NOT published for most faculty is medical school, residency, fellowship, language skills or any Puerto Rico tie - Mayo's biography host is 403-blocked - so residency_program, fellowship_program, spanish_documented and puerto_ri",,YES_WAVE1
1801113148,RISE-NEURO-0095,Mayo Clinic College of Medicine and Science (Jacksonville) Program - Adult Neurology Residency (Florida),FL,Alana Campbell,DO,General neurologist; staffs the resident continuity clinic,General neurology,,,,,,,,,VERIFIED,HIGH,https://college.mayo.edu/academics/residencies-and-fellowships/adult-neurology-residency-florida/department-and-faculty/,"A COMPLETE named core-faculty roster is published with academic rank, role and subspecialty for all 48, and FREIDA's field_total_physician independently reports 48. What is NOT published for most faculty is medical school, residency, fellowship, language skills or any Puerto Rico tie - Mayo's biography host is 403-blocked - so residency_program, fellowship_program, spanish_documented and puerto_ri",,YES_WAVE1
1801113148,RISE-NEURO-0095,Mayo Clinic College of Medicine and Science (Jacksonville) Program - Adult Neurology Residency (Florida),FL,Pablo Castillo,MD,Professor of Neurology; teaches residents in outpatient sleep clinic,Sleep neurology,,,,,,,,,VERIFIED,HIGH,https://college.mayo.edu/academics/residencies-and-fellowships/adult-neurology-residency-florida/department-and-faculty/,"A COMPLETE named core-faculty roster is published with academic rank, role and subspecialty for all 48, and FREIDA's field_total_physician independently reports 48. What is NOT published for most faculty is medical school, residency, fellowship, language skills or any Puerto Rico tie - Mayo's biography host is 403-blocked - so residency_program, fellowship_program, spanish_documented and puerto_ri",,YES_WAVE1
1801113148,RISE-NEURO-0095,Mayo Clinic College of Medicine and Science (Jacksonville) Program - Adult Neurology Residency (Florida),FL,William Cheshire,MD,Professor of Neurology; core education faculty,Autonomic disorders,,,,,,,,,VERIFIED,HIGH,https://college.mayo.edu/academics/residencies-and-fellowships/adult-neurology-residency-florida/department-and-faculty/,"A COMPLETE named core-faculty roster is published with academic rank, role and subspecialty for all 48, and FREIDA's field_total_physician independently reports 48. What is NOT published for most faculty is medical school, residency, fellowship, language skills or any Puerto Rico tie - Mayo's biography host is 403-blocked - so residency_program, fellowship_program, spanish_documented and puerto_ri",,YES_WAVE1
1801113148,RISE-NEURO-0095,Mayo Clinic College of Medicine and Science (Jacksonville) Program - Adult Neurology Residency (Florida),FL,Joseph Cheung,MD,Associate Professor of Neurology; teaches residents in outpatient sleep clinic,Sleep neurology,,,,,,,,,VERIFIED,HIGH,https://college.mayo.edu/academics/residencies-and-fellowships/adult-neurology-residency-florida/department-and-faculty/,"A COMPLETE named core-faculty roster is published with academic rank, role and subspecialty for all 48, and FREIDA's field_total_physician independently reports 48. What is NOT published for most faculty is medical school, residency, fellowship, language skills or any Puerto Rico tie - Mayo's biography host is 403-blocked - so residency_program, fellowship_program, spanish_documented and puerto_ri",,YES_WAVE1
1801113148,RISE-NEURO-0095,Mayo Clinic College of Medicine and Science (Jacksonville) Program - Adult Neurology Residency (Florida),FL,Christine Cordova,MD,Assistant Professor of Neurology; teaches residents in outpatient clinic,Neuro-oncology,,,,,,,,,VERIFIED,HIGH,https://college.mayo.edu/academics/residencies-and-fellowships/adult-neurology-residency-florida/department-and-faculty/,"A COMPLETE named core-faculty roster is published with academic rank, role and subspecialty for all 48, and FREIDA's field_total_physician independently reports 48. What is NOT published for most faculty is medical school, residency, fellowship, language skills or any Puerto Rico tie - Mayo's biography host is 403-blocked - so residency_program, fellowship_program, spanish_documented and puerto_ri",,YES_WAVE1
1801113148,RISE-NEURO-0095,Mayo Clinic College of Medicine and Science (Jacksonville) Program - Adult Neurology Residency (Florida),FL,Cristina Cruz Cortes,MD,Instructor of Neurology; teaches residents in outpatient clinic,Headache neurology,,,,,,,,,VERIFIED,HIGH,https://college.mayo.edu/academics/residencies-and-fellowships/adult-neurology-residency-florida/department-and-faculty/,"A COMPLETE named core-faculty roster is published with academic rank, role and subspecialty for all 48, and FREIDA's field_total_physician independently reports 48. What is NOT published for most faculty is medical school, residency, fellowship, language skills or any Puerto Rico tie - Mayo's biography host is 403-blocked - so residency_program, fellowship_program, spanish_documented and puerto_ri",,YES_WAVE1
1801113148,RISE-NEURO-0095,Mayo Clinic College of Medicine and Science (Jacksonville) Program - Adult Neurology Residency (Florida),FL,Gregg (Gregory) Day,MD,"Associate Professor of Neurology; Vice Chair of Research, Department of Neurology; Director, Division of Behavioral Neurology; Clinical Director, Anti-NMDA Receptor Encephalitis Foundation; project PI",Behavioral neurology; rapidly progressive and autoimmune-mediated dementias,,,,,,,,,VERIFIED,HIGH,https://college.mayo.edu/academics/residencies-and-fellowships/autoimmune-neurology-fellowship-florida/meet-the-faculty/,"A COMPLETE named core-faculty roster is published with academic rank, role and subspecialty for all 48, and FREIDA's field_total_physician independently reports 48. What is NOT published for most faculty is medical school, residency, fellowship, language skills or any Puerto Rico tie - Mayo's biography host is 403-blocked - so residency_program, fellowship_program, spanish_documented and puerto_ri",,YES_WAVE1
1801113148,RISE-NEURO-0095,Mayo Clinic College of Medicine and Science (Jacksonville) Program - Adult Neurology Residency (Florida),FL,D. Campbell Dewey,MD,Instructor of Neurology; teaches residents in the outpatient clinic,Movement disorders,,,,,,,,,VERIFIED,HIGH,https://college.mayo.edu/academics/residencies-and-fellowships/adult-neurology-residency-florida/department-and-faculty/,"A COMPLETE named core-faculty roster is published with academic rank, role and subspecialty for all 48, and FREIDA's field_total_physician independently reports 48. What is NOT published for most faculty is medical school, residency, fellowship, language skills or any Puerto Rico tie - Mayo's biography host is 403-blocked - so residency_program, fellowship_program, spanish_documented and puerto_ri",,YES_WAVE1
1801113148,RISE-NEURO-0095,Mayo Clinic College of Medicine and Science (Jacksonville) Program - Adult Neurology Residency (Florida),FL,Richard Dewey III,MD,Movement disorder specialist; works with residents in the outpatient clinic,Movement disorders,,,,,,,,,VERIFIED,HIGH,https://college.mayo.edu/academics/residencies-and-fellowships/adult-neurology-residency-florida/department-and-faculty/,"A COMPLETE named core-faculty roster is published with academic rank, role and subspecialty for all 48, and FREIDA's field_total_physician independently reports 48. What is NOT published for most faculty is medical school, residency, fellowship, language skills or any Puerto Rico tie - Mayo's biography host is 403-blocked - so residency_program, fellowship_program, spanish_documented and puerto_ri",,YES_WAVE1
1801113148,RISE-NEURO-0095,Mayo Clinic College of Medicine and Science (Jacksonville) Program - Adult Neurology Residency (Florida),FL,Elliot Dimberg,MD,Assistant Professor of Neurology; core faculty; supervises residents in outpatient clinic and EMG lab,Neuromuscular medicine,,,,,,,,,VERIFIED,HIGH,https://college.mayo.edu/academics/residencies-and-fellowships/adult-neurology-residency-florida/department-and-faculty/,"A COMPLETE named core-faculty roster is published with academic rank, role and subspecialty for all 48, and FREIDA's field_total_physician independently reports 48. What is NOT published for most faculty is medical school, residency, fellowship, language skills or any Puerto Rico tie - Mayo's biography host is 403-blocked - so residency_program, fellowship_program, spanish_documented and puerto_ri",,YES_WAVE1
1801113148,RISE-NEURO-0095,Mayo Clinic College of Medicine and Science (Jacksonville) Program - Adult Neurology Residency (Florida),FL,Brynn Dredla,MD,"Assistant Professor of Neurology; Program Director, Sleep Medicine Fellowship",Sleep medicine / neurology,,,,,,,,,VERIFIED,HIGH,https://college.mayo.edu/academics/residencies-and-fellowships/adult-neurology-residency-florida/department-and-faculty/,"A COMPLETE named core-faculty roster is published with academic rank, role and subspecialty for all 48, and FREIDA's field_total_physician independently reports 48. What is NOT published for most faculty is medical school, residency, fellowship, language skills or any Puerto Rico tie - Mayo's biography host is 403-blocked - so residency_program, fellowship_program, spanish_documented and puerto_ri",,YES_WAVE1
1801113148,RISE-NEURO-0095,Mayo Clinic College of Medicine and Science (Jacksonville) Program - Adult Neurology Residency (Florida),FL,Eric Eggenberger,DO,"Professor of Neurology and of Ophthalmology; Program Director, Neuro-ophthalmology Fellowship",Neuro-ophthalmology,,,,,,,,,VERIFIED,HIGH,https://college.mayo.edu/academics/residencies-and-fellowships/adult-neurology-residency-florida/department-and-faculty/,"A COMPLETE named core-faculty roster is published with academic rank, role and subspecialty for all 48, and FREIDA's field_total_physician independently reports 48. What is NOT published for most faculty is medical school, residency, fellowship, language skills or any Puerto Rico tie - Mayo's biography host is 403-blocked - so residency_program, fellowship_program, spanish_documented and puerto_ri",,YES_WAVE1
1801113148,RISE-NEURO-0095,Mayo Clinic College of Medicine and Science (Jacksonville) Program - Adult Neurology Residency (Florida),FL,Benjamin Eidelman,"MD, PhD",Professor of Neurology; general neurology inpatient service; staffs resident continuity clinic; leads weekly 'Professor Rounds',General neurology,,,,,,,,,VERIFIED,HIGH,https://college.mayo.edu/academics/residencies-and-fellowships/adult-neurology-residency-florida/department-and-faculty/,"A COMPLETE named core-faculty roster is published with academic rank, role and subspecialty for all 48, and FREIDA's field_total_physician independently reports 48. What is NOT published for most faculty is medical school, residency, fellowship, language skills or any Puerto Rico tie - Mayo's biography host is 403-blocked - so residency_program, fellowship_program, spanish_documented and puerto_ri",,YES_WAVE1
1801113148,RISE-NEURO-0095,Mayo Clinic College of Medicine and Science (Jacksonville) Program - Adult Neurology Residency (Florida),FL,"Stephen English, Jr.","MD, MBA","Assistant Professor of Neurology; Associate Program Director; Chair, resident recruitment committee",Cerebrovascular neurology,,,,,,,,,VERIFIED,HIGH,https://college.mayo.edu/academics/residencies-and-fellowships/adult-neurology-residency-florida/department-and-faculty/,"A COMPLETE named core-faculty roster is published with academic rank, role and subspecialty for all 48, and FREIDA's field_total_physician independently reports 48. What is NOT published for most faculty is medical school, residency, fellowship, language skills or any Puerto Rico tie - Mayo's biography host is 403-blocked - so residency_program, fellowship_program, spanish_documented and puerto_ri",,YES_WAVE1
1801113148,RISE-NEURO-0095,Mayo Clinic College of Medicine and Science (Jacksonville) Program - Adult Neurology Residency (Florida),FL,Olga Fermo,MD,"Assistant Professor of Neurology; Director, CSF Dynamics Clinic; core education faculty; staffs resident continuity clinic",Headache neurology,,,,,,,,,VERIFIED,HIGH,https://college.mayo.edu/academics/residencies-and-fellowships/adult-neurology-residency-florida/department-and-faculty/,"A COMPLETE named core-faculty roster is published with academic rank, role and subspecialty for all 48, and FREIDA's field_total_physician independently reports 48. What is NOT published for most faculty is medical school, residency, fellowship, language skills or any Puerto Rico tie - Mayo's biography host is 403-blocked - so residency_program, fellowship_program, spanish_documented and puerto_ri",,YES_WAVE1
1801113148,RISE-NEURO-0095,Mayo Clinic College of Medicine and Science (Jacksonville) Program - Adult Neurology Residency (Florida),FL,Anteneh Feyissa,MD,"Professor of Neurology; Director, epilepsy division; Program Director, Epilepsy Fellowship",Epilepsy; autoimmune-associated epilepsy; clinical neurophysiology,,,,,,,,,VERIFIED,HIGH,https://college.mayo.edu/academics/residencies-and-fellowships/adult-neurology-residency-florida/department-and-faculty/,"A COMPLETE named core-faculty roster is published with academic rank, role and subspecialty for all 48, and FREIDA's field_total_physician independently reports 48. What is NOT published for most faculty is medical school, residency, fellowship, language skills or any Puerto Rico tie - Mayo's biography host is 403-blocked - so residency_program, fellowship_program, spanish_documented and puerto_ri",,YES_WAVE1
1801113148,RISE-NEURO-0095,Mayo Clinic College of Medicine and Science (Jacksonville) Program - Adult Neurology Residency (Florida),FL,William Freeman,MD,"Professor of Neurology; founded the Neurocritical Care Fellowship; Program Director, STR-X Fellowship",Neurointensive care,,,,True,,,,,VERIFIED,HIGH,https://college.mayo.edu/academics/residencies-and-fellowships/adult-neurology-residency-florida/department-and-faculty/,"A COMPLETE named core-faculty roster is published with academic rank, role and subspecialty for all 48, and FREIDA's field_total_physician independently reports 48. What is NOT published for most faculty is medical school, residency, fellowship, language skills or any Puerto Rico tie - Mayo's biography host is 403-blocked - so residency_program, fellowship_program, spanish_documented and puerto_ri",,YES_WAVE1
1801113148,RISE-NEURO-0095,Mayo Clinic College of Medicine and Science (Jacksonville) Program - Adult Neurology Residency (Florida),FL,Brin Freund,MD,"Assistant Professor of Neurology; Director, Epilepsy Monitoring Unit and EEG laboratory",Epilepsy,,,,,,,,,VERIFIED,HIGH,https://college.mayo.edu/academics/residencies-and-fellowships/adult-neurology-residency-florida/department-and-faculty/,"A COMPLETE named core-faculty roster is published with academic rank, role and subspecialty for all 48, and FREIDA's field_total_physician independently reports 48. What is NOT published for most faculty is medical school, residency, fellowship, language skills or any Puerto Rico tie - Mayo's biography host is 403-blocked - so residency_program, fellowship_program, spanish_documented and puerto_ri",,YES_WAVE1
1801113148,RISE-NEURO-0095,Mayo Clinic College of Medicine and Science (Jacksonville) Program - Adult Neurology Residency (Florida),FL,Andre Granger,"MD, MBA","Assistant Professor of Neurology; Program Director, Neuromuscular Fellowship; 2025 residents' Teacher of the Year",Neuromuscular medicine,,,,,,,,,VERIFIED,HIGH,https://college.mayo.edu/academics/residencies-and-fellowships/adult-neurology-residency-florida/department-and-faculty/,"A COMPLETE named core-faculty roster is published with academic rank, role and subspecialty for all 48, and FREIDA's field_total_physician independently reports 48. What is NOT published for most faculty is medical school, residency, fellowship, language skills or any Puerto Rico tie - Mayo's biography host is 403-blocked - so residency_program, fellowship_program, spanish_documented and puerto_ri",,YES_WAVE1
1801113148,RISE-NEURO-0095,Mayo Clinic College of Medicine and Science (Jacksonville) Program - Adult Neurology Residency (Florida),FL,Julie Hammack,MD,Associate Professor of Neurology; general neurology inpatient service,Neuro-oncology,,,,,,,,,VERIFIED,HIGH,https://college.mayo.edu/academics/residencies-and-fellowships/adult-neurology-residency-florida/department-and-faculty/,"A COMPLETE named core-faculty roster is published with academic rank, role and subspecialty for all 48, and FREIDA's field_total_physician independently reports 48. What is NOT published for most faculty is medical school, residency, fellowship, language skills or any Puerto Rico tie - Mayo's biography host is 403-blocked - so residency_program, fellowship_program, spanish_documented and puerto_ri",,YES_WAVE1
1801113148,RISE-NEURO-0095,Mayo Clinic College of Medicine and Science (Jacksonville) Program - Adult Neurology Residency (Florida),FL,Josephine Huang,MD,"Assistant Professor of Neurology; Director, Mayo Clinic in Florida's Comprehensive Stroke Center; Program Director, Vascular Neurology Fellowship",Vascular neurology,,,,,,,,,VERIFIED,HIGH,https://college.mayo.edu/academics/residencies-and-fellowships/adult-neurology-residency-florida/department-and-faculty/,"A COMPLETE named core-faculty roster is published with academic rank, role and subspecialty for all 48, and FREIDA's field_total_physician independently reports 48. What is NOT published for most faculty is medical school, residency, fellowship, language skills or any Puerto Rico tie - Mayo's biography host is 403-blocked - so residency_program, fellowship_program, spanish_documented and puerto_ri",,YES_WAVE1
1801113148,RISE-NEURO-0095,Mayo Clinic College of Medicine and Science (Jacksonville) Program - Adult Neurology Residency (Florida),FL,Sarosh Irani,"BM, BCh, DPhil",Professor of Neurology and Neuroscience; clinician-scientist; discovered LGI1 and CASPR2 antibodies and faciobrachial dystonic seizures,"Autoimmune neurology; autoimmune encephalitis, NMOSD, stiff person syndrome, paraneoplastic syndromes",,,,,,,,,VERIFIED,HIGH,https://college.mayo.edu/academics/residencies-and-fellowships/adult-neurology-residency-florida/department-and-faculty/,"A COMPLETE named core-faculty roster is published with academic rank, role and subspecialty for all 48, and FREIDA's field_total_physician independently reports 48. What is NOT published for most faculty is medical school, residency, fellowship, language skills or any Puerto Rico tie - Mayo's biography host is 403-blocked - so residency_program, fellowship_program, spanish_documented and puerto_ri",,YES_WAVE1
1801113148,RISE-NEURO-0095,Mayo Clinic College of Medicine and Science (Jacksonville) Program - Adult Neurology Residency (Florida),FL,Christopher Kramer,MD,"Assistant Professor of Neurology; Program Director, Neurocritical Care Fellowship",Neurointensive care,,,,,,,,,VERIFIED,HIGH,https://college.mayo.edu/academics/residencies-and-fellowships/adult-neurology-residency-florida/department-and-faculty/,"A COMPLETE named core-faculty roster is published with academic rank, role and subspecialty for all 48, and FREIDA's field_total_physician independently reports 48. What is NOT published for most faculty is medical school, residency, fellowship, language skills or any Puerto Rico tie - Mayo's biography host is 403-blocked - so residency_program, fellowship_program, spanish_documented and puerto_ri",,YES_WAVE1
1801113148,RISE-NEURO-0095,Mayo Clinic College of Medicine and Science (Jacksonville) Program - Adult Neurology Residency (Florida),FL,Christopher (Chris) Lamb,MD,"Assistant Professor of Neurology; Associate Program Director; Chair, Clinical Competency Committee",Neuromuscular / peripheral nerve,,,,,,,,,VERIFIED,HIGH,https://college.mayo.edu/academics/residencies-and-fellowships/adult-neurology-residency-florida/department-and-faculty/,"A COMPLETE named core-faculty roster is published with academic rank, role and subspecialty for all 48, and FREIDA's field_total_physician independently reports 48. What is NOT published for most faculty is medical school, residency, fellowship, language skills or any Puerto Rico tie - Mayo's biography host is 403-blocked - so residency_program, fellowship_program, spanish_documented and puerto_ri",,YES_WAVE1
1801113148,RISE-NEURO-0095,Mayo Clinic College of Medicine and Science (Jacksonville) Program - Adult Neurology Residency (Florida),FL,Michelle Lin,"MD, MPH",Assistant Professor of Neurology; vascular neurology inpatient service,Vascular neurology,,,,,,,,,VERIFIED,HIGH,https://college.mayo.edu/academics/residencies-and-fellowships/adult-neurology-residency-florida/department-and-faculty/,"A COMPLETE named core-faculty roster is published with academic rank, role and subspecialty for all 48, and FREIDA's field_total_physician independently reports 48. What is NOT published for most faculty is medical school, residency, fellowship, language skills or any Puerto Rico tie - Mayo's biography host is 403-blocked - so residency_program, fellowship_program, spanish_documented and puerto_ri",,YES_WAVE1
1801113148,RISE-NEURO-0095,Mayo Clinic College of Medicine and Science (Jacksonville) Program - Adult Neurology Residency (Florida),FL,Sebastian Lopez Chiriboga,MD,"Assistant Professor of Neurology; Program Director, Autoimmune Neurology Fellowship (Florida); general neurology inpatient service; staffs resident continuity clinic; Director, Multiple Sclerosis and ",Autoimmune neurology; CNS inflammatory/demyelinating disease,,,,True,,,,,VERIFIED,HIGH,https://college.mayo.edu/academics/residencies-and-fellowships/adult-neurology-residency-florida/department-and-faculty/,"A COMPLETE named core-faculty roster is published with academic rank, role and subspecialty for all 48, and FREIDA's field_total_physician independently reports 48. What is NOT published for most faculty is medical school, residency, fellowship, language skills or any Puerto Rico tie - Mayo's biography host is 403-blocked - so residency_program, fellowship_program, spanish_documented and puerto_ri",,YES_WAVE1
1801113148,RISE-NEURO-0095,Mayo Clinic College of Medicine and Science (Jacksonville) Program - Adult Neurology Residency (Florida),FL,Vanessa Marin Collazo,MD,Instructor in Neurology; leads the multidisciplinary multiple sclerosis clinic; medical student clerkship director,"Multiple sclerosis, NMOSD, transverse myelitis, neurosarcoidosis; autoimmune neurology",,,,True,,,,,VERIFIED,HIGH,https://college.mayo.edu/academics/residencies-and-fellowships/adult-neurology-residency-florida/department-and-faculty/,"A COMPLETE named core-faculty roster is published with academic rank, role and subspecialty for all 48, and FREIDA's field_total_physician independently reports 48. What is NOT published for most faculty is medical school, residency, fellowship, language skills or any Puerto Rico tie - Mayo's biography host is 403-blocked - so residency_program, fellowship_program, spanish_documented and puerto_ri",,YES_WAVE1
1801113148,RISE-NEURO-0095,Mayo Clinic College of Medicine and Science (Jacksonville) Program - Adult Neurology Residency (Florida),FL,James Meschia,MD,Professor of Neurology; vascular neurology inpatient service,Vascular neurology,,,,,,,,,VERIFIED,HIGH,https://college.mayo.edu/academics/residencies-and-fellowships/adult-neurology-residency-florida/department-and-faculty/,"A COMPLETE named core-faculty roster is published with academic rank, role and subspecialty for all 48, and FREIDA's field_total_physician independently reports 48. What is NOT published for most faculty is medical school, residency, fellowship, language skills or any Puerto Rico tie - Mayo's biography host is 403-blocked - so residency_program, fellowship_program, spanish_documented and puerto_ri",,YES_WAVE1
1801113148,RISE-NEURO-0095,Mayo Clinic College of Medicine and Science (Jacksonville) Program - Adult Neurology Residency (Florida),FL,Seyed Mirsattari,"MD, PhD",Leads the weekly multidisciplinary epilepsy education conference,Epilepsy,,,,,,,,,VERIFIED,HIGH,https://college.mayo.edu/academics/residencies-and-fellowships/adult-neurology-residency-florida/department-and-faculty/,"A COMPLETE named core-faculty roster is published with academic rank, role and subspecialty for all 48, and FREIDA's field_total_physician independently reports 48. What is NOT published for most faculty is medical school, residency, fellowship, language skills or any Puerto Rico tie - Mayo's biography host is 403-blocked - so residency_program, fellowship_program, spanish_documented and puerto_ri",,YES_WAVE1
1801113148,RISE-NEURO-0095,Mayo Clinic College of Medicine and Science (Jacksonville) Program - Adult Neurology Residency (Florida),FL,Yulia Orlova,"MD, PhD",Assistant Professor of Neurology; teaches residents in outpatient clinic,Headache neurology,,,,,,,,,VERIFIED,HIGH,https://college.mayo.edu/academics/residencies-and-fellowships/adult-neurology-residency-florida/department-and-faculty/,"A COMPLETE named core-faculty roster is published with academic rank, role and subspecialty for all 48, and FREIDA's field_total_physician independently reports 48. What is NOT published for most faculty is medical school, residency, fellowship, language skills or any Puerto Rico tie - Mayo's biography host is 403-blocked - so residency_program, fellowship_program, spanish_documented and puerto_ri",,YES_WAVE1
1801113148,RISE-NEURO-0095,Mayo Clinic College of Medicine and Science (Jacksonville) Program - Adult Neurology Residency (Florida),FL,Bjorn Oskarsson,MD,"Associate Professor of Neurology; Director, ALS Center of Excellence at Mayo Clinic in Florida",Neuromuscular medicine; ALS,,,,,,,,,VERIFIED,HIGH,https://college.mayo.edu/academics/residencies-and-fellowships/adult-neurology-residency-florida/department-and-faculty/,"A COMPLETE named core-faculty roster is published with academic rank, role and subspecialty for all 48, and FREIDA's field_total_physician independently reports 48. What is NOT published for most faculty is medical school, residency, fellowship, language skills or any Puerto Rico tie - Mayo's biography host is 403-blocked - so residency_program, fellowship_program, spanish_documented and puerto_ri",,YES_WAVE1
1801113148,RISE-NEURO-0095,Mayo Clinic College of Medicine and Science (Jacksonville) Program - Adult Neurology Residency (Florida),FL,Ashley Pena,MD,Instructor of Neurology; general neurology inpatient service; staffs resident continuity clinic,Movement disorders,,,,,,,,,VERIFIED,HIGH,https://college.mayo.edu/academics/residencies-and-fellowships/adult-neurology-residency-florida/department-and-faculty/,"A COMPLETE named core-faculty roster is published with academic rank, role and subspecialty for all 48, and FREIDA's field_total_physician independently reports 48. What is NOT published for most faculty is medical school, residency, fellowship, language skills or any Puerto Rico tie - Mayo's biography host is 403-blocked - so residency_program, fellowship_program, spanish_documented and puerto_ri",,YES_WAVE1
1801113148,RISE-NEURO-0095,Mayo Clinic College of Medicine and Science (Jacksonville) Program - Adult Neurology Residency (Florida),FL,Jeffrey Peel,MD,Assistant Professor of Neurology; works with residents in the neurointensive care unit,Neurointensive care,,,,,,,,,VERIFIED,HIGH,https://college.mayo.edu/academics/residencies-and-fellowships/adult-neurology-residency-florida/department-and-faculty/,"A COMPLETE named core-faculty roster is published with academic rank, role and subspecialty for all 48, and FREIDA's field_total_physician independently reports 48. What is NOT published for most faculty is medical school, residency, fellowship, language skills or any Puerto Rico tie - Mayo's biography host is 403-blocked - so residency_program, fellowship_program, spanish_documented and puerto_ri",,YES_WAVE1
1801113148,RISE-NEURO-0095,Mayo Clinic College of Medicine and Science (Jacksonville) Program - Adult Neurology Residency (Florida),FL,Michael Pizzi,"DO, PhD","Associate Professor of Neurology; Chair, Neurocritical Care Division",Neurointensive care,,,,,,,,,VERIFIED,HIGH,https://college.mayo.edu/academics/residencies-and-fellowships/adult-neurology-residency-florida/department-and-faculty/,"A COMPLETE named core-faculty roster is published with academic rank, role and subspecialty for all 48, and FREIDA's field_total_physician independently reports 48. What is NOT published for most faculty is medical school, residency, fellowship, language skills or any Puerto Rico tie - Mayo's biography host is 403-blocked - so residency_program, fellowship_program, spanish_documented and puerto_ri",,YES_WAVE1
1801113148,RISE-NEURO-0095,Mayo Clinic College of Medicine and Science (Jacksonville) Program - Adult Neurology Residency (Florida),FL,Misha Pless,MD,Professor of Ophthalmology; contributes to didactics; teaches residents in outpatient clinic,Neuro-ophthalmology,,,,,,,,,VERIFIED,HIGH,https://college.mayo.edu/academics/residencies-and-fellowships/adult-neurology-residency-florida/department-and-faculty/,"A COMPLETE named core-faculty roster is published with academic rank, role and subspecialty for all 48, and FREIDA's field_total_physician independently reports 48. What is NOT published for most faculty is medical school, residency, fellowship, language skills or any Puerto Rico tie - Mayo's biography host is 403-blocked - so residency_program, fellowship_program, spanish_documented and puerto_ri",,YES_WAVE1
1801113148,RISE-NEURO-0095,Mayo Clinic College of Medicine and Science (Jacksonville) Program - Adult Neurology Residency (Florida),FL,Maisha Robinson,MD,"Assistant Professor of Neurology; Chair, palliative medicine division; general neurology inpatient service; staffs resident continuity clinic",Neurology and palliative medicine,,,,,,,,,VERIFIED,HIGH,https://college.mayo.edu/academics/residencies-and-fellowships/adult-neurology-residency-florida/department-and-faculty/,"A COMPLETE named core-faculty roster is published with academic rank, role and subspecialty for all 48, and FREIDA's field_total_physician independently reports 48. What is NOT published for most faculty is medical school, residency, fellowship, language skills or any Puerto Rico tie - Mayo's biography host is 403-blocked - so residency_program, fellowship_program, spanish_documented and puerto_ri",,YES_WAVE1
1801113148,RISE-NEURO-0095,Mayo Clinic College of Medicine and Science (Jacksonville) Program - Adult Neurology Residency (Florida),FL,Steven Rosenfeld,"MD, PhD",Professor of Neurology; works with residents treating primary and secondary brain tumors,Neuro-oncology,,,,,,,,,VERIFIED,HIGH,https://college.mayo.edu/academics/residencies-and-fellowships/adult-neurology-residency-florida/department-and-faculty/,"A COMPLETE named core-faculty roster is published with academic rank, role and subspecialty for all 48, and FREIDA's field_total_physician independently reports 48. What is NOT published for most faculty is medical school, residency, fellowship, language skills or any Puerto Rico tie - Mayo's biography host is 403-blocked - so residency_program, fellowship_program, spanish_documented and puerto_ri",,YES_WAVE1
1801113148,RISE-NEURO-0095,Mayo Clinic College of Medicine and Science (Jacksonville) Program - Adult Neurology Residency (Florida),FL,Devon Rubin,MD,"Professor of Neurology; Vice Chair, Department of Neurology; Director, Electromyography Laboratory; Program Director, Clinical Neurophysiology EMG Fellowship; directs the two-month PGY-3 clinical neur",Clinical neurophysiology / EMG,,,,,,,,,VERIFIED,HIGH,https://college.mayo.edu/academics/residencies-and-fellowships/adult-neurology-residency-florida/department-and-faculty/,"A COMPLETE named core-faculty roster is published with academic rank, role and subspecialty for all 48, and FREIDA's field_total_physician independently reports 48. What is NOT published for most faculty is medical school, residency, fellowship, language skills or any Puerto Rico tie - Mayo's biography host is 403-blocked - so residency_program, fellowship_program, spanish_documented and puerto_ri",,YES_WAVE1
1801113148,RISE-NEURO-0095,Mayo Clinic College of Medicine and Science (Jacksonville) Program - Adult Neurology Residency (Florida),FL,Amra Sakusic,"MD, PhD",Assistant Professor of Neurology; teaches trainees in the neurointensive care unit,Neurointensive care,,,,,,,,,VERIFIED,HIGH,https://college.mayo.edu/academics/residencies-and-fellowships/adult-neurology-residency-florida/department-and-faculty/,"A COMPLETE named core-faculty roster is published with academic rank, role and subspecialty for all 48, and FREIDA's field_total_physician independently reports 48. What is NOT published for most faculty is medical school, residency, fellowship, language skills or any Puerto Rico tie - Mayo's biography host is 403-blocked - so residency_program, fellowship_program, spanish_documented and puerto_ri",,YES_WAVE1
1801113148,RISE-NEURO-0095,Mayo Clinic College of Medicine and Science (Jacksonville) Program - Adult Neurology Residency (Florida),FL,Jaimin Shah,MD,Assistant Professor of Neurology; teaches residents in EMG lab and outpatient clinic,Neuromuscular medicine,,,,,,,,,VERIFIED,HIGH,https://college.mayo.edu/academics/residencies-and-fellowships/adult-neurology-residency-florida/department-and-faculty/,"A COMPLETE named core-faculty roster is published with academic rank, role and subspecialty for all 48, and FREIDA's field_total_physician independently reports 48. What is NOT published for most faculty is medical school, residency, fellowship, language skills or any Puerto Rico tie - Mayo's biography host is 403-blocked - so residency_program, fellowship_program, spanish_documented and puerto_ri",,YES_WAVE1
1801113148,RISE-NEURO-0095,Mayo Clinic College of Medicine and Science (Jacksonville) Program - Adult Neurology Residency (Florida),FL,Wendy Sherman,MD,"Assistant Professor of Neurology; Program Director, NeuroOncology Fellowship",Neuro-oncology,,,,,,,,,VERIFIED,HIGH,https://college.mayo.edu/academics/residencies-and-fellowships/adult-neurology-residency-florida/department-and-faculty/,"A COMPLETE named core-faculty roster is published with academic rank, role and subspecialty for all 48, and FREIDA's field_total_physician independently reports 48. What is NOT published for most faculty is medical school, residency, fellowship, language skills or any Puerto Rico tie - Mayo's biography host is 403-blocked - so residency_program, fellowship_program, spanish_documented and puerto_ri",,YES_WAVE1
1801113148,RISE-NEURO-0095,Mayo Clinic College of Medicine and Science (Jacksonville) Program - Adult Neurology Residency (Florida),FL,Michael Skolka,MD,Assistant Professor of Neurology; teaches residents in outpatient clinic and EMG lab; 2026 Teacher of the Year,Neuromuscular medicine,,,,,,,,,VERIFIED,HIGH,https://college.mayo.edu/academics/residencies-and-fellowships/adult-neurology-residency-florida/department-and-faculty/,"A COMPLETE named core-faculty roster is published with academic rank, role and subspecialty for all 48, and FREIDA's field_total_physician independently reports 48. What is NOT published for most faculty is medical school, residency, fellowship, language skills or any Puerto Rico tie - Mayo's biography host is 403-blocked - so residency_program, fellowship_program, spanish_documented and puerto_ri",,YES_WAVE1
1801113148,RISE-NEURO-0095,Mayo Clinic College of Medicine and Science (Jacksonville) Program - Adult Neurology Residency (Florida),FL,Nilufer Taner,"MD, PhD","Professor of Neurology and Neuroscience; Fellowship Director, Behavioral Neurology Fellowship; neurogeneticist",Behavioral neurology / neurogenetics,,,,,,,,,VERIFIED,HIGH,https://college.mayo.edu/academics/residencies-and-fellowships/adult-neurology-residency-florida/department-and-faculty/,"A COMPLETE named core-faculty roster is published with academic rank, role and subspecialty for all 48, and FREIDA's field_total_physician independently reports 48. What is NOT published for most faculty is medical school, residency, fellowship, language skills or any Puerto Rico tie - Mayo's biography host is 403-blocked - so residency_program, fellowship_program, spanish_documented and puerto_ri",,YES_WAVE1
1801113148,RISE-NEURO-0095,Mayo Clinic College of Medicine and Science (Jacksonville) Program - Adult Neurology Residency (Florida),FL,William Tatum,DO,"Professor of Neurology; Program Director, Clinical Neurophysiology-EEG Fellowship",Epilepsy,,,,,,,,,VERIFIED,HIGH,https://college.mayo.edu/academics/residencies-and-fellowships/adult-neurology-residency-florida/department-and-faculty/,"A COMPLETE named core-faculty roster is published with academic rank, role and subspecialty for all 48, and FREIDA's field_total_physician independently reports 48. What is NOT published for most faculty is medical school, residency, fellowship, language skills or any Puerto Rico tie - Mayo's biography host is 403-blocked - so residency_program, fellowship_program, spanish_documented and puerto_ri",,YES_WAVE1
1801113148,RISE-NEURO-0095,Mayo Clinic College of Medicine and Science (Jacksonville) Program - Adult Neurology Residency (Florida),FL,Ryan Uitti,MD,Professor of Neurology; movement disorder specialist and 'an international expert on Parkinson's disease',Movement disorders; Parkinson's disease; DBS,,,,,,,,,VERIFIED,HIGH,https://college.mayo.edu/academics/residencies-and-fellowships/adult-neurology-residency-florida/department-and-faculty/,"A COMPLETE named core-faculty roster is published with academic rank, role and subspecialty for all 48, and FREIDA's field_total_physician independently reports 48. What is NOT published for most faculty is medical school, residency, fellowship, language skills or any Puerto Rico tie - Mayo's biography host is 403-blocked - so residency_program, fellowship_program, spanish_documented and puerto_ri",,YES_WAVE1
1801113148,RISE-NEURO-0095,Mayo Clinic College of Medicine and Science (Jacksonville) Program - Adult Neurology Residency (Florida),FL,Lindsy Williams,MD,Assistant Professor of Neurology; vascular neurology inpatient service; staffs resident continuity clinic; directs the PGY-2 Neuroanatomy course,Vascular neurology,,,,,,,,,VERIFIED,HIGH,https://college.mayo.edu/academics/residencies-and-fellowships/adult-neurology-residency-florida/department-and-faculty/,"A COMPLETE named core-faculty roster is published with academic rank, role and subspecialty for all 48, and FREIDA's field_total_physician independently reports 48. What is NOT published for most faculty is medical school, residency, fellowship, language skills or any Puerto Rico tie - Mayo's biography host is 403-blocked - so residency_program, fellowship_program, spanish_documented and puerto_ri",,YES_WAVE1
1801113148,RISE-NEURO-0095,Mayo Clinic College of Medicine and Science (Jacksonville) Program - Adult Neurology Residency (Florida),FL,Amen Yonas,MD,"Instructor of Neurology; Associate Program Director; Chair, curriculum committee",Vascular neurology,,,,,,,,,VERIFIED,HIGH,https://college.mayo.edu/academics/residencies-and-fellowships/adult-neurology-residency-florida/department-and-faculty/,"A COMPLETE named core-faculty roster is published with academic rank, role and subspecialty for all 48, and FREIDA's field_total_physician independently reports 48. What is NOT published for most faculty is medical school, residency, fellowship, language skills or any Puerto Rico tie - Mayo's biography host is 403-blocked - so residency_program, fellowship_program, spanish_documented and puerto_ri",,YES_WAVE1
1801121025,RISE-NEURO-0205,"University of Florida Program (UF Neurology Residency), Gainesville",FL,Michael S Okun,MD,"Director, Norman Fixel Institute for Neurological Diseases",Movement disorders,,,,,,,,False,PARTIALLY_VERIFIED,HIGH,https://neurology.ufl.edu/divisions/divisions/movement-disorders-neurorestoration/movement-disorders-faculty/,,"Research complete - the department publishes a complete named faculty directory of 65 active members, but does not designate which of them are ACGME core faculty for this residency, and does not publish training histories for most of them.",YES_WAVE3
1801121025,RISE-NEURO-0205,"University of Florida Program (UF Neurology Residency), Gainesville",FL,Irene A Malaty,MD,Barbara Padgett Dein Professor of Neurology; Director of Parkinson Foundation Center of Excellence and Tourette Association of America Center for Excellence,Movement disorders; Tourette syndrome,,,,,,,,,PARTIALLY_VERIFIED,HIGH,https://neurology.ufl.edu/divisions/divisions/movement-disorders-neurorestoration/movement-disorders-faculty/,,"Research complete - the department publishes a complete named faculty directory of 65 active members, but does not designate which of them are ACGME core faculty for this residency, and does not publish training histories for most of them.",YES_WAVE3
1801121025,RISE-NEURO-0205,"University of Florida Program (UF Neurology Residency), Gainesville",FL,Christopher W Hess,MD,"The Jill F. and Richard W. Cope Associate Professor of Neurology; Medical Director, Movement Disorders Fellowship Director, and Director of Neurotechnology, Norman Fixel Institute",Movement disorders; neurotechnology,,,,,,,,False,PARTIALLY_VERIFIED,HIGH,https://neurology.ufl.edu/divisions/divisions/movement-disorders-neurorestoration/movement-disorders-faculty/,,"Research complete - the department publishes a complete named faculty directory of 65 active members, but does not designate which of them are ACGME core faculty for this residency, and does not publish training histories for most of them.",YES_WAVE3
1801121025,RISE-NEURO-0205,"University of Florida Program (UF Neurology Residency), Gainesville",FL,Nikolaus McFarland,"MD, PhD","Clinical Professor of Neurology; Wright/Falls/Simmons Professor of PSP/Atypical Parkinsonism; Director, HDSA Center of Excellence at University of Florida","Atypical parkinsonism, PSP, Huntington's disease",,,,,,,,,PARTIALLY_VERIFIED,HIGH,https://hdsa.org/hdsacoeufl/,,"Research complete - the department publishes a complete named faculty directory of 65 active members, but does not designate which of them are ACGME core faculty for this residency, and does not publish training histories for most of them.",YES_WAVE3
1801121025,RISE-NEURO-0205,"University of Florida Program (UF Neurology Residency), Gainesville",FL,Ashley E Rawls,"MD, MS","Associate Professor; Associate Program Director, Neurology Residency",Movement disorders,,Medical University of South Carolina,Stanford University (movement disorders),False,,,,,PARTIALLY_VERIFIED,HIGH,https://neurology.ufl.edu/education/residency-program/,,"Research complete - the department publishes a complete named faculty directory of 65 active members, but does not designate which of them are ACGME core faculty for this residency, and does not publish training histories for most of them.",YES_WAVE3
1801121025,RISE-NEURO-0205,"University of Florida Program (UF Neurology Residency), Gainesville",FL,Aparna A Wagle Shukla,MD,"Professor of Neurology & Director, Clinical Trials",Movement disorders; clinical trials,,,,,,,,,PARTIALLY_VERIFIED,HIGH,https://neurology.ufl.edu/divisions/divisions/movement-disorders-neurorestoration/movement-disorders-faculty/,,"Research complete - the department publishes a complete named faculty directory of 65 active members, but does not designate which of them are ACGME core faculty for this residency, and does not publish training histories for most of them.",YES_WAVE3
1801121025,RISE-NEURO-0205,"University of Florida Program (UF Neurology Residency), Gainesville",FL,Joshua Wong,MD,Assistant Professor,Movement disorders,,,,,,,,,PARTIALLY_VERIFIED,HIGH,https://neurology.ufl.edu/divisions/divisions/movement-disorders-neurorestoration/movement-disorders-faculty/,,"Research complete - the department publishes a complete named faculty directory of 65 active members, but does not designate which of them are ACGME core faculty for this residency, and does not publish training histories for most of them.",YES_WAVE3
1801121025,RISE-NEURO-0205,"University of Florida Program (UF Neurology Residency), Gainesville",FL,Matthew Remz,MD,Assistant Professor,Movement disorders,,,,,,,,,PARTIALLY_VERIFIED,HIGH,https://neurology.ufl.edu/divisions/divisions/movement-disorders-neurorestoration/movement-disorders-faculty/,,"Research complete - the department publishes a complete named faculty directory of 65 active members, but does not designate which of them are ACGME core faculty for this residency, and does not publish training histories for most of them.",YES_WAVE3
1801121025,RISE-NEURO-0205,"University of Florida Program (UF Neurology Residency), Gainesville",FL,Bhavana Patel,DO,Assistant Professor,Movement disorders,,,,,,,,False,PARTIALLY_VERIFIED,HIGH,https://neurology.ufl.edu/divisions/divisions/movement-disorders-neurorestoration/movement-disorders-faculty/,,"Research complete - the department publishes a complete named faculty directory of 65 active members, but does not designate which of them are ACGME core faculty for this residency, and does not publish training histories for most of them.",YES_WAVE3
1801121025,RISE-NEURO-0205,"University of Florida Program (UF Neurology Residency), Gainesville",FL,Lauren Fanty,"MD, MPH",Assistant Professor,Movement disorders,,,,,,,,,PARTIALLY_VERIFIED,HIGH,https://neurology.ufl.edu/divisions/divisions/movement-disorders-neurorestoration/movement-disorders-faculty/,,"Research complete - the department publishes a complete named faculty directory of 65 active members, but does not designate which of them are ACGME core faculty for this residency, and does not publish training histories for most of them.",YES_WAVE3
1801121025,RISE-NEURO-0205,"University of Florida Program (UF Neurology Residency), Gainesville",FL,A. Enrique Martinez Nunez,MD,Assistant Professor,Movement disorders,,,,,,,,,PARTIALLY_VERIFIED,HIGH,https://neurology.ufl.edu/divisions/divisions/movement-disorders-neurorestoration/movement-disorders-faculty/,,"Research complete - the department publishes a complete named faculty directory of 65 active members, but does not designate which of them are ACGME core faculty for this residency, and does not publish training histories for most of them.",YES_WAVE3
1801121025,RISE-NEURO-0205,"University of Florida Program (UF Neurology Residency), Gainesville",FL,Jun (John) Yu,"MD, MS","Assistant Professor and Assistant Director, Neurology Clerkship",Movement disorders,,,,,,,,,PARTIALLY_VERIFIED,HIGH,https://neurology.ufl.edu/divisions/divisions/movement-disorders-neurorestoration/movement-disorders-faculty/,,"Research complete - the department publishes a complete named faculty directory of 65 active members, but does not designate which of them are ACGME core faculty for this residency, and does not publish training histories for most of them.",YES_WAVE3
1801121025,RISE-NEURO-0205,"University of Florida Program (UF Neurology Residency), Gainesville",FL,Matthew R Burns,"MD, PhD",Assistant Professor of Neurology,Movement disorders / neurorestoration research,,,,,,,,,PARTIALLY_VERIFIED,MEDIUM,https://neurology.ufl.edu/about-us/directory/,,"Research complete - the department publishes a complete named faculty directory of 65 active members, but does not designate which of them are ACGME core faculty for this residency, and does not publish training histories for most of them.",YES_WAVE3
1801121025,RISE-NEURO-0205,"University of Florida Program (UF Neurology Residency), Gainesville",FL,Christopher R Butson,PhD,Professor & Fixel Endowed Chair of Neurotherapeutics,DBS / neuromodulation engineering,,,,,,,,,PARTIALLY_VERIFIED,HIGH,https://neurology.ufl.edu/about-us/directory/,,"Research complete - the department publishes a complete named faculty directory of 65 active members, but does not designate which of them are ACGME core faculty for this residency, and does not publish training histories for most of them.",YES_WAVE3
1801121025,RISE-NEURO-0205,"University of Florida Program (UF Neurology Residency), Gainesville",FL,Coralie deHemptinne,"MS, PhD",Associate Professor,Movement disorders neurophysiology research,,,,,,,,,PARTIALLY_VERIFIED,MEDIUM,https://neurology.ufl.edu/about-us/directory/,,"Research complete - the department publishes a complete named faculty directory of 65 active members, but does not designate which of them are ACGME core faculty for this residency, and does not publish training histories for most of them.",YES_WAVE3
1801121025,RISE-NEURO-0205,"University of Florida Program (UF Neurology Residency), Gainesville",FL,Torge Rempe,"MD, PhD","Assistant Professor; William T. and Janice M. Neely Professor for Research in Multiple Sclerosis; Program Director, UF Multiple Sclerosis & Neuroimmunology Fellowship; Director, UF Health Multiple Scl",Multiple sclerosis / neuroimmunology,,,,,,,,True,PARTIALLY_VERIFIED,HIGH,https://ufhealth.org/doctors/torge-rempe,,"Research complete - the department publishes a complete named faculty directory of 65 active members, but does not designate which of them are ACGME core faculty for this residency, and does not publish training histories for most of them.",YES_WAVE3
1801121025,RISE-NEURO-0205,"University of Florida Program (UF Neurology Residency), Gainesville",FL,Mayra J Montalvo Perero,MD,"Assistant Professor; Associate Program Director, UF MS & Neuroimmunology Fellowship; Associate Program Director, Neurology Residency Program","MS, NMO, transverse myelitis, optic neuritis, sarcoidosis, autoimmune encephalitis, autoimmune epilepsy, autoimmune ataxias",,Brown University,Brown University (clinical neurophysiology); Mayo Clinic Rochester (autoimmune neurology),False,,,,True,PARTIALLY_VERIFIED,HIGH,https://ufhealth.org/doctors/mayra-j-montalvo-perero,,"Research complete - the department publishes a complete named faculty directory of 65 active members, but does not designate which of them are ACGME core faculty for this residency, and does not publish training histories for most of them.",YES_WAVE3
1801121026,RISE-NEURO-0216,University of Miami/Jackson Health System Program,FL,Ihtsham ul Haq,"M.D., FAAN","Division Chief, Movement Disorders; Cornfeld-Hurowitz Endowed Chair",Movement Disorders,,,,,,,,,RESEARCHED_NOT_PUBLIC,HIGH,https://med.miami.edu/departments/neurology/divisions/movement-disorders-division/team,,"Research complete · The program does not publish a designated ACGME core-faculty roster. A 113-profile department-wide directory is public, and the 24 faculty most relevant to this dossier - the Movement Disorders and MS divisions plus all ten fellowship directors - are named here.",YES_WAVE1
1801121026,RISE-NEURO-0216,University of Miami/Jackson Health System Program,FL,Carlos Singer,M.D.,"Professor of Neurology; Division Chief 2002-2020; Director, HDSA Center of Excellence at University of Miami","Movement Disorders, Huntington disease",,,,,,,,,RESEARCHED_NOT_PUBLIC,HIGH,https://hdsa.org/hdsacoe-at-university-of-miami-miller-school-of-medicine/,,"Research complete · The program does not publish a designated ACGME core-faculty roster. A 113-profile department-wide directory is public, and the 24 faculty most relevant to this dossier - the Movement Disorders and MS divisions plus all ten fellowship directors - are named here.",YES_WAVE1
1801121026,RISE-NEURO-0216,University of Miami/Jackson Health System Program,FL,Corneliu Luca,"M.D., Ph.D.","Professor of Clinical Neurology; Director, Movement Disorders Fellowship",Movement Disorders,,,Movement disorders fellowship training (institution not stated),,,,,,RESEARCHED_NOT_PUBLIC,HIGH,https://med.miami.edu/departments/neurology/divisions/movement-disorders-division/team,,"Research complete · The program does not publish a designated ACGME core-faculty roster. A 113-profile department-wide directory is public, and the 24 faculty most relevant to this dossier - the Movement Disorders and MS divisions plus all ten fellowship directors - are named here.",YES_WAVE1
1801121026,RISE-NEURO-0216,University of Miami/Jackson Health System Program,FL,Danielle Shpiner,M.D.,"Associate Professor of Clinical Neurology; Associate Program Director, Movement Disorders Fellowship",Movement Disorders,,"Neurology, University of Miami",,True,,,,,RESEARCHED_NOT_PUBLIC,MEDIUM,https://med.miami.edu/departments/neurology/divisions/movement-disorders-division/team,,"Research complete · The program does not publish a designated ACGME core-faculty roster. A 113-profile department-wide directory is public, and the 24 faculty most relevant to this dossier - the Movement Disorders and MS divisions plus all ten fellowship directors - are named here.",YES_WAVE1
1801121026,RISE-NEURO-0216,University of Miami/Jackson Health System Program,FL,Henry Moore,M.D.,Associate Professor of Clinical Neurology,Movement Disorders,,"Neurology, Jackson Memorial Hospital / University of Miami Miller School of Medicine",2-year Movement Disorders fellowship,True,,,,,RESEARCHED_NOT_PUBLIC,HIGH,https://med.miami.edu/departments/neurology/divisions/movement-disorders-division/team,,"Research complete · The program does not publish a designated ACGME core-faculty roster. A 113-profile department-wide directory is public, and the 24 faculty most relevant to this dossier - the Movement Disorders and MS divisions plus all ten fellowship directors - are named here.",YES_WAVE1
1801121026,RISE-NEURO-0216,University of Miami/Jackson Health System Program,FL,Matthew Feldman,M.D.,Assistant Professor of Clinical Neurology,Movement Disorders,,,,,,,,,RESEARCHED_NOT_PUBLIC,MEDIUM,https://med.miami.edu/departments/neurology/divisions/movement-disorders-division/team,,"Research complete · The program does not publish a designated ACGME core-faculty roster. A 113-profile department-wide directory is public, and the 24 faculty most relevant to this dossier - the Movement Disorders and MS divisions plus all ten fellowship directors - are named here.",YES_WAVE1
1801121026,RISE-NEURO-0216,University of Miami/Jackson Health System Program,FL,Zufe Rizvi,M.D.,Assistant Professor of Clinical Neurology,Movement Disorders,,,,,,,,,RESEARCHED_NOT_PUBLIC,MEDIUM,https://med.miami.edu/departments/neurology/divisions/movement-disorders-division/team,,"Research complete · The program does not publish a designated ACGME core-faculty roster. A 113-profile department-wide directory is public, and the 24 faculty most relevant to this dossier - the Movement Disorders and MS divisions plus all ten fellowship directors - are named here.",YES_WAVE1
1801121026,RISE-NEURO-0216,University of Miami/Jackson Health System Program,FL,Silvia R. Delgado,M.D.,"Program Director, MS and Neuroimmunology Fellowship","Multiple Sclerosis, Neuroimmunology",,,,,,,,,RESEARCHED_NOT_PUBLIC,HIGH,https://med.miami.edu/departments/neurology/divisions/multiple-sclerosis-division/education,,"Research complete · The program does not publish a designated ACGME core-faculty roster. A 113-profile department-wide directory is public, and the 24 faculty most relevant to this dossier - the Movement Disorders and MS divisions plus all ten fellowship directors - are named here.",YES_WAVE1
1801121026,RISE-NEURO-0216,University of Miami/Jackson Health System Program,FL,Kottil Rammohan,M.D.,MS Division faculty,Multiple Sclerosis,,,,,,,,,RESEARCHED_NOT_PUBLIC,MEDIUM,https://med.miami.edu/departments/neurology/divisions/multiple-sclerosis-division,,"Research complete · The program does not publish a designated ACGME core-faculty roster. A 113-profile department-wide directory is public, and the 24 faculty most relevant to this dossier - the Movement Disorders and MS divisions plus all ten fellowship directors - are named here.",YES_WAVE1
1801121026,RISE-NEURO-0216,University of Miami/Jackson Health System Program,FL,Flavia Nelson,M.D.,MS Division faculty,Multiple Sclerosis,,,,,,,,,RESEARCHED_NOT_PUBLIC,MEDIUM,https://med.miami.edu/departments/neurology/divisions/multiple-sclerosis-division,,"Research complete · The program does not publish a designated ACGME core-faculty roster. A 113-profile department-wide directory is public, and the 24 faculty most relevant to this dossier - the Movement Disorders and MS divisions plus all ten fellowship directors - are named here.",YES_WAVE1
1801121026,RISE-NEURO-0216,University of Miami/Jackson Health System Program,FL,Melissa Ortega,M.D.,MS Division faculty,Multiple Sclerosis,,,,,,,,,RESEARCHED_NOT_PUBLIC,MEDIUM,https://med.miami.edu/departments/neurology/divisions/multiple-sclerosis-division,,"Research complete · The program does not publish a designated ACGME core-faculty roster. A 113-profile department-wide directory is public, and the 24 faculty most relevant to this dossier - the Movement Disorders and MS divisions plus all ten fellowship directors - are named here.",YES_WAVE1
1801121026,RISE-NEURO-0216,University of Miami/Jackson Health System Program,FL,Stephanie Caceres Picon,M.D.,MS Division faculty,Multiple Sclerosis,,,,,,,,,RESEARCHED_NOT_PUBLIC,MEDIUM,https://med.miami.edu/departments/neurology/divisions/multiple-sclerosis-division,,"Research complete · The program does not publish a designated ACGME core-faculty roster. A 113-profile department-wide directory is public, and the 24 faculty most relevant to this dossier - the Movement Disorders and MS divisions plus all ten fellowship directors - are named here.",YES_WAVE1
1801121026,RISE-NEURO-0216,University of Miami/Jackson Health System Program,FL,Crystal Dixon,M.D.,MS Division faculty,Multiple Sclerosis,,,,,,,,,RESEARCHED_NOT_PUBLIC,MEDIUM,https://med.miami.edu/departments/neurology/divisions/multiple-sclerosis-division,,"Research complete · The program does not publish a designated ACGME core-faculty roster. A 113-profile department-wide directory is public, and the 24 faculty most relevant to this dossier - the Movement Disorders and MS divisions plus all ten fellowship directors - are named here.",YES_WAVE1
1801121026,RISE-NEURO-0216,University of Miami/Jackson Health System Program,FL,Ramon Flores-Gonzalez,M.D.,MS Division faculty,Multiple Sclerosis,,,,,,,,,RESEARCHED_NOT_PUBLIC,MEDIUM,https://med.miami.edu/departments/neurology/divisions/multiple-sclerosis-division,,"Research complete · The program does not publish a designated ACGME core-faculty roster. A 113-profile department-wide directory is public, and the 24 faculty most relevant to this dossier - the Movement Disorders and MS divisions plus all ten fellowship directors - are named here.",YES_WAVE1
1801121026,RISE-NEURO-0216,University of Miami/Jackson Health System Program,FL,Farhad Mahmoudi,M.D.,MS Division faculty,Multiple Sclerosis,,,,,,,,,RESEARCHED_NOT_PUBLIC,MEDIUM,https://med.miami.edu/departments/neurology/divisions/multiple-sclerosis-division,,"Research complete · The program does not publish a designated ACGME core-faculty roster. A 113-profile department-wide directory is public, and the 24 faculty most relevant to this dossier - the Movement Disorders and MS divisions plus all ten fellowship directors - are named here.",YES_WAVE1
1801121026,RISE-NEURO-0216,University of Miami/Jackson Health System Program,FL,Enrique Serrano,"M.D., M.Sc.","Associate Professor of Clinical Neurology; Program Director, Clinical Neurophysiology fellowship; epileptologist and neuro-hospitalist at Jackson Health System","Epilepsy, clinical neurophysiology",,"Neurology, Medical College of Georgia (2006)","Clinical Neurophysiology with epilepsy emphasis, Medical College of Georgia (2007)",False,"Medical degree from the University of Puerto Rico (LCME-accredited; classifies as US_MD, never CARIBBEAN)",INSTITUTIONAL,University of Puerto Rico,,RESEARCHED_NOT_PUBLIC,HIGH,https://med.miami.edu/faculty/enrique-serrano-md,,"Research complete · The program does not publish a designated ACGME core-faculty roster. A 113-profile department-wide directory is public, and the 24 faculty most relevant to this dossier - the Movement Disorders and MS divisions plus all ten fellowship directors - are named here.",YES_WAVE1
1801121026,RISE-NEURO-0216,University of Miami/Jackson Health System Program,FL,Annelly Bure-Reyes,Ph.D.,Assistant Professor of Clinical Neurology (neuropsychology); not a physician,Neuropsychology,,,,,"Raised in Puerto Rico from age 14; bachelor's degree in psychology from the University of Puerto Rico, Rio Piedras | ORCHESTRATOR CORRECTION: the University of Puerto Rico reference here is an UNDERGRADUATE psychology degree, not a medical school. This person is a neuropsychologist (PhD), not an MD graduate of a PR medical school. Do NOT count this as a Puerto Rico MEDICAL-SCHOOL tie and do not use it for school classification. The 'raised in Puerto Rico' detail is biographical, published in the person's own bio, and must not support any inference about anyone else.",PERSONAL_AND_UNDERGRADUATE,"University of Puerto Rico (UNDERGRADUATE degree, not medical school)",,RESEARCHED_NOT_PUBLIC,HIGH,https://med.miami.edu/departments/neurology/about-us/faculty,,"Research complete · The program does not publish a designated ACGME core-faculty roster. A 113-profile department-wide directory is public, and the 24 faculty most relevant to this dossier - the Movement Disorders and MS divisions plus all ten fellowship directors - are named here.",YES_WAVE1
1801121026,RISE-NEURO-0216,University of Miami/Jackson Health System Program,FL,Naymee Velez-Ruiz,M.D.,"Program Director, Epilepsy fellowship (ACGME)",Epilepsy,,,,,,,,,RESEARCHED_NOT_PUBLIC,HIGH,https://med.miami.edu/departments/neurology/education/fellowship-programs,,"Research complete · The program does not publish a designated ACGME core-faculty roster. A 113-profile department-wide directory is public, and the 24 faculty most relevant to this dossier - the Movement Disorders and MS divisions plus all ten fellowship directors - are named here.",YES_WAVE1
1801121026,RISE-NEURO-0216,University of Miami/Jackson Health System Program,FL,Kristine O'Phelan,M.D.,"Program Director, Neuro-Critical Care fellowship",Neurocritical care,,,,,,,,,RESEARCHED_NOT_PUBLIC,HIGH,https://med.miami.edu/departments/neurology/education/fellowship-programs,,"Research complete · The program does not publish a designated ACGME core-faculty roster. A 113-profile department-wide directory is public, and the 24 faculty most relevant to this dossier - the Movement Disorders and MS divisions plus all ten fellowship directors - are named here.",YES_WAVE1
1801121026,RISE-NEURO-0216,University of Miami/Jackson Health System Program,FL,Victor Del Brutto,"M.D., M.S.","Program Director, Vascular Neurology fellowship (ACGME)",Vascular neurology,,,,,,,,,RESEARCHED_NOT_PUBLIC,HIGH,https://med.miami.edu/departments/neurology/education/fellowship-programs,,"Research complete · The program does not publish a designated ACGME core-faculty roster. A 113-profile department-wide directory is public, and the 24 faculty most relevant to this dossier - the Movement Disorders and MS divisions plus all ten fellowship directors - are named here.",YES_WAVE1
1801121026,RISE-NEURO-0216,University of Miami/Jackson Health System Program,FL,Ashok Verma,"M.D., D.M., M.B.A.","Program Director, Neuromuscular Medicine fellowship (ACGME)",Neuromuscular medicine,,,,,,,,,RESEARCHED_NOT_PUBLIC,HIGH,https://med.miami.edu/departments/neurology/education/fellowship-programs,,"Research complete · The program does not publish a designated ACGME core-faculty roster. A 113-profile department-wide directory is public, and the 24 faculty most relevant to this dossier - the Movement Disorders and MS divisions plus all ten fellowship directors - are named here.",YES_WAVE1
1801121026,RISE-NEURO-0216,University of Miami/Jackson Health System Program,FL,Teshamae Monteith,"M.D., FAHS, FAAN","Program Director, Headache Medicine fellowship (UCNS)",Headache medicine,,,,,,,,,RESEARCHED_NOT_PUBLIC,HIGH,https://med.miami.edu/departments/neurology/education/fellowship-programs,,"Research complete · The program does not publish a designated ACGME core-faculty roster. A 113-profile department-wide directory is public, and the 24 faculty most relevant to this dossier - the Movement Disorders and MS divisions plus all ten fellowship directors - are named here.",YES_WAVE1
1801121026,RISE-NEURO-0216,University of Miami/Jackson Health System Program,FL,James E. Galvin,"M.D., M.P.H.","Program Director, Cognitive & Behavioral Neurology fellowship",Cognitive and behavioral neurology,,,,,,,,,RESEARCHED_NOT_PUBLIC,HIGH,https://med.miami.edu/departments/neurology/education/fellowship-programs,,"Research complete · The program does not publish a designated ACGME core-faculty roster. A 113-profile department-wide directory is public, and the 24 faculty most relevant to this dossier - the Movement Disorders and MS divisions plus all ten fellowship directors - are named here.",YES_WAVE1
1801121026,RISE-NEURO-0216,University of Miami/Jackson Health System Program,FL,Macarena De La Fuente,M.D.,"Director, Neuro-Oncology fellowship (UCNS)",Neuro-oncology,,,,,,,,,RESEARCHED_NOT_PUBLIC,HIGH,https://med.miami.edu/departments/neurology/education/fellowship-programs,,"Research complete · The program does not publish a designated ACGME core-faculty roster. A 113-profile department-wide directory is public, and the 24 faculty most relevant to this dossier - the Movement Disorders and MS divisions plus all ten fellowship directors - are named here.",YES_WAVE1
1801121027,RISE-NEURO-0240,University of South Florida Morsani Program - Adult Neurology Residency,FL,Alfred Frontera,MD,Program Director; Professor; Vice Chair,"Epilepsy, EEG & Sleep Medicine",,,,,,,,,RESEARCHED_NOT_PUBLIC,HIGH,https://health.usf.edu/medicine/neurology/residency/faculty/,,"Research complete - the residency's Faculty page names only four core faculty and eight affiliated faculty, and the department's 55-person directory mixes physicians with nurse practitioners and physician assistants without publishing anyone's training history. No ACGME core-faculty roster is published, so this list is a documented subset and not a complete core faculty.",YES_WAVE3
1801121027,RISE-NEURO-0240,University of South Florida Morsani Program - Adult Neurology Residency,FL,Rebecca Hurst,MD,"Associate/Assistant Program Director; Associate Professor; Chief of Neurology; Division Director, Neurohospitalist, TGH","General Neurology, Neuromuscular Medicine & EMG",,,,,,,,,RESEARCHED_NOT_PUBLIC,HIGH,https://health.usf.edu/medicine/neurology/residency/faculty/,,"Research complete - the residency's Faculty page names only four core faculty and eight affiliated faculty, and the department's 55-person directory mixes physicians with nurse practitioners and physician assistants without publishing anyone's training history. No ACGME core-faculty roster is published, so this list is a documented subset and not a complete core faculty.",YES_WAVE3
1801121027,RISE-NEURO-0240,University of South Florida Morsani Program - Adult Neurology Residency,FL,Derrick Robertson,MD,"Associate Program Director; Professor; Vice Chair; Director, MS Division; PD, MS Fellowship",Multiple Sclerosis / Neuroimmunology,,,Completed the USF MS Fellowship (listed among its Past Fellows),,,,,,RESEARCHED_NOT_PUBLIC,HIGH,https://health.usf.edu/medicine/neurology/residency/faculty/,,"Research complete - the residency's Faculty page names only four core faculty and eight affiliated faculty, and the department's 55-person directory mixes physicians with nurse practitioners and physician assistants without publishing anyone's training history. No ACGME core-faculty roster is published, so this list is a documented subset and not a complete core faculty.",YES_WAVE3
1801121027,RISE-NEURO-0240,University of South Florida Morsani Program - Adult Neurology Residency,FL,Mark Armanious,MD,Core Faculty; Assistant Professor,"Neuromuscular Medicine & EMG, Pain, Headache Medicine",,,,,,,,,RESEARCHED_NOT_PUBLIC,HIGH,https://health.usf.edu/medicine/neurology/residency/faculty/,,"Research complete - the residency's Faculty page names only four core faculty and eight affiliated faculty, and the department's 55-person directory mixes physicians with nurse practitioners and physician assistants without publishing anyone's training history. No ACGME core-faculty roster is published, so this list is a documented subset and not a complete core faculty.",YES_WAVE3
1801121027,RISE-NEURO-0240,University of South Florida Morsani Program - Adult Neurology Residency,FL,Kanita Beba Abadal,MD,"Affiliated Faculty; Assistant Professor; Associate PD, Vascular Neurology Fellowship",Vascular Neurology,,,,,,,,,RESEARCHED_NOT_PUBLIC,HIGH,https://health.usf.edu/medicine/neurology/residency/faculty/,,"Research complete - the residency's Faculty page names only four core faculty and eight affiliated faculty, and the department's 55-person directory mixes physicians with nurse practitioners and physician assistants without publishing anyone's training history. No ACGME core-faculty roster is published, so this list is a documented subset and not a complete core faculty.",YES_WAVE3
1801121027,RISE-NEURO-0240,University of South Florida Morsani Program - Adult Neurology Residency,FL,Rossitza Chichkova,MD,"Affiliated Faculty; Professor; Vice Chair of Education; Director, Neurology Clerkship","General Neurology, Neuromuscular Medicine & EMG",,,,,,,,,RESEARCHED_NOT_PUBLIC,HIGH,https://health.usf.edu/medicine/neurology/residency/faculty/,,"Research complete - the residency's Faculty page names only four core faculty and eight affiliated faculty, and the department's 55-person directory mixes physicians with nurse practitioners and physician assistants without publishing anyone's training history. No ACGME core-faculty roster is published, so this list is a documented subset and not a complete core faculty.",YES_WAVE3
1801121027,RISE-NEURO-0240,University of South Florida Morsani Program - Adult Neurology Residency,FL,John Ciotti,MD,"Affiliated Faculty; Assistant Professor; Assistant PD, MS Fellowship",Multiple Sclerosis,,Barnes-Jewish Hospital/Washington University,"Neuroimmunology, Barnes-Jewish Hospital/Washington University",False,,,,False,RESEARCHED_NOT_PUBLIC,HIGH,https://www.getcare.health.usf.edu/providers/john-ciotti-1992186985,,"Research complete - the residency's Faculty page names only four core faculty and eight affiliated faculty, and the department's 55-person directory mixes physicians with nurse practitioners and physician assistants without publishing anyone's training history. No ACGME core-faculty roster is published, so this list is a documented subset and not a complete core faculty.",YES_WAVE3
1801121027,RISE-NEURO-0240,University of South Florida Morsani Program - Adult Neurology Residency,FL,Natalie Moreo,MD,"Affiliated Faculty; Assistant Professor; Associate PD, MS Fellowship",Multiple Sclerosis,,,Completed the USF MS Fellowship (listed among its Past Fellows),,,,,,RESEARCHED_NOT_PUBLIC,HIGH,https://health.usf.edu/medicine/neurology/residency/faculty/,,"Research complete - the residency's Faculty page names only four core faculty and eight affiliated faculty, and the department's 55-person directory mixes physicians with nurse practitioners and physician assistants without publishing anyone's training history. No ACGME core-faculty roster is published, so this list is a documented subset and not a complete core faculty.",YES_WAVE3
1801121027,RISE-NEURO-0240,University of South Florida Morsani Program - Adult Neurology Residency,FL,Angelica Rivera Cruz,MD,"Affiliated Faculty; Assistant Professor; Associate Director, Clinical Neurophysiology Program","Epilepsy, EEG & Sleep Medicine",,,,,,,,,RESEARCHED_NOT_PUBLIC,HIGH,https://health.usf.edu/medicine/neurology/residency/faculty/,,"Research complete - the residency's Faculty page names only four core faculty and eight affiliated faculty, and the department's 55-person directory mixes physicians with nurse practitioners and physician assistants without publishing anyone's training history. No ACGME core-faculty roster is published, so this list is a documented subset and not a complete core faculty.",YES_WAVE3
1801121027,RISE-NEURO-0240,University of South Florida Morsani Program - Adult Neurology Residency,FL,Jose Rodriguez,MD,Affiliated Faculty; Assistant Professor,Headache & Pain Medicine,,,,,,,,,RESEARCHED_NOT_PUBLIC,HIGH,https://health.usf.edu/medicine/neurology/residency/faculty/,,"Research complete - the residency's Faculty page names only four core faculty and eight affiliated faculty, and the department's 55-person directory mixes physicians with nurse practitioners and physician assistants without publishing anyone's training history. No ACGME core-faculty roster is published, so this list is a documented subset and not a complete core faculty.",YES_WAVE3
1801121027,RISE-NEURO-0240,University of South Florida Morsani Program - Adult Neurology Residency,FL,Kyle Wuthrich,,Affiliated Faculty; Assistant Professor,Neuromuscular Medicine,,,,,,,,,RESEARCHED_NOT_PUBLIC,HIGH,https://health.usf.edu/medicine/neurology/residency/faculty/,,"Research complete - the residency's Faculty page names only four core faculty and eight affiliated faculty, and the department's 55-person directory mixes physicians with nurse practitioners and physician assistants without publishing anyone's training history. No ACGME core-faculty roster is published, so this list is a documented subset and not a complete core faculty.",YES_WAVE3
1801121027,RISE-NEURO-0240,University of South Florida Morsani Program - Adult Neurology Residency,FL,Kristen Zemina,,Affiliated Faculty; Assistant Professor,"Epilepsy, EEG & Sleep Medicine",,,,,,,,,RESEARCHED_NOT_PUBLIC,HIGH,https://health.usf.edu/medicine/neurology/residency/faculty/,,"Research complete - the residency's Faculty page names only four core faculty and eight affiliated faculty, and the department's 55-person directory mixes physicians with nurse practitioners and physician assistants without publishing anyone's training history. No ACGME core-faculty roster is published, so this list is a documented subset and not a complete core faculty.",YES_WAVE3
1801121027,RISE-NEURO-0240,University of South Florida Morsani Program - Adult Neurology Residency,FL,Robert Hauser,"MD, MBA","Professor; Director, USF Health Parkinson's Disease and Movement Disorders Center",Movement Disorders,,Eastern Virginia Graduate School of Medicine / Norfolk General Hospital,"Movement Disorders, University of South Florida (historical; became Center Director in 1994)",False,FLAGGED WITHOUT DETAIL — the source dossier recorded a boolean rather than a described tie. Treat as UNVERIFIED; do not surface as a Puerto Rico connection without re-checking the faculty profile.,UNVERIFIED_BOOLEAN,,,RESEARCHED_NOT_PUBLIC,HIGH,https://www.getcare.health.usf.edu/providers/robert-hauser-1558384743,,"Research complete - the residency's Faculty page names only four core faculty and eight affiliated faculty, and the department's 55-person directory mixes physicians with nurse practitioners and physician assistants without publishing anyone's training history. No ACGME core-faculty roster is published, so this list is a documented subset and not a complete core faculty.",YES_WAVE3
1801121027,RISE-NEURO-0240,University of South Florida Morsani Program - Adult Neurology Residency,FL,Theresa Zesiewicz,MD,Professor; Research Center Director (USF Health Ataxia Research Center),Movement Disorders / Ataxia,,,,,,,,False,RESEARCHED_NOT_PUBLIC,HIGH,https://www.getcare.health.usf.edu/providers/theresa-zesiewicz-1265455315,,"Research complete - the residency's Faculty page names only four core faculty and eight affiliated faculty, and the department's 55-person directory mixes physicians with nurse practitioners and physician assistants without publishing anyone's training history. No ACGME core-faculty roster is published, so this list is a documented subset and not a complete core faculty.",YES_WAVE3
1801121027,RISE-NEURO-0240,University of South Florida Morsani Program - Adult Neurology Residency,FL,Jennifer Jain,MD,"Assistant Professor; Director, HDSA Center of Excellence at University of South Florida",Movement Disorders / Huntington's Disease,,,,,,,,,RESEARCHED_NOT_PUBLIC,HIGH,https://hdsa.org/hdsacoeusfl/,,"Research complete - the residency's Faculty page names only four core faculty and eight affiliated faculty, and the department's 55-person directory mixes physicians with nurse practitioners and physician assistants without publishing anyone's training history. No ACGME core-faculty roster is published, so this list is a documented subset and not a complete core faculty.",YES_WAVE3
1801121027,RISE-NEURO-0240,University of South Florida Morsani Program - Adult Neurology Residency,FL,Shijie Song,MD,Associate Professor; Research Scientist,Movement Disorders,,,,,,,,,RESEARCHED_NOT_PUBLIC,HIGH,https://health.usf.edu/medicine/neurology/faculty/,,"Research complete - the residency's Faculty page names only four core faculty and eight affiliated faculty, and the department's 55-person directory mixes physicians with nurse practitioners and physician assistants without publishing anyone's training history. No ACGME core-faculty roster is published, so this list is a documented subset and not a complete core faculty.",YES_WAVE3
1801121027,RISE-NEURO-0240,University of South Florida Morsani Program - Adult Neurology Residency,FL,Joseph Staffetti,MD,Parkinson's Disease and Movement Disorders Center physician,Movement Disorders,,,,,,,,,RESEARCHED_NOT_PUBLIC,MEDIUM,https://health.usf.edu/care/neurology/services-specialties/parkinsons,,"Research complete - the residency's Faculty page names only four core faculty and eight affiliated faculty, and the department's 55-person directory mixes physicians with nurse practitioners and physician assistants without publishing anyone's training history. No ACGME core-faculty roster is published, so this list is a documented subset and not a complete core faculty.",YES_WAVE3
1801121027,RISE-NEURO-0240,University of South Florida Morsani Program - Adult Neurology Residency,FL,Clifton Gooch,MD,Professor & Chair; TGH Endowed Chair in Neurology,Neuromuscular Medicine & EMG,,,,,,,,,RESEARCHED_NOT_PUBLIC,HIGH,https://health.usf.edu/medicine/neurology/faculty/,,"Research complete - the residency's Faculty page names only four core faculty and eight affiliated faculty, and the department's 55-person directory mixes physicians with nurse practitioners and physician assistants without publishing anyone's training history. No ACGME core-faculty roster is published, so this list is a documented subset and not a complete core faculty.",YES_WAVE3
1801121027,RISE-NEURO-0240,University of South Florida Morsani Program - Adult Neurology Residency,FL,Selim Benbadis,MD,Professor; Division Director,"Epilepsy, EEG & Sleep Medicine",,,,,,,,,RESEARCHED_NOT_PUBLIC,HIGH,https://health.usf.edu/medicine/neurology/faculty/,,"Research complete - the residency's Faculty page names only four core faculty and eight affiliated faculty, and the department's 55-person directory mixes physicians with nurse practitioners and physician assistants without publishing anyone's training history. No ACGME core-faculty roster is published, so this list is a documented subset and not a complete core faculty.",YES_WAVE3
1801121027,RISE-NEURO-0240,University of South Florida Morsani Program - Adult Neurology Residency,FL,William Scott Burgin,MD,Professor; Division Chief,Vascular Neurology,,,,,,,,,RESEARCHED_NOT_PUBLIC,HIGH,https://health.usf.edu/medicine/neurology/faculty/,,"Research complete - the residency's Faculty page names only four core faculty and eight affiliated faculty, and the department's 55-person directory mixes physicians with nurse practitioners and physician assistants without publishing anyone's training history. No ACGME core-faculty roster is published, so this list is a documented subset and not a complete core faculty.",YES_WAVE3
1801121027,RISE-NEURO-0240,University of South Florida Morsani Program - Adult Neurology Residency,FL,Swetha Renati,MD,"Associate Professor; Director, Vascular Neurology Fellowship",Vascular Neurology,,,,,,,,,RESEARCHED_NOT_PUBLIC,HIGH,https://health.usf.edu/medicine/neurology/faculty/,,"Research complete - the residency's Faculty page names only four core faculty and eight affiliated faculty, and the department's 55-person directory mixes physicians with nurse practitioners and physician assistants without publishing anyone's training history. No ACGME core-faculty roster is published, so this list is a documented subset and not a complete core faculty.",YES_WAVE3
1801121027,RISE-NEURO-0240,University of South Florida Morsani Program - Adult Neurology Residency,FL,David Z. Rose,MD,"Associate Professor; Co-Director, Neurosciences-ICU, Tampa General Hospital",Vascular Neurology,,,,,,,,,RESEARCHED_NOT_PUBLIC,HIGH,https://health.usf.edu/medicine/neurology/faculty/,,"Research complete - the residency's Faculty page names only four core faculty and eight affiliated faculty, and the department's 55-person directory mixes physicians with nurse practitioners and physician assistants without publishing anyone's training history. No ACGME core-faculty roster is published, so this list is a documented subset and not a complete core faculty.",YES_WAVE3
1801121027,RISE-NEURO-0240,University of South Florida Morsani Program - Adult Neurology Residency,FL,Maxim Mokin,"MD, PhD",Assistant Professor,Vascular Neurology,,,,,,,,,RESEARCHED_NOT_PUBLIC,HIGH,https://health.usf.edu/medicine/neurology/faculty/,,"Research complete - the residency's Faculty page names only four core faculty and eight affiliated faculty, and the department's 55-person directory mixes physicians with nurse practitioners and physician assistants without publishing anyone's training history. No ACGME core-faculty roster is published, so this list is a documented subset and not a complete core faculty.",YES_WAVE3
1801121027,RISE-NEURO-0240,University of South Florida Morsani Program - Adult Neurology Residency,FL,Tuan Vu,MD,"Professor; Division Director; PD, Clinical Neurophysiology Fellowship",Neuromuscular Medicine & EMG,,,,,,,,,RESEARCHED_NOT_PUBLIC,HIGH,https://health.usf.edu/medicine/neurology/faculty/,,"Research complete - the residency's Faculty page names only four core faculty and eight affiliated faculty, and the department's 55-person directory mixes physicians with nurse practitioners and physician assistants without publishing anyone's training history. No ACGME core-faculty roster is published, so this list is a documented subset and not a complete core faculty.",YES_WAVE3
1801121027,RISE-NEURO-0240,University of South Florida Morsani Program - Adult Neurology Residency,FL,Charles Brock,MD,"Professor & Service Chief, James A. Haley Veterans Hospital; PD, Pain Medicine Fellowship",Pain Medicine & Multiple Sclerosis,,,,,,,,,RESEARCHED_NOT_PUBLIC,HIGH,https://health.usf.edu/medicine/neurology/faculty/,,"Research complete - the residency's Faculty page names only four core faculty and eight affiliated faculty, and the department's 55-person directory mixes physicians with nurse practitioners and physician assistants without publishing anyone's training history. No ACGME core-faculty roster is published, so this list is a documented subset and not a complete core faculty.",YES_WAVE3
1801121027,RISE-NEURO-0240,University of South Florida Morsani Program - Adult Neurology Residency,FL,Melissa Ann Moore,MD,"Assistant Professor; PD, Headache Medicine Fellowship",Headache & Pain Medicine,,,,,,,,,RESEARCHED_NOT_PUBLIC,HIGH,https://health.usf.edu/medicine/neurology/faculty/,,"Research complete - the residency's Faculty page names only four core faculty and eight affiliated faculty, and the department's 55-person directory mixes physicians with nurse practitioners and physician assistants without publishing anyone's training history. No ACGME core-faculty roster is published, so this list is a documented subset and not a complete core faculty.",YES_WAVE3
1801121027,RISE-NEURO-0240,University of South Florida Morsani Program - Adult Neurology Residency,FL,Janice Maldonado,MD,Associate Professor,"Multiple Sclerosis, Pain & Headache Medicine",,,,,,,,,RESEARCHED_NOT_PUBLIC,HIGH,https://health.usf.edu/medicine/neurology/faculty/,,"Research complete - the residency's Faculty page names only four core faculty and eight affiliated faculty, and the department's 55-person directory mixes physicians with nurse practitioners and physician assistants without publishing anyone's training history. No ACGME core-faculty roster is published, so this list is a documented subset and not a complete core faculty.",YES_WAVE3
1801121027,RISE-NEURO-0240,University of South Florida Morsani Program - Adult Neurology Residency,FL,Aisha Elfasi,,Assistant Professor,Multiple Sclerosis,,,,,,,,,RESEARCHED_NOT_PUBLIC,HIGH,https://health.usf.edu/medicine/neurology/faculty/,,"Research complete - the residency's Faculty page names only four core faculty and eight affiliated faculty, and the department's 55-person directory mixes physicians with nurse practitioners and physician assistants without publishing anyone's training history. No ACGME core-faculty roster is published, so this list is a documented subset and not a complete core faculty.",YES_WAVE3
1801121027,RISE-NEURO-0240,University of South Florida Morsani Program - Adult Neurology Residency,FL,Kevin T. White,MD,"Assistant Professor; PD, Spinal Cord Injury Medicine Fellowship",Spinal Cord Injury & EMG,,,,,,,,,RESEARCHED_NOT_PUBLIC,HIGH,https://health.usf.edu/medicine/neurology/fellowships/,,"Research complete - the residency's Faculty page names only four core faculty and eight affiliated faculty, and the department's 55-person directory mixes physicians with nurse practitioners and physician assistants without publishing anyone's training history. No ACGME core-faculty roster is published, so this list is a documented subset and not a complete core faculty.",YES_WAVE3
1801122152,RISE-NEURO-0030,Cleveland Clinic Foundation/Florida Weston Program (self-described as the Cleveland Clinic Florida Neurology Residency Program),FL,Tarannum S. Khan,MD,"Staff neurologist, Cleveland Clinic Florida (since 2006); leads the multidisciplinary Parkinson's disease clinics",Movement Disorders Neurology; headache,,Cleveland Clinic Florida (2003),Cleveland Clinic Florida — movement disorder and research fellowships (2005),True,,,,False,PARTIALLY_VERIFIED,HIGH,https://providers.clevelandclinic.org/provider/tarannum-khan/4270334,,"Research complete · The program publishes a complete named team roster but publishes no subspecialties, no training histories and no designated ACGME core-faculty list. Subspecialty and training detail for 14 of the 19 Weston names was reconstructed from Cleveland Clinic's own provider directory; six names on the team list were not individually verified.",YES_WAVE2
1801122152,RISE-NEURO-0030,Cleveland Clinic Foundation/Florida Weston Program (self-described as the Cleveland Clinic Florida Neurology Residency Program),FL,Ramon Lugo-Sanchez,MD,Staff,Movement Disorders Neurology,,Cleveland Clinic Florida (2009),Cleveland Clinic Florida (2011),True,"Ponce School of Medicine, Puerto Rico (2005); internship at Hospital Episcopal San Lucas, Ponce, Puerto Rico (2006)",INSTITUTIONAL,Ponce Health Sciences University,True,PARTIALLY_VERIFIED,HIGH,https://providers.clevelandclinic.org/provider/ramon-lugo-sanchez/4270406,,"Research complete · The program publishes a complete named team roster but publishes no subspecialties, no training histories and no designated ACGME core-faculty list. Subspecialty and training detail for 14 of the 19 Weston names was reconstructed from Cleveland Clinic's own provider directory; six names on the team list were not individually verified.",YES_WAVE2
1801122152,RISE-NEURO-0030,Cleveland Clinic Foundation/Florida Weston Program (self-described as the Cleveland Clinic Florida Neurology Residency Program),FL,Paunel Agyei,MD,Staff / Associate Staff neurologist,Multiple Sclerosis and Neuroimmunology; NMOSD; MOGAD; other neuroinflammatory conditions,,"McGovern Medical School, UTHealth Houston (2021)",UTHealth Houston — two-year multiple sclerosis and neuroimmunology fellowship (2023),False,,,,False,PARTIALLY_VERIFIED,HIGH,https://providers.clevelandclinic.org/provider/paunel-agyei/4270344,,"Research complete · The program publishes a complete named team roster but publishes no subspecialties, no training histories and no designated ACGME core-faculty list. Subspecialty and training detail for 14 of the 19 Weston names was reconstructed from Cleveland Clinic's own provider directory; six names on the team list were not individually verified.",YES_WAVE2
1801122152,RISE-NEURO-0030,Cleveland Clinic Foundation/Florida Weston Program (self-described as the Cleveland Clinic Florida Neurology Residency Program),FL,Efrain D. Salgado,MD,Staff (program page); his own biography states Director of the Neurology Residency Training Program and Director of the Stroke Center and Neurosonology Laboratory,Vascular Neurology / Stroke; Neurosonology,,Cleveland Clinic (1986),Cleveland Clinic (1985),False,Universidad Central del Caribe School of Medicine (1981) — Alejandra's own medical school,INSTITUTIONAL,Universidad Central del Caribe,True,PARTIALLY_VERIFIED,HIGH,https://providers.clevelandclinic.org/provider/efrain-salgado/4339045,,"Research complete · The program publishes a complete named team roster but publishes no subspecialties, no training histories and no designated ACGME core-faculty list. Subspecialty and training detail for 14 of the 19 Weston names was reconstructed from Cleveland Clinic's own provider directory; six names on the team list were not individually verified.",YES_WAVE2
1801122152,RISE-NEURO-0030,Cleveland Clinic Foundation/Florida Weston Program (self-described as the Cleveland Clinic Florida Neurology Residency Program),FL,Adriana Rodriguez,MD,Staff,Epilepsy Neurology,,Loyola University Medical Center (2006),Loyola University Medical Center / Ronald McDonald Children's Hospital (2007),False,University of Puerto Rico School of Medicine (2002),INSTITUTIONAL,University of Puerto Rico,True,PARTIALLY_VERIFIED,HIGH,https://providers.clevelandclinic.org/provider/adriana-rodriguez/4270386,,"Research complete · The program publishes a complete named team roster but publishes no subspecialties, no training histories and no designated ACGME core-faculty list. Subspecialty and training detail for 14 of the 19 Weston names was reconstructed from Cleveland Clinic's own provider directory; six names on the team list were not individually verified.",YES_WAVE2
1801122152,RISE-NEURO-0030,Cleveland Clinic Foundation/Florida Weston Program (self-described as the Cleveland Clinic Florida Neurology Residency Program),FL,Claudia Vallin,DO,Associate Program Director,Epilepsy Neurology,,Cleveland Clinic Florida — prelim internal medicine (2019) and neurology (2022),"Cleveland Clinic (2023, 2024)",True,,,,True,PARTIALLY_VERIFIED,HIGH,https://providers.clevelandclinic.org/provider/claudia-vallin/4267549,,"Research complete · The program publishes a complete named team roster but publishes no subspecialties, no training histories and no designated ACGME core-faculty list. Subspecialty and training detail for 14 of the 19 Weston names was reconstructed from Cleveland Clinic's own provider directory; six names on the team list were not individually verified.",YES_WAVE2
1801122152,RISE-NEURO-0030,Cleveland Clinic Foundation/Florida Weston Program (self-described as the Cleveland Clinic Florida Neurology Residency Program),FL,Samer Riaz,DO,Staff; Co-Medical Director of the Cleveland Clinic Florida Epilepsy Center per NAEC's own listing,Epilepsy Neurology,,Cleveland Clinic Florida (2019),"Cleveland Clinic (2020, 2021)",True,,,,False,PARTIALLY_VERIFIED,HIGH,https://providers.clevelandclinic.org/provider/samer-riaz/4267616,,"Research complete · The program publishes a complete named team roster but publishes no subspecialties, no training histories and no designated ACGME core-faculty list. Subspecialty and training detail for 14 of the 19 Weston names was reconstructed from Cleveland Clinic's own provider directory; six names on the team list were not individually verified.",YES_WAVE2
1801122152,RISE-NEURO-0030,Cleveland Clinic Foundation/Florida Weston Program (self-described as the Cleveland Clinic Florida Neurology Residency Program),FL,Anam Baig,DO,Associate Staff,Headache Medicine,,Cleveland Clinic Florida (2020),Cleveland Clinic (2021),True,,,,False,PARTIALLY_VERIFIED,HIGH,https://providers.clevelandclinic.org/provider/anam-baig/4267599,,"Research complete · The program publishes a complete named team roster but publishes no subspecialties, no training histories and no designated ACGME core-faculty list. Subspecialty and training detail for 14 of the 19 Weston names was reconstructed from Cleveland Clinic's own provider directory; six names on the team list were not individually verified.",YES_WAVE2
1801122152,RISE-NEURO-0030,Cleveland Clinic Foundation/Florida Weston Program (self-described as the Cleveland Clinic Florida Neurology Residency Program),FL,Ahmed Koriesh,MD,Associate Staff,Neurohospitalist; Vascular Neurology,,"Oklahoma University Health Sciences Center (2018); Mansoura University, Egypt (2012)",Mayo Clinic (2023),False,,,,False,PARTIALLY_VERIFIED,HIGH,https://providers.clevelandclinic.org/provider/ahmed-koriesh/4270364,,"Research complete · The program publishes a complete named team roster but publishes no subspecialties, no training histories and no designated ACGME core-faculty list. Subspecialty and training detail for 14 of the 19 Weston names was reconstructed from Cleveland Clinic's own provider directory; six names on the team list were not individually verified.",YES_WAVE2
1801122152,RISE-NEURO-0030,Cleveland Clinic Foundation/Florida Weston Program (self-described as the Cleveland Clinic Florida Neurology Residency Program),FL,Deepak Kalra,"MD, MBBS",Staff,Aging and Dementia; cognitive neurology,,McGaw Medical Center of Northwestern University (2013); Barrow Neurological Institute (2015),Cleveland Clinic Neurology (2016),False,,,,False,PARTIALLY_VERIFIED,HIGH,https://providers.clevelandclinic.org/provider/deepak-kalra/4860113,,"Research complete · The program publishes a complete named team roster but publishes no subspecialties, no training histories and no designated ACGME core-faculty list. Subspecialty and training detail for 14 of the 19 Weston names was reconstructed from Cleveland Clinic's own provider directory; six names on the team list were not individually verified.",YES_WAVE2
1801122152,RISE-NEURO-0030,Cleveland Clinic Foundation/Florida Weston Program (self-described as the Cleveland Clinic Florida Neurology Residency Program),FL,Michal Obrzut,MD,Staff,Neurology; Neuroradiology; Stroke; endovascular neurosurgery,,"Yale University School of Medicine (2007, 2008)","Johns Hopkins School of Medicine (2013, 2014) — endovascular neurosurgery",False,,,,False,PARTIALLY_VERIFIED,HIGH,https://providers.clevelandclinic.org/provider/michal-obrzut/4271673,,"Research complete · The program publishes a complete named team roster but publishes no subspecialties, no training histories and no designated ACGME core-faculty list. Subspecialty and training detail for 14 of the 19 Weston names was reconstructed from Cleveland Clinic's own provider directory; six names on the team list were not individually verified.",YES_WAVE2
1801122152,RISE-NEURO-0030,Cleveland Clinic Foundation/Florida Weston Program (self-described as the Cleveland Clinic Florida Neurology Residency Program),FL,Mubashir Pervez,MD,Weston neurology provider (appears in Cleveland Clinic's Weston neurology directory but not on the program page's team list),Interventional Neuroradiology; Neurology,,SUNY Upstate Medical University (2015),"UTHealth Houston (2017); Miami Neuroscience Institute, Baptist Health South Florida (2023)",False,,,,False,PARTIALLY_VERIFIED,MEDIUM,https://providers.clevelandclinic.org/provider/mubashir-pervez/4270342,,"Research complete · The program publishes a complete named team roster but publishes no subspecialties, no training histories and no designated ACGME core-faculty list. Subspecialty and training detail for 14 of the 19 Weston names was reconstructed from Cleveland Clinic's own provider directory; six names on the team list were not individually verified.",YES_WAVE2
1801122152,RISE-NEURO-0030,Cleveland Clinic Foundation/Florida Weston Program (self-described as the Cleveland Clinic Florida Neurology Residency Program),FL,Yolaine Martin Perez,CNP,"Certified nurse practitioner, Movement Disorders Neurology",Movement Disorders Neurology,,,,False,,,,False,PARTIALLY_VERIFIED,MEDIUM,https://providers.clevelandclinic.org/provider/yolaine-martin-perez/4266909,,"Research complete · The program publishes a complete named team roster but publishes no subspecialties, no training histories and no designated ACGME core-faculty list. Subspecialty and training detail for 14 of the 19 Weston names was reconstructed from Cleveland Clinic's own provider directory; six names on the team list were not individually verified.",YES_WAVE2
1801122152,RISE-NEURO-0030,Cleveland Clinic Foundation/Florida Weston Program (self-described as the Cleveland Clinic Florida Neurology Residency Program),FL,Anas Hadeh,MD,"Listed as neurology 'Staff' on the program page, but is a pulmonary and critical care medicine specialist at Weston and director of Cleveland Clinic Florida's Pulmonary and Critical Care Medicine Fell",Pulmonary and Critical Care Medicine — NOT neurology,,,,False,,,,,PARTIALLY_VERIFIED,MEDIUM,https://my.clevelandclinic.org/florida/medical-professionals/education/graduate-medical-education/neurology-residency,,"Research complete · The program publishes a complete named team roster but publishes no subspecialties, no training histories and no designated ACGME core-faculty list. Subspecialty and training detail for 14 of the 19 Weston names was reconstructed from Cleveland Clinic's own provider directory; six names on the team list were not individually verified.",YES_WAVE2
