acgme_id,rise_program_id,program_name,city,state,adversarially_validated,step1_status,step1_summary,step1_absence,step2_required_status,step2_requirement_summary,step2_absence,step2_published_minimum,step2_timing_code,step2_creates_barrier_mid_october,step2_barrier_semantics,step2_barrier_reasoning,step2_determination,comlex_status,comlex_summary,attempts_status,attempts_summary,attempts_absence,yog_status,yog_summary,yog_absence,usce_status,usce_summary,usce_absence,ecfmg_status,ecfmg_summary,ecfmg_absence,visa_status,visa_summary,visa_absence,deadline_status,deadline_summary,deadline_absence,civilian_military_eligibility_barrier,eligibility_note
1804800001,RISE-NEURO-0247,University of Texas at Austin Dell Medical School/Ascension Seton Medical Center Program,Austin,TX,NO,VERIFIED,Step 1 pass required; no numeric minimum published (exam is pass/fail); Step 1 not required for interview per FREIDA; Step 1 transcript to be submitted with ERAS,,VERIFIED,"Published minimum: 'A score of 200 or higher on the first attempt on Step II is preferred' - a preference, not a cutoff. No 230/240 bar published by the program.",,"Published minimum: 'A score of 200 or higher on the first attempt on Step II is preferred' - a preference, not a cutoff. No 230/240 bar published by the program.",NO_PUBLISHED_INITIAL_REVIEW_BARRIER,,"null = no published rule to evaluate, or sources conflict; MUST NOT render as 'no barrier'",No published rule exists to evaluate; a coordinator email is the recommended action.,"The only unambiguous, twice-repeated Step 2 deadline this program publishes is RANK LIST SUBMISSION. Against that, its Application Procedure section lists Step I and Step II transcripts among items to include with ERAS - but that list is immediately qualified by the sentence 'All documentation must be submitted prior to rank list submission', and the FAQ separately confirms 'The application does not need to be complete before submitting to ERAS.' The tiebreaker is independent and recent: in the FREIDA survey the program filed on 21 July 2026, it answered NO to the required-for-interview question for both Step 1 and Step 2 (field_usmle_step1_req_int = false, field_usmle_step2_req_int = false). A further reason to discount the application-stage reading is that the Application Details page is provably stale - it still poses and answers a question about USMLE Step 2 CS, an examination permanently discontinued in January 2021, meaning this page has not been comprehensively revised in roughly five years and its document checklist may predate the current review workflow. APPLIED TO ALEJANDRA'S ACTUAL CALENDAR: she sits Step 2 CK in late September 2026 and her score arrives mid-October 2026. This program accepts applications until October 15, states that all applications are reviewed by October 1, and gives a stated advantage to applications submitted by September 15. Her score will therefore be missing at first review - as it will be at most programs she applies to - and will arrive in the window when interview invitations are just beginning to go out (interviews run virtually on most Tuesdays from late October through December). It will be in hand many weeks before the February rank list deadline. Under this program's published rules that sequence does not exclude her; it doe",VERIFIED,No published attempt limit. First-attempt score preferred; prior failures invited to be explained rather than auto-excluding.,VERIFIED,No published attempt limit. First-attempt score preferred; prior failures invited to be explained rather than auto-excluding.,,CONFLICT,"IMG: 3 years since graduation (program page). FREIDA: 5 years, no graduate-type distinction. Conflict preserved. Non-binding for Alejandra (0 years out).",,VERIFIED,USCE preferred (not required) for IMGs; the binding requirement is >=2 LORs from US/Canadian neurologists; no observerships offered; visiting acting internships welcomed for US students,,VERIFIED,ECFMG certificate required before rank list submission; program must receive it by Jan 15. Not applicable to Alejandra (LCME school). Published IMG definition is silent on Puerto Rico / LCME - flag.,,VERIFIED,"J-1 via ECFMG only; no H-1B; green card or citizenship also accepted; irrelevant to Alejandra (US citizen, LCME school)",,CONFLICT,"Deadline Oct 15; reviewed by Oct 1; apply by Sept 15 for stated advantage. ERAS + NRMP. Neurology = 8 signals in 2027 ERAS. Interviews virtual, Tuesdays late Oct-Dec, ~80/yr for 4 seats. Registry deadline 2025-12-15 is wrong.",,,ACGME 1804800001 / NRMP 1793180C1 / Adult Neurology / 4 yrs categorical / 4 per year / 16 complement / university-based / PD Ethan Meltzer MD / twin program 1804812156 explicitly 'equivalent' and uses the same two sites - apply to both
1804800004,RISE-NEURO-0251,University of Texas Health Science Center at Tyler Program,Tyler,TX,NO,VERIFIED,Step 1 PASS required; no minimum score; no score-based exclusions (explicit program statement); COMLEX Level 1 pass accepted for DOs,,VERIFIED,Step 2 CK / COMLEX Level 2-CE PASS required before rank list; NO published minimum score; no score-based exclusions,,Step 2 CK / COMLEX Level 2-CE PASS required before rank list; NO published minimum score; no score-based exclusions,REQUIRES_STEP2_BEFORE_RANKING,False,"null = no published rule to evaluate, or sources conflict; MUST NOT render as 'no barrier'",A mid-October score arrives before rank-list submission in February.,"UT Tyler Neurology publishes one of the clearest Step 2 timing rules of any program in this cohort, and it is the single most favourable fact in this dossier for Alejandra. The governing sentence, verbatim from the program's own Application page, is: 'Applications will be considered, and interviews offered prior to receiving Step 2 scores, however, successful completion of Step 2 (USMLE or COMLEX) is required before the rank list is submitted.' Taking the four sub-questions separately: (1) REQUIRED WITH ERAS SUBMISSION - NO. The sentence affirmatively contemplates applications arriving without a Step 2 score. (2) REQUIRED BEFORE INITIAL REVIEW - NO. 'Applications will be considered... prior to receiving Step 2 scores' is an explicit statement that the absence of a score does not stop review. (3) REQUIRED BEFORE INTERVIEW INVITATION - NO. 'interviews offered prior to receiving Step 2 scores', reinforced independently by the program's own FREIDA 2026 survey return where field_usmle_step2_req_int = false and field_comlex_lvl2_req_int = false. (4) REQUIRED BEFORE RANKING - YES. 'required before the rank list is submitted.' The program's published cycle calendar makes the operative deadline concrete: 'Rank list entry opens February 1, 2027' with 'Match Day March 19, 2027'. Alejandra sits Step 2 CK in late September 2026 and receives her result in mid-October 2026. Her result therefore arrives roughly two weeks into a virtual interview season that runs 'October to January', and roughly three and a half months before the rank-list window opens. She clears the only barrier with a very large margin, and she is explicitly not disadvantaged at review or invitation while the score is pending. I did NOT infer any of this from minimum-score language: this program publishes no minimum",RESEARCHED_NOT_PUBLIC,"No published attempts limit; not stated by program, GME, or FREIDA",RESEARCHED_NOT_PUBLIC,"No published attempts limit; not stated by program, GME, or FREIDA",Research complete · An exam-attempts policy is not published.,CONFLICT,CONFLICT: program page = no YOG exclusion; FREIDA 2026 survey = 5 years. Moot for Alejandra (YOG 0-1).,,VERIFIED,"USCE not required; 'a plus but not mandatory' for all applicants, 'preferred' for IMGs; no away rotation requirement",,VERIFIED,"ECFMG required ONLY for foreign medical degrees; permanent certificate, not pathway status. Not required for Alejandra (UCC = LCME-accredited US MD). Texas PIT eligibility required of everyone.",,VERIFIED,"J-1 (through ECFMG): YES; F-1: listed in FREIDA 2026 survey; H-1B: NO (explicitly); O-1: NO (explicitly). Not applicable to Alejandra (US MD, LCME).",,PARTIALLY_VERIFIED,No published ERAS deadline (FREIDA deadline fields now null; registry's 2026-12-01 unsupported). Cycle dates: registration opens 2026-09-02; virtual open house 2026-09-28; interviews Oct-Jan (Thu/Fri AM); rank list opens 2027-02-01; Match Day 2027-03-19. Signaling policy: not published.,,,"Adult Neurology (ACGME 180); ADVANCED/PGY-2-entry; 3 accredited neurology years (PGY-2 to PGY-4); 4 seats/yr; approved complement 12; sponsor = UT Health Science Center at Tyler / UT Tyler School of Medicine; new program, first cohort July 2025"
1804800005,RISE-NEURO-0039,"Doctors Hospital At Renaissance, Ltd. Program",Edinburg,TX,NO,PARTIALLY_VERIFIED,"Step 1 pass required for US MD, US DO and IMG applicants. No minimum score published (pass/fail era). Prior-fail policy: PUBLISHED and restrictive - passing on the FIRST attempt is a stated criterion, so a prior Step 1 failure is disqualifying as written.",,PARTIALLY_VERIFIED,Step 2 CK pass REQUIRED for IMG applicants (and DO applicants via USMLE or COMLEX Level 2-CE). NO minimum score published. Note the applicant-type asymmetry: the requirement is affirmatively flagged for IMGs and DOs but left null for US MDs.,,Step 2 CK pass REQUIRED for IMG applicants (and DO applicants via USMLE or COMLEX Level 2-CE). NO minimum score published. Note the applicant-type asymmetry: the requirement is affirmatively flagged f,PUBLISHED_SOURCES_CONFLICT,,"null = no published rule to evaluate, or sources conflict; MUST NOT render as 'no barrier'",Published sources disagree; treat as unresolved.,"CONFLICT between two primary-tier sources; no single published timing rule can be asserted. The program's own website places Step 2 results AT ERAS SUBMISSION: its 'Application and Interview Process' section says 'Documentation submitted through ERAS must include:' and the enumerated list ends with 'Results of USMLE/COMLEX examinations, Steps 1 and 2.' The program's own FREIDA 2026 survey (received 2026-07-21, published 2026-08-20) contradicts this, recording field_usmle_step2_req_int = false ('Step 2 required for interview' = NO) and field_usmle_step_2_required = false, while still flagging field_usmle_img_pass_ck = true (IMG applicants must have PASSED Step 2 CK, timing unstated). Nothing anywhere ties Step 2 to initial application review or to the rank list. Of the five options in the ticket: 'required AT ERAS submission' is supported by the program website; 'no clear published timing' is supported by FREIDA. PRACTICAL GUIDANCE FOR A LATE-SEPTEMBER-2026 CK DATE WITH MID-OCTOBER-2026 RESULTS: the student will NOT have a Step 2 CK score at ERAS submission. Under the website's literal wording that is a problem; under the FREIDA survey it is not, and the score would arrive well before interview season and far before rank lists. Because the two sources cannot be reconciled from public documents, the operative recommendation is to plan to the stricter website wording AND to contact the coordinator (Nicole I. Castaneda, (956) 362-3546) directly to confirm whether an application without a Step 2 score at submission will be reviewed. Note also the separate and independently disqualifying published criterion that USMLE/COMLEX must be passed 'on the first attempt'. Timing was NOT inferred from a score minimum - no minimum score is published for Step 1 or Step 2 (field_usmle_ste",VERIFIED,"First attempt only. No failed USMLE/COMLEX attempts accepted, on any Step/Level, as published. Effectively a maximum of 1 attempt per exam.",VERIFIED,"First attempt only. No failed USMLE/COMLEX attempts accepted, on any Step/Level, as published. Effectively a maximum of 1 attempt per exam.",,VERIFIED,5 years since medical school graduation. Two independent primary sources agree exactly.,,PARTIALLY_VERIFIED,No USCE requirement published. FREIDA gap field affirmatively states 'clinical experience not required'. No US-based letter-writer requirement published. Prior GME not required.,,VERIFIED,"Valid, current ECFMG certificate required for all graduates of medical schools outside the US and Canada. ECFMG is also the J-1 sponsoring body.",,VERIFIED,J-1 (via ECFMG) ONLY. H-1B: not sponsored / not listed. F-1 OPT: not addressed anywhere; no evidence of F-1 OPT use.,,PARTIALLY_VERIFIED,No program-published application deadline; program follows the universal ERAS timeline. No program-level signaling guidance published. Specialty-level: adult Neurology = 8 non-tiered program signals for the 2027 ERAS season (AAMC). Second look offered. 80 interviews conducted for 4 categorical positions in the 2025 season.,,,"Adult Neurology residency, 4 years, ACGME 1804800005, DHR Health (Edinburg, TX). Complement 16; first-year positions 4; actual current residents 6. Two entry tracks: categorical PGY-1 (NRMP 2353180C0, 4 positions) and PGY-2 physician/reserved for applicants with prior GME (NRMP 2353180R0, 2 positions). Brand-new program; inaugural cohort began July 2026. Official program URL: https://dhrhealth.com/education/graduate-medical-education/neurology-residency-program"
1804800006,RISE-NEURO-0010,Baylor University Medical Center Program,Dallas,TX,NO,PARTIALLY_VERIFIED,Step 1 pass required; no numeric minimum published (Step 1 is pass/fail); COMLEX Level 1 accepted for DOs,,VERIFIED,No published minimum Step 2 CK score; no published score band from any authoritative source,,No published minimum Step 2 CK score; no published score band from any authoritative source,PUBLISHED_SOURCES_CONFLICT,,"null = no published rule to evaluate, or sources conflict; MUST NOT render as 'no barrier'",Published sources disagree; treat as unresolved.,"The program has published two mutually inconsistent statements about when a Step 2 CK score must exist, and this is the single most consequential unresolved fact in this dossier for Alejandra Camille Baez Rivera. On the one hand, the official residency page at bswhealth.com lists, under 'Applications requirements -- In addition to the application, please submit:', the line 'USMLE scores (Step 1 and 2 mandatory) or COMLEX scores (Level 1 and 2 mandatory)', in the same enumerated list as the medical school transcript, the three letters of recommendation, the dean's letter and the photograph. Every other item in that list is something an applicant transmits at the moment of ERAS submission, so the natural reading is that a Step 2 CK score is expected in the submitted application. On the other hand, the program itself completed the FREIDA survey received on 2026-07-21 -- twelve days after the registry snapshot was taken, and the freshest program-authored statement available anywhere -- and answered FALSE to field_usmle_step2_req_int, the item that asks specifically whether USMLE Step 2 is required for interview consideration, and FALSE to the parallel COMLEX Level 2 item, while answering TRUE only to field_usmle_us_md_pass_ck and field_usmle_img_pass_ck, which ask whether the score must eventually be a PASS. No minimum score is published (field_usmle_step_2_minimum_score is null), so per the contract no timing inference was drawn from score language -- there is none to draw from. There is no applicant FAQ, no GME application-requirements page (the hiring-policies page is silent on USMLE entirely), no published application deadline (field_application_period and field_latest_date_current_year are both null), and no supplemental ERAS application (field_nxt_supplement = false) ",RESEARCHED_NOT_PUBLIC,"No published attempts limit (searched program page, GME hiring policies, full FREIDA survey)",RESEARCHED_NOT_PUBLIC,"No published attempts limit (searched program page, GME hiring policies, full FREIDA survey)",Research complete · An exam-attempts policy is not published.,PARTIALLY_VERIFIED,5 years since graduation (FREIDA 2026 survey); not restated on program or GME pages,,PARTIALLY_VERIFIED,No USCE requirement published; away rotations not required; program accepts clinical experience obtained in or outside the US,,NOT_APPLICABLE,ECFMG required for IMGs prior to appointment; NOT_APPLICABLE to Alejandra (LCME/US MD graduate),,VERIFIED,"J-1 through ECFMG only; H-1B explicitly NOT sponsored; green card accepted; ECFMG certificate required prior to appointment. Not applicable to Alejandra (US citizen, LCME graduate).",,PARTIALLY_VERIFIED,"ERAS + NRMP Main Match; no published deadline; 3-4 LORs incl. faculty letter + dean's letter; no supplemental app; Neurology = 8 ERAS signals for the 2027 season; interviews 2026-10-01 to 2027-01-31, IN PERSON",,,"Baylor University Medical Center Program (Adult Neurology), Dallas TX; 4-yr categorical; 4/yr; complement 16; Texas A&M HSC COM Dallas Campus affiliate; community-based university affiliated"
1804800167,RISE-NEURO-0009,Baylor Scott & White Medical Center - Baylor College of Medicine (Temple) Program,Temple,TX,NO,VERIFIED,Step 1 pass required; no minimum score published; not required for interview; COMLEX accepted for DOs without USMLE,,VERIFIED,No published minimum Step 2 CK / COMLEX Level 2 score; passing result required by hire date,,No published minimum Step 2 CK / COMLEX Level 2 score; passing result required by hire date,NO_PUBLISHED_INITIAL_REVIEW_BARRIER,,"null = no published rule to evaluate, or sources conflict; MUST NOT render as 'no barrier'",No published rule exists to evaluate; a coordinator email is the recommended action.,"Alejandra sits Step 2 CK in late September 2026 and her score arrives mid-October 2026. Against that calendar, this program's published posture is favourable and, unusually, it is answered by a purpose-built field rather than left to inference. FREIDA's survey for ACGME 1804800167, received 2026-06-30 and published 2026-08-20, sets field_usmle_step2_req_int = false — Step 2 is NOT required for an interview — with field_usmle_step1_req_int = false, field_comlex_lvl1_req_int = false and field_comlex_lvl2_req_int = false agreeing, and field_usmle_step_2_required = false with field_usmle_step_2_minimum_score = null confirming that no score threshold exists either. Taking the five sub-questions in turn. REQUIRED WITH ERAS SUBMISSION: no source states that a Step 2 CK score must exist at submission. The only counter-signal anywhere is the program page's applicant checklist, which asks eligible candidates to provide 'USMLE or COMLEX transcripts for parts I and II'; that is a document list rather than a dated gate, it does not say a score must be available on the submission date, and it sits against a newer, explicit FREIDA answer to the interview question. I preserve it as a conflict rather than resolving it away. REQUIRED BEFORE INITIAL REVIEW: genuinely unpublished. The program publishes no applicant FAQ, no screening criteria and no description of its review sequence; the BSWH GME application-requirements material is limited to eligibility categories and does not address review order. That silence is recorded as unpublished and is NOT translated into 'not required'. REQUIRED BEFORE INTERVIEW INVITATION: explicitly NO, per field_usmle_step2_req_int = false. REQUIRED BEFORE RANKING: no ranking gate is published. The only hard, dated institutional requirement anywhere is the T",RESEARCHED_NOT_PUBLIC,"No published attempts limit; not addressed by program, GME office, handbook, or FREIDA",RESEARCHED_NOT_PUBLIC,"No published attempts limit; not addressed by program, GME office, handbook, or FREIDA",Research complete · An exam-attempts policy is not published.,VERIFIED,6 years since graduation; gap acceptable if research/medical-education; no prior GME required,,VERIFIED,No USCE requirement; no required away rotations; clinical experience explicitly not required to fill a gap,,NOT_APPLICABLE,Not applicable — UCC is LCME-accredited; BSWH scopes ECFMG to non-LCME graduates explicitly; no Puerto Rico ambiguity in BSWH language,,CONFLICT,"J-1 via ECFMG only in practice; H-1B publicly stated as not sponsored, but handbook allows a rare DIO-approved exception; not applicable to this applicant",,PARTIALLY_VERIFIED,"Deadline 2026-09-30; interviews 2026-10-15 to 2027-01-15, IN PERSON only; 60 interviews for 6 positions; 3-4 LORs incl. a faculty letter; no supplemental app; open house offered; program-level signaling posture unpublished",,,ACGME 1804800167; 4-year categorical Adult Neurology; 6 positions/yr; community-based university-affiliated; BSW Medical Center - Temple; NRMP 1725180C0
1804800168,RISE-NEURO-0166,Texas Tech University HSC El Paso Program,El Paso,TX,NO,PARTIALLY_VERIFIED,No published Step 1 minimum; Step 1 pass required in practice; archived program page stated a PREFERENCE for first-attempt passes with 'a score of 220 or more' (Step 1 and 2 jointly); FREIDA 2026 min score null,,CONFLICT,No published Step 2 CK minimum score; requirement status contradictory (FREIDA 2026 = not required; FREIDA 2025/registry = required for IMGs; program document list implies Step 2 scores at submission); soft preference of 220+ with first-attempt passes on an archived program page,,No published Step 2 CK minimum score; requirement status contradictory (FREIDA 2026 = not required; FREIDA 2025/registry = required for IMGs; program document list implies Step 2 scores at submission),PUBLISHED_SOURCES_CONFLICT,,"null = no published rule to evaluate, or sources conflict; MUST NOT render as 'no barrier'",Published sources disagree; treat as unresolved.,"The sources genuinely conflict and no single reading reconciles them, so this is coded PUBLISHED SOURCES CONFLICT rather than being resolved by preference. The conflict is three-way. First, the program's own required-document list asks for Step 2 CK scores at ERAS submission, while the same pages exempt two of the three exams in that very list from submission - the list is boilerplate, not policy. Second, the only deadline-bearing Step 2 sentence the program has ever published ('must be completed before the ranking') is written for Step 2 CS, an examination that has not existed since January 2021; the program has not updated it, so it is impossible to say from published text whether the before-ranking rule now attaches to Step 2 CK, to nothing, or was simply never revisited. Third, FREIDA's most recent survey (received 2026-06-15) marks Step 2 not required for any applicant category, reversing the prior year's survey which required it of IMGs - and a survey checkbox left false is not an affirmative published policy either way. WHAT THIS MEANS FOR ALEJANDRA, CONCRETELY. Her Step 2 CK score arrives mid-October 2026. This program's published calendar is unusually accommodating: the deadline is December 1, review begins in early October rather than the specialty's 23 September, and the interview window runs from mid-October to mid-January (archived: early February). A mid-October score therefore lands at or just after the start of this program's review and well before the close of its interview window and long before its deadline - a materially better fit than at programs that review from 23 September and release interviews in early October. There is no published sentence that would block her application from being reviewed or from receiving an interview invitation without ",VERIFIED,Up to 2 attempts on any USMLE Step considered; >2 attempts on any Step = discouraged from applying (not an absolute bar); first-attempt passes preferred,VERIFIED,Up to 2 attempts on any USMLE Step considered; >2 attempts on any Step = discouraged from applying (not an absolute bar); first-attempt passes preferred,,VERIFIED,"5 years maximum between medical school graduation and residency start; program states it will not interview beyond that; acceptable gap activity = research or other medical education, clinical experience not required",,VERIFIED,No published USCE requirement; away rotations not required; previous GME not required; gap may be filled by research/medical education with clinical experience explicitly not required,,VERIFIED,ECFMG certificate + medical diploma required of IMGs only; notarized professional translation required for non-English diplomas; Texas Medical Board Physician-in-Training Permit and institutional credentialing required of all residents,,CONFLICT,J-1 via ECFMG only per program; H-1B not sponsored; institutional GME page states no employment-visa sponsorship and excludes applicants on student/postgraduate visas; FREIDA 2026 visa field blank,,CONFLICT,"Deadline December 1; review begins early October; interviews mid-October to mid-January (archived: to early February); 3-4 LORs, PD letter preferred; NO published program signaling policy; specialty allows 8 adult-neurology signals; 50 interviews for 4 positions in 2025",,,"Adult Neurology, university-based, ACGME 1804800168, NRMP 1710180C0, 4-year categorical, 4 PGY-1 positions/yr, 16 approved complement, TTUHSC El Paso / Paul L. Foster SOM, institution 480550"
1804800169,RISE-NEURO-0254,University of Texas Rio Grande Valley Program,Harlingen,TX,NO,PARTIALLY_VERIFIED,"Step 1 pass required for US MD and IMG applicants. A numeric threshold of '220 or above' is published as a 'Competitive Trait'. Step 1 has been pass/fail since January 2022, so the published 220 figure is a legacy numeric standard and should be read as a listed competitive trait, not an enforceable current cutoff. DOs may satisfy this with COMLEX Level 1 instead (FREIDA). NO published policy on prior Step 1 failures/attempts.",,VERIFIED,Step 2 CK is REQUIRED (a passing result is mandatory before the program submits its rank list). Published minimum score: USMLE Step 2 CK 220 or above; COMLEX Level 2 500 or above. COMLEX Level 2 is an accepted substitute for DO applicants.,,Step 2 CK is REQUIRED (a passing result is mandatory before the program submits its rank list). Published minimum score: USMLE Step 2 CK 220 or above; COMLEX Level 2 500 or above. COMLEX Level 2 is an,PUBLISHED_SOURCES_CONFLICT,,"null = no published rule to evaluate, or sources conflict; MUST NOT render as 'no barrier'",Published sources disagree; treat as unresolved.,"REQUIRED BEFORE RANK LIST. The program publishes an explicit timing statement, verbatim: 'Applications will be considered, and interviews offered prior to receiving Step 2 scores. However, successful completion of Step 2 (USMLE or COMLEX) is required before ranking.' Mapped to the ticket's five options: NOT required at ERAS submission; NOT required before initial application review; NOT required before interview invitation; REQUIRED before rank list; timing IS clearly published. APPLIED TO THE STUDENT: she sits Step 2 CK in late September 2026 with results expected mid-October 2026. Results in mid-October land before interview season opens (the program's published window for virtual interviews is October-January) and roughly four to five months before rank lists are due in March 2027. Under the program's stated policy her timeline is comfortably compliant, and she is explicitly eligible for application review and interview offers before her score exists. TWO IMPORTANT CAVEATS, both preserved rather than resolved. (1) FREIDA (Last Updated 8/20/2026, survey received 6/23/2026) files 'Must Have Passed USMLE Step 2 CK: Yes' under the heading 'Medical Exam Licensing Requirements FOR INTERVIEW CONSIDERATION' for both U.S. MD and IMG applicants. Read literally that would move the requirement earlier, to before an interview offer. The program's own prose is specific, recent enough to reference 'the 2026 application season', and directly on point, so it is preferred -- but an applicant should not assume the FREIDA entry is merely a form artifact without confirming. (2) IMG-SPECIFIC: the program separately requires a PERMANENT ECFMG certificate as an ERAS attachment, and permanent ECFMG certification itself requires a passing Step 2 CK. For an IMG applicant that requirement binds",RESEARCHED_NOT_PUBLIC,No published limit on USMLE/COMLEX attempts at either program or institutional level. Applicants with prior attempts must contact the program (neuro.residency@utrgv.edu) directly.,RESEARCHED_NOT_PUBLIC,No published limit on USMLE/COMLEX attempts at either program or institutional level. Applicants with prior attempts must contact the program (neuro.residency@utrgv.edu) directly.,Research complete · An exam-attempts policy is not published.,CONFLICT,"Program website: 3 years max since graduation, extendable if in a research program within the last 2 years. FREIDA (more recent survey, 6/23/2026): 5 years. Plan to the stricter 3-year figure; the 5-year FREIDA value may represent a deliberate relaxation entered in the June 2026 survey and is worth confirming directly, since it would be favorable to a later-graduating applicant.",,VERIFIED,"US clinical experience is PREFERRED, not required, for IMG applicants. Separately, any applicant with a gap of 1+ year between graduation and residency entry must fill that gap with clinical experience (US or non-US). No minimum USCE duration is published.",,VERIFIED,"IMGs must hold a PERMANENT (i.e. full, not pathway-pending) ECFMG certificate, and the certificate is a required ERAS attachment. Also required: eligibility for a Texas Physician-in-Training Permit. Because permanent ECFMG certification requires a passing Step 2 CK, this requirement independently constrains IMG timing.",,CONFLICT,"J-1 via ECFMG: YES (all sources agree). H-1B: program website and institutional GME policy say NO / not supported; FREIDA 8/20/2026 says YES. F-1 OPT first year: registry and program silence imply no; FREIDA 8/20/2026 says YES. Operative guidance: treat as J-1 ONLY, and confirm in writing with the program before relying on H-1B or F-1 OPT.",,PARTIALLY_VERIFIED,No published hard ERAS deadline -- the program begins reviewing at the ERAS application release date and follows NRMP/specialty universal dates. The registry's 'Application Deadline: 2025-11-30' is a PRIOR-CYCLE artifact and is NOT corroborated by any current source. Signaling: 8 Neurology signals are available to the applicant in ERAS 2027; program-specific signal weighting is not published. LOR: 3 minimum / 4 maximum; FREIDA additionally specifies required letter-writer categories that the program website does not mention.,,,"Adult Neurology, 4-year categorical, 2 positions/year, ACGME 1804800169, NRMP 1825180C0, UTRGV SOM / Dept of Neuro & Behavioral Health, Harlingen TX; sites = UT Health RGV Neurology (Institute of Neuroscience, Harlingen), Valley Regional Medical Center (Brownsville), Rio Grande Regional Hospital (McAllen). New program, first class 2025."
1804811109,RISE-NEURO-0253,University of Texas Medical Branch Hospitals Program,Galveston,TX,NO,PARTIALLY_VERIFIED,Step 1 pass required (FREIDA survey); no numeric threshold published; COMLEX Level 1 also accepted for DOs,,PARTIALLY_VERIFIED,Step 2 CK pass required (FREIDA); NO published minimum score by program or GME; aggregator numbers (220 preferred; 227-264 band) rejected as unverifiable/synthetic,,Step 2 CK pass required (FREIDA); NO published minimum score by program or GME; aggregator numbers (220 preferred; 227-264 band) rejected as unverifiable/synthetic,NO_PUBLISHED_INITIAL_REVIEW_BARRIER,,"null = no published rule to evaluate, or sources conflict; MUST NOT render as 'no barrier'",No published rule exists to evaluate; a coordinator email is the recommended action.,"UTMB Neurology publishes a Step 2 CK REQUIREMENT but publishes no Step 2 CK TIMING. The requirement is visible only through FREIDA survey booleans ('US MD Step 2 Required: Yes', 'IMG Step 2 Required: Yes', 'DO Step 2 Required: Yes', 'DO COMLEX Level 2 Required: Yes'), which establish that a passing result must exist before appointment but say nothing about the application cycle. The program's own applicant-facing page is extraordinarily thin — four sentences of substance plus a salary/benefits bullet list — and contains no score requirement, no deadline, no screening statement and no signaling guidance. This matters concretely for Alejandra, who sits Step 2 CK in late September 2026 with a result arriving mid-October 2026, after ERAS opens and after many programs begin reviewing. The honest reading is that there is NO PUBLISHED INITIAL-REVIEW BARRIER: nothing UTMB has published would cause an application without a Step 2 score to be excluded from review, deferred, or held. Two important qualifications. First, absence of a published barrier is not evidence of a permissive internal practice — the program simply does not disclose how it screens, so this is an information vacuum rather than a confirmed green light, and it is precisely the kind of gap a targeted email to the coordinator (Jeanene DeLaRosa, jmdelaro@utmb.edu, 409.772.8031) could close before signals are committed. Second, RESEARCHED_NOT_FOUND has NOT been translated into 'not required' anywhere in this dossier: the requirement is real and documented; only its timing is unpublished. Two aggregator numbers that would have implied a screening threshold were found and rejected — residencyprogramslist.com's reported 'preferred minimum USMLE Step 2 score of 220' (the page returned HTTP 403 so the claim could not eve",RESEARCHED_NOT_PUBLIC,No published attempts policy (program and GME both silent),RESEARCHED_NOT_PUBLIC,No published attempts policy (program and GME both silent),Research complete · An exam-attempts policy is not published.,PARTIALLY_VERIFIED,No program-published YOG limit; FREIDA-derived registry value '1 year' unverified at source; not binding on a June 2027 graduate,,RESEARCHED_NOT_PUBLIC,No published USCE requirement; no required away rotations; no previous GME required,Research complete · A US clinical experience requirement is not published.,PARTIALLY_VERIFIED,ECFMG certification required only for true IMGs (J-1 via ECFMG); NOT applicable to an LCME-accredited Puerto Rico US MD graduate; program language is silent on the PR/LCME distinction (flagged ambiguity),,VERIFIED,J-1 through ECFMG only; H-1B not offered; F-1 OPT not offered; not applicable to Alejandra (US citizen / LCME US MD),,PARTIALLY_VERIFIED,"No published program deadline or signaling policy; Neurology has 8 ERAS signals in 2027; interviews IN PERSON; 80 interviews for 8 positions (10:1); 3 LORs minimum, at least one from within neurology",,,"Adult Neurology residency, ACGME 1804811109, NRMP 1714180C0, University-based, 4 years categorical (PGY-1 IM-based inside the program), UTMB Galveston TX; ACGME accreditation status UNVERIFIABLE (CAPTCHA)"
1804812156,RISE-NEURO-0248,University of Texas at Austin Dell Medical School/Dell Seton Medical Center Program,Austin,TX,NO,VERIFIED,Step 1 PASS required (US MD) / COMLEX Level 1 pass required (DO); no minimum score published; not required for interview; transcript due prior to rank list submission,,VERIFIED,Step 2 CK: PASS required; '200 or higher on the first attempt' PREFERRED (not a hard minimum); no numeric cutoff in FREIDA (field_usmle_step_2_minimum_score = None),,Step 2 CK: PASS required; '200 or higher on the first attempt' PREFERRED (not a hard minimum); no numeric cutoff in FREIDA (field_usmle_step_2_minimum_score = None),REQUIRES_STEP2_BEFORE_RANKING,False,"null = no published rule to evaluate, or sources conflict; MUST NOT render as 'no barrier'",A mid-October score arrives before rank-list submission in February.,"DETERMINATION: Step 2 CK is required BEFORE RANK LIST SUBMISSION and is affirmatively NOT required at ERAS submission, NOT required for initial review, and NOT required for an interview invitation. Four independent published facts converge. (1) The ERAS checklist on Application Details lists USMLE/COMLEX transcripts 'for both Steps I and II' and then states, as the closing line of that checklist and governing it: 'All documentation must be submitted prior to rank list submission.' That sentence sets the deadline for the entire document list, Step 2 included, at rank-list submission. (2) The FAQ removes any doubt about the application moment, verbatim: 'Does my application need to be complete before I submit to ERAS? -- The application does not need to be complete before submitting to ERAS.' (3) FREIDA node--survey_2025 for 1804812156 carries the dedicated interview-gating field: field_usmle_step2_req_int = FALSE, and field_comlex_lvl2_req_int = FALSE. This is the exact survey field the contract directs me to check, and the program answered that Step 2 is NOT required for an interview. field_usmle_step_2_required is also False, while field_usmle_us_md_pass_ck is True - i.e. a pass is required, the timing is not front-loaded. (4) The published interview window is 'late October through December' (FREIDA field_interview_period_curr_year = 2025-10-21 to 2025-12-15). Alejandra's score arrives mid-October 2026, i.e. BEFORE the interview season even opens, and roughly four months before any rank list is certified. THE ONE REAL FRICTION, stated plainly and not smoothed over: the program front-loads REVIEW, not requirements. The FAQ states 'All applications are reviewed by Oct. 1' and 'Applications submitted by Sept. 15 have a higher chance of success.' Alejandra sits Step 2 CK i",PARTIALLY_VERIFIED,No numeric attempt cap published; first-attempt pass PREFERRED; failed attempts invited to be explained with mitigating circumstances,PARTIALLY_VERIFIED,No numeric attempt cap published; first-attempt pass PREFERRED; failed attempts invited to be explained with mitigating circumstances,,CONFLICT,3 years published (scoped to IMGs on the program page; carried program-wide by FREIDA); sister program 1804800001 publishes 5; NOT binding on Alejandra (0 years at matriculation),,VERIFIED,"USCE preferred, not required; no minimum weeks published; HARD requirement is >=2 LORs from neurologists in the US or Canada; no observerships offered by the GME office",,VERIFIED,ECFMG certificate required before rank list submission; program must receive it by Jan. 15; NOT required at ERAS submission,,VERIFIED,J-1 via ECFMG only; H-1B NOT sponsored; green card or US citizenship also accepted; status must be in hand prior to rank list submission,,CONFLICT,"Deadline: OCT 15 (official program page), extensions available on request; registry/FREIDA value 2025-09-24 is stale and contradicted; all applications reviewed by Oct 1; submission by Sept 15 advantaged; interviews VIRTUAL, late Oct-Dec, most Tuesdays, ~80 interviews for 6 positions (13.3:1); optional in-person second look; Adult Neurology gets 8 ERAS signals in 2027 season; no program-specific signal guidance published",,,"TWO DISTINCT ACTIVE ACCREDITED PROGRAMS; mine = Dell Seton Medical Center Program, ACGME 1804812156, NRMP 1793180C0, 6/year, 24 complement, PD Kent Ellington MD; sister = Ascension Seton Medical Center Program, ACGME 1804800001, NRMP 1793180C1, 4/year, 16 complement, PD Ethan Meltzer MD; NOT a registry duplicate; Texas program count NOT inflated"
1804812160,RISE-NEURO-0065,Houston Methodist Hospital (Medical Center) Program,Houston,TX,NO,PARTIALLY_VERIFIED,"Step 1 pass required (US MD and IMG). No numeric Step 1 cutoff; a descriptive 220-245 band spanning 'Step 1 and/or Step 2' with an explicit exceptions clause. Note the band is historical/legacy language - USMLE Step 1 has been reported pass/fail since January 2022, so the 220-245 numeric band can only apply to a three-digit Step 2 CK score for any current applicant.",,PARTIALLY_VERIFIED,Step 2 CK pass required for appointment (US MD and IMG); COMLEX Level 2 accepted for DO. NO published standalone Step 2 minimum score. Program-published expectation band 220-245 applies disjunctively to 'Step 1 and/or Step 2'.,,Step 2 CK pass required for appointment (US MD and IMG); COMLEX Level 2 accepted for DO. NO published standalone Step 2 minimum score. Program-published expectation band 220-245 applies disjunctively ,RESEARCHED_NOT_PUBLIC,,"null = no published rule to evaluate, or sources conflict; MUST NOT render as 'no barrier'",No published rule exists to evaluate; a coordinator email is the recommended action.,"NO CLEAR PUBLISHED TIMING. The program requires a Step 2 CK pass for appointment (FREIDA: US MD Step 2 Required = Yes; IMG Step 2 Required = Yes) and publishes a score expectation, but states NOWHERE when a Step 2 score must be available. It does not say Step 2 is required at ERAS submission, before initial application review, before interview invitation, or before rank-list certification. Three specific pieces of evidence support the NOT_FOUND rather than merely failing to find a statement: (1) the program's only numeric statement is disjunctive - 'Nearly all selected applicants to the program will have scored between 220-245 on first time Step 1 and/or Step 2 USMLE examinations, although exceptions will be made for individual applicants with otherwise exceptional applications' - the 'and/or' means the program does not commit to needing a Step 2 score to evaluate an applicant against the band; (2) the required-materials list asks for a 'USMLE transcript (transmitted by the NBME)' with NO completeness or score-present condition attached; (3) the ONE explicit timing phrase in the entire eligibility section attaches to ECFMG certification, not to USMLE - IMGs need 'a current valid certificate from the Educational Commission for Foreign Medical Graduates (ECFMG) prior to appointment' - which shows the program does write timing language when it intends a timing rule, and did not do so for Step 2. PRACTICAL READ for a late-September 2026 Step 2 CK with mid-October 2026 results: no published rule bars submitting the ERAS application without a Step 2 score, and no published rule conditions interview invitation on one. This is an inference about the ABSENCE of a published barrier, not a claim that the program will review score-less applications - programs commonly apply unpubli",RESEARCHED_NOT_PUBLIC,No published USMLE/COMLEX attempts limit. A first-attempt preference is implied by program language but no numeric cap is stated.,RESEARCHED_NOT_PUBLIC,No published USMLE/COMLEX attempts limit. A first-attempt preference is implied by program language but no numeric cap is stated.,Research complete · An exam-attempts policy is not published.,VERIFIED,Fewer than 5 years since medical school graduation. Two independent sources agree.,,PARTIALLY_VERIFIED,No USCE requirement published. FREIDA's gap-experience expectation is satisfiable by clinical experience either inside OR outside the US.,,VERIFIED,ECFMG certification required for IMGs PRIOR TO APPOINTMENT (not at application). An ECFMG status report is required WITH the ERAS application. Fifth Pathway accepted as an alternative route. Texas postgraduate resident permit or full Texas license also required before training begins.,,VERIFIED,J-1 (via ECFMG) ONLY. H-1B: NOT sponsored. F-1 OPT: NOT accepted. Alternative accepted status: US permanent resident / citizen.,,PARTIALLY_VERIFIED,"Application deadline: NOT PUBLISHED (no program-specific date; ERAS-cycle timing only). Program signaling: YES - Neurology offers 8 signals in the 2027 ERAS season. LOR: 3 required (max 4), one of which must be from the current training program director; specialty-specific letter(s) expected.",,,"Adult Neurology, 4-year categorical (PGY-1 in-house), 7 positions/year, 28 total complement, community-based/university-affiliated (Weill Cornell affiliation), 4 training sites: Houston Methodist Hospital + MD Anderson + Children's Memorial Hermann + San Jose Clinic"
1804813163,RISE-NEURO-0165,Texas Tech University Health Sciences Center at Lubbock Program,Lubbock,TX,NO,VERIFIED,"{""step1_pass_required"": true, ""minimum_score_published"": false, ""program_quote"": ""No minimum score requirements"", ""max_attempts"": 3, ""attempts_authority"": ""Texas Medical Board via TTUHSC House Staff P&P 01.03 / 03.01.01""}",,VERIFIED,"{""minimum_step2_score"": null, ""program_quote"": ""No minimum score requirements"", ""step2_pass_required_by"": ""end date of the PGY-1 year contract (institutional House Staff P&P 03.01.02A)"", ""step2_required_at_application"": false}",,"{""minimum_step2_score"": null, ""program_quote"": ""No minimum score requirements"", ""step2_pass_required_by"": ""end date of the PGY-1 year contract (institutional House Staff P&P 03.01.02A)"", ""step2_requir",NO_PUBLISHED_INITIAL_REVIEW_BARRIER,,"null = no published rule to evaluate, or sources conflict; MUST NOT render as 'no barrier'",No published rule exists to evaluate; a coordinator email is the recommended action.,"Alejandra sits Step 2 CK in late September 2026 and her score arrives in mid-October 2026, after ERAS opens and after rolling review begins here. I resolved each of the five sub-questions separately and each one resolves in her favour, on published evidence rather than on silence alone. REQUIRED WITH ERAS SUBMISSION? No. The program's Application Process page lists the items that must be in a file before it will be reviewed - ERAS application, TTUHSC ERAS Addendum (only upon interview invitation), personal statement, current CV, three letters of recommendation, PD letter only if there was prior US training, Dean's letter, medical school transcripts, 'USMLE and/or COMPLEX Exam Report', and a wallet-sized photograph. The exam-report item is generic and does not enumerate Steps; a Step-1-only transcript satisfies it on its face. REQUIRED BEFORE INITIAL REVIEW? No published requirement. The page says only that 'The selection process at Texas Tech University Health Sciences Center begins only when the application is complete' and that review is rolling from 1 September to 31 December; completeness is defined by the checklist above, which contains no Step 2 item. REQUIRED BEFORE INTERVIEW INVITATION? Answered NO by the program itself. FREIDA's 2026 survey, which the program completed and returned on 2026-06-15, sets field_usmle_step2_req_int=false - that field is literally 'USMLE Step 2 required for interview'. The companion field_usmle_step_2_required=false. Contrast this with the items the program DOES defer to interview time and names explicitly - the ERAS Addendum, the notarized diploma, the Clerkship Affidavit and the original ECFMG certificate - none of which is a Step 2 score. REQUIRED BEFORE RANKING? No published requirement anywhere. Nothing in the program pages, the",VERIFIED,"{""max_attempts_step1"": 3, ""max_attempts_step2ck"": 3, ""max_attempts_step3"": 3, ""authority"": ""Texas Medical Board licensure eligibility, adopted verbatim by TTUHSC GME"", ""program_specific_rule"": null}",VERIFIED,"{""max_attempts_step1"": 3, ""max_attempts_step2ck"": 3, ""max_attempts_step3"": 3, ""authority"": ""Texas Medical Board licensure eligibility, adopted verbatim by TTUHSC GME"", ""program_specific_rule"": null}",,VERIFIED,"{""years_since_graduation_limit"": 7, ""na_flag"": false, ""gap_requirement"": ""Research or other medical education pursuits; clinical experience not required""}",,PARTIALLY_VERIFIED,"{""usce_required"": false, ""months_required"": 0, ""away_rotation_required"": false, ""img_clerkship_affidavit_required_at_interview"": true, ""applies_to"": ""IMG applicants only""}",,VERIFIED,"{""ecfmg_required_for"": ""international medical graduates only"", ""deadline"": ""original certificate presented at interview"", ""us_lcme_graduates_exempt"": true, ""institutional_basis"": ""House Staff P&P 01.07 / GME Admission Requirements""}",,VERIFIED,"{""j1"": true, ""h1b"": false, ""f1_opt"": false, ""green_card_accepted"": true, ""us_citizen_permanent_resident_accepted"": true, ""sponsor"": ""ECFMG"", ""policy_level"": ""institution-wide (TTUHSC School of Medicine)""}",,CONFLICT,"{""application_window"": ""rolling, September 1 to December 31"", ""freida_latest_date_current_year"": ""2026-09-01"", ""registry_deadline"": ""2025-12-31"", ""signaling_published"": false, ""min_lor"": 3, ""max_lor"": 4, ""specialty_lor_required"": true, ""pd_letter_required"": false, ""chair_letter_required"": false, ""interview_format"": ""In person only"", ""interviews_last_cycle"": 50, ""interviews_per_position"": ""10:1""}",,,"{""program_name"": ""Texas Tech University Health Sciences Center at Lubbock Program"", ""specialty"": ""Adult Neurology"", ""acgme_id"": ""1804813163"", ""city"": ""Lubbock"", ""state"": ""TX"", ""length_years"": 4, ""approved_complement"": 20, ""actual_census_pgy1_4"": 19, ""first_year_positions"": 5, ""program_type"": ""University-based"", ""primary_site"": ""University Medical Center"", ""other_site"": ""Covenant Medical Center"", ""official_url_status"": ""403 Access Denied on www.ttuhsc.edu; content live on legacy host bittaxi.ttuhsc.edu""}"
1804821108,RISE-NEURO-0256,University of Texas Southwestern Medical Center Program,Dallas,TX,NO,VERIFIED,Step 1 pass REQUIRED (transcript must be submitted for all applicants; IMGs must have passed Step 1 and Step 2). NO minimum score. NO published prior-fail or attempts policy.,,VERIFIED,Step 2 (USMLE CK or COMLEX Level 2) PASS REQUIRED before the program submits its rank list. NO minimum score published - program explicitly disclaims score cutoffs.,,Step 2 (USMLE CK or COMLEX Level 2) PASS REQUIRED before the program submits its rank list. NO minimum score published - program explicitly disclaims score cutoffs.,REQUIRES_STEP2_BEFORE_RANKING,False,"null = no published rule to evaluate, or sources conflict; MUST NOT render as 'no barrier'",A mid-October score arrives before rank-list submission in February.,"REQUIRED BEFORE RANK LIST ONLY. The program publishes an explicit two-part timing statement that resolves every sub-question in the ticket: 'Applications will be considered, and interviews offered prior to receiving Step 2 scores. However, successful completion of Step 2 (USMLE or COMLEX) is required before ranking.' Mapping to the ticket's options: (a) required at ERAS submission - NO, expressly not; (b) required before initial application review - NO, expressly not ('Applications will be considered...prior to receiving Step 2 scores'); (c) required before interview invitation - NO, expressly not ('interviews offered prior to receiving Step 2 scores'); (d) required before rank list - YES, this is the operative gate; (e) no clear published timing - NOT APPLICABLE, the timing is clearly published. This determination rests on an explicit published timing sentence and is NOT inferred from the existence of a score minimum (the program states it has no score requirements at all). STUDENT-SPECIFIC IMPACT: the applicant sits Step 2 CK in late September 2026 with results expected mid-October 2026. The 2026-2027 specialty calendar has applications opening 2026-09-02 and programs beginning review 2026-09-23, with interviews October 2026-January 2027 and rank list entry opening February 2027. The applicant's score therefore arrives after submission and around the start of the interview window, but roughly four months before the rank-list gate. Under this program's published policy the missing score at submission is expressly not disqualifying for review or for an interview invitation, and the score will be well in hand before ranking. NET: Step 2 CK timing is NOT a barrier at UT Southwestern adult neurology, and this program is unusually explicit about it compared with programs th",RESEARCHED_NOT_PUBLIC,No published USMLE/COMLEX attempts limit found. Absence of a stated limit is NOT evidence that attempts are disregarded in screening.,RESEARCHED_NOT_PUBLIC,No published USMLE/COMLEX attempts limit found. Absence of a stated limit is NOT evidence that attempts are disregarded in screening.,Research complete · An exam-attempts policy is not published.,CONFLICT,"CONFLICT UNRESOLVED. Program's own site: no years-out limit. FREIDA/registry: 5-year graduation window. Primary source is preferred for applicant-facing guidance, but the FREIDA value should not be discarded - it may reflect a survey answer describing a soft screening preference.",,VERIFIED,"US clinical experience: PREFERRED for IMGs, not stated as an absolute requirement. No minimum duration, type (hands-on vs observership), or recency specified.",,VERIFIED,"ECFMG certification REQUIRED for IMGs, and specifically a PERMANENT ECFMG certificate. Combined with the Step 2-before-ranking rule, an IMG must be fully ECFMG-certified to be ranked.",,VERIFIED,J-1 (via ECFMG): YES. H-1B: NO - explicitly stated as not supportable. F-1 OPT: NO per FREIDA; not addressed on the program's own page.,,PARTIALLY_VERIFIED,"Application deadline for 2026-2027: NOT PUBLISHED by the program (registry's 2025-11-30 is prior-cycle and must not be reused). Operative dates: ERAS opens 2026-09-02; program review begins 2026-09-23; interviews Oct 2026-Jan 2027 (virtual); rank list February 2027. Signaling: Adult Neurology = 8 signals, single tier; programs auto-opted-in; UTSW's individual opt-in/opt-out status not published. Supplemental ERAS application: not required.",,,"Adult Neurology residency, 4 years (PGY1-PGY4), 11 positions/year, 44 total residents, ACGME 1804821108, Dallas TX 75390; sites = Clements University Hospital + Parkland Hospital + VA North Texas (+ Children's Health for the PGY-3 child neurology block); optional PSTP and Clinician Educator tracks."
1804821110,RISE-NEURO-0008,Baylor College of Medicine Program,Houston,TX,NO,PARTIALLY_VERIFIED,"Step 1 PASS required for US MD and IMG applicants. No published numeric minimum ('no absolute USMLE score cut-offs'). No published prior-fail exclusion rule, but a stated descriptive preference that interviewed applicants passed all Steps on the first attempt. DO applicants may use COMLEX in lieu of USMLE Step 1.",,PARTIALLY_VERIFIED,"Step 2 CK PASS required for US MD and IMG applicants. NO published minimum score. The 231-268 band is an AGGREGATOR-DERIVED descriptive distribution, NOT a program-published cutoff, and must not be represented to the student as a program requirement.",,"Step 2 CK PASS required for US MD and IMG applicants. NO published minimum score. The 231-268 band is an AGGREGATOR-DERIVED descriptive distribution, NOT a program-published cutoff, and must not be re",RESEARCHED_NOT_PUBLIC,,"null = no published rule to evaluate, or sources conflict; MUST NOT render as 'no barrier'",No published rule exists to evaluate; a coordinator email is the recommended action.,"NO CLEAR PUBLISHED TIMING. Baylor College of Medicine's Adult Neurology Residency publishes that USMLE Step 2 is required (FREIDA survey flags: US MD Step 2 Required = Yes, IMG Step 2 Required = Yes) but publishes NO statement anywhere about WHEN a Step 2 CK score must be in hand — not at ERAS submission, not before initial application review, not before interview invitation, and not before rank list. None of the five candidate gates is supported by any source. This was verified as a genuine publication gap, not a retrieval gap: the program's Adult Neurology Residency landing page, its Admissions and Benefits page, the legacy /education/neurology/admissions page, the curriculum, rotations, didactics, faculty and residents pages, the NRMP Program Directory entry for NRMP 1716180R0, and the Baylor institutional GME Admissions page were each checked and are all silent on Step 2 timing. Aggregator timing fields are paywalled or empty and provided no basis for inference. PER STEP 3 INSTRUCTIONS, TIMING WAS NOT INFERRED FROM THE EXISTENCE OF A REQUIREMENT FLAG OR FROM THE AGGREGATOR-REPORTED 231-268 SCORE BAND. STRATEGIC READ-OUT FOR A LATE-SEPTEMBER-2026 SITTING WITH MID-OCTOBER-2026 RESULTS: two dated facts bound the risk without requiring any inference about program policy. (1) ERAS 2027 applicants may begin submitting to programs on 2026-09-02, and (2) programs may begin reviewing applications and MSPEs on 2026-09-23. A score released in mid-October 2026 therefore arrives AFTER this program's earliest possible review date, meaning the application would be reviewable for roughly three weeks without a Step 2 score attached. Whether that materially harms the applicant here is UNKNOWN because the program publishes no policy. One adjacent published statement is relevant but mu",PARTIALLY_VERIFIED,No published hard attempts limit. Published DESCRIPTIVE preference: interviewed applicants have historically passed all USMLE Steps on the FIRST attempt. Practical effect: a failed attempt is a significant but not formally disqualifying negative.,PARTIALLY_VERIFIED,No published hard attempts limit. Published DESCRIPTIVE preference: interviewed applicants have historically passed all USMLE Steps on the FIRST attempt. Practical effect: a failed attempt is a significant but not formally disqualifying negative.,,PARTIALLY_VERIFIED,"FREIDA reports a medical school graduation timeline of 7 years (i.e., graduation within the prior 7 years). NOT corroborated by any program-published source.",,VERIFIED,"USCE is PREFERRED, not required, for IMGs. Observerships explicitly named as acceptable evidence. No required away rotations. Registry's broader 'US or outside the US' framing refers to gap-period experience generally, not to the IMG USCE preference.",,VERIFIED,ECFMG certification REQUIRED for all international medical graduates (Canadian medical school graduates exempt). Texas Medical Board Physician-in-Training Permit or full Texas license additionally required at the institutional level.,,VERIFIED,J-1 (ECFMG-sponsored): YES. H-1B: NO (not offered; program names only J-1). F-1 OPT for first year: NO.,,PARTIALLY_VERIFIED,2026-2027-cycle application deadline: NOT PUBLISHED / NOT FOUND. Registry value 2025-11-01 is confirmed PRIOR-CYCLE and must not be reused. Signaling: Neurology carries 8 signals in the 2027 ERAS season (AAMC specialty-level); this specific program's participation is UNCONFIRMED. Program review of applications opens 2026-09-23.,,,Adult Neurology (ACGME 1804821110 / NRMP 1716180R0); 4-year categorical; 10 PGY1 positions/yr; ~40 residents; university-based; 6 named training sites in the Texas Medical Center; official site https://www.bcm.edu/departments/neurology/education/adult-neurology-residency
1804821112,RISE-NEURO-0252,University of Texas Health Science Center San Antonio Joe and Teresa Lozano Long School of Medicine Program,San Antonio,TX,NO,PARTIALLY_VERIFIED,Step 1 pass required; no published minimum score; pass-only Step 1 is compatible with this program's published policy,,PARTIALLY_VERIFIED,No published Step 2 CK minimum score. Pass expected by PGY-1 start per institutional GME policy 3.3; FREIDA 2026 records no Step 2 CK pass requirement for US MD applicants.,,No published Step 2 CK minimum score. Pass expected by PGY-1 start per institutional GME policy 3.3; FREIDA 2026 records no Step 2 CK pass requirement for US MD applicants.,NO_PUBLISHED_INITIAL_REVIEW_BARRIER,,"null = no published rule to evaluate, or sources conflict; MUST NOT render as 'no barrier'",No published rule exists to evaluate; a coordinator email is the recommended action.,"The program publishes NO Step 2 CK timing barrier at any stage. Every authoritative surface was checked and each is silent: the Residency Application Process page (modified 2026-06-23), which sets out ERAS-only submission, the IMG J-1/ECFMG/USCE rules and the six review criteria but says nothing about USMLE timing; the Residency Program Description page (modified 2026-08-27); the Residency Program landing page; the Resident Benefits and Compensation page; institutional GME Policy 4.3 Resident Selection and Appointment, GMEC-approved September 9, 2025, whose eligibility clause is purely about LCME/AOA graduation, ECFMG certification or an unrestricted US license and contains no USMLE requirement at all; institutional GME Policy 3.3 Completion of USMLE Examinations; the GME International Residents policy page; the GME policy manual index; and the FREIDA survey received 2026-07-08. There is no published applicant FAQ for this program. The FREIDA survey's interview-stage flag field_usmle_step2_req_int is FALSE, and field_usmle_step_2_required is FALSE, and - notably - field_usmle_us_md_pass_ck is FALSE while field_usmle_img_pass_ck is TRUE, meaning the current survey does not record a Step 2 CK pass requirement for US MD applicants at all. The ONLY institutional timing statement located anywhere is Policy 3.3's expectation that residents 'should have passed USMLE Steps 1, 2 CK, and 2 CS ... for appointment to a PGY1 position' - that is an ENTRY-TO-TRAINING expectation keyed to July of the training year, roughly nine months after Alejandra's mid-October 2026 score release, and it is not a selection or ranking rule. Policy 3.3 is also dated February 2015 and still references Step 2 CS, permanently discontinued in 2021, so it cannot be applied as literally written. THE REAL RI",RESEARCHED_NOT_PUBLIC,No published attempts limit at program or institutional level,RESEARCHED_NOT_PUBLIC,No published attempts limit at program or institutional level,Research complete · An exam-attempts policy is not published.,VERIFIED,10 years maximum since medical school graduation (FREIDA-reported); gap expectation = US clinical experience,,VERIFIED,"No USCE requirement for US graduates; USCE 'preferable' for IMGs only; away rotation NOT required; VSLO visiting electives (NEUR 4029, NEUR 4030) available but limited",,VERIFIED,ECFMG required for international graduates only; NOT required for LCME/AOA graduates; Alejandra is LCME (UCC) and therefore exempt - but the policy phrasing does not name Puerto Rico explicitly,,VERIFIED,J-1 through ECFMG only; H-1B not offered; permanent residents/citizens also eligible. NOT APPLICABLE to Alejandra (US citizen-track LCME graduate needs no visa).,,PARTIALLY_VERIFIED,"ERAS only, NRMP Main Match; no program-published deadline (uses universal specialty date); 8 Adult Neurology signals at the specialty level with no program-published signal policy; 3 LOR minimum, one from within the specialty; IN-PERSON interviews; second look offered",,,"UT Health San Antonio (UTHSCSA) Long School of Medicine - Adult Neurology, ACGME 1804821112; 4-year categorical, university-based; primary sites University Hospital (Bexar County public district), Audie L. Murphy VA, MARC/Center for Brain Health"
1804821127,RISE-NEURO-0147,San Antonio Uniformed Services Health Education Consortium Program,JBSA Ft Sam Houston,TX,NO,RESEARCHED_NOT_PUBLIC,"Not published. No minimum, no pass/fail statement, no screening threshold. USMLE transcript is a required JGMESB document; no score standard published.",Research complete · A Step 1 policy is not published.,RESEARCHED_NOT_PUBLIC,No published Step 2 CK minimum; no published statement that Step 2 CK is required for application. Program administers its own end-of-rotation written test to students applying to the residency.,Research complete · No minimum Step 2 CK score is published.,No published Step 2 CK minimum; no published statement that Step 2 CK is required for application. Program administers its own end-of-rotation written test to students applying to the residency.,RESEARCHED_NOT_PUBLIC,,"null = no published rule to evaluate, or sources conflict; MUST NOT render as 'no barrier'",No published rule exists to evaluate; a coordinator email is the recommended action.,"The program publishes nothing whatsoever about USMLE Step 2 CK - not whether it is required, not when it must be in hand, not a minimum score. I checked every place such a statement could live and each is empty rather than merely unlocated. (1) The official DHA GME SAUSHEC Neurology program page (health.mil, last updated 28 July 2025) has an 'Applicant Information, Rotation and Interview Opportunities' section covering rotation logistics and interview scheduling; its only evaluative language is 'In our candidates, we value potential for academic success, but also work ethic, ability to function well in a team, and many other factors which demonstrate potential for long-term success as a military officer and neurologist.' No exam is named. (2) FREIDA program 1804821127 (record last updated 2/19/2026) renders the survey fields 'Medical Exam Licensing Requirements for Interview Consideration', 'Recommendation Letter Requirements' and 'Additional Eligibility Information' as bare headings with no values - the program left the AMA's licensing-exam fields blank, which is the direct FREIDA analogue of field_usmle_step2_req_int / field_usmle_step_2_required being unpopulated. (3) There is no program applicant FAQ, no GME application-requirements page specific to neurology, and no departmental site (the legacy www.bamc.health.mil domain no longer resolves). (4) There is no ERAS participation, so none of the usual ERAS-linked timing conventions ('required at submission', 'required before review') attach here at all. I did not infer timing from minimum-score language, because there is no minimum-score language to infer from. The surrounding calendar is published, and it belongs to the Joint Graduate Medical Education Selection Board rather than to the program. Per the Air Force Phy",RESEARCHED_NOT_PUBLIC,"No published attempts limit at program, DHA GME, or Air Force GME level.",RESEARCHED_NOT_PUBLIC,"No published attempts limit at program, DHA GME, or Air Force GME level.",Research complete · An exam-attempts policy is not published.,RESEARCHED_NOT_PUBLIC,No published YOG limit. Bounded instead by military rank/promotion restrictions and commissioning age criteria.,Research complete · A year-of-graduation limit is not published.,PARTIALLY_VERIFIED,"No IMG-style USCE requirement (IMGs ineligible). Audition rotation strongly encouraged for HPSP/USUHS students. Civilian medical students MAY rotate with a National Agency Check with Inquiries, but rank below military students in priority and cannot apply to the residency afterward.",,VERIFIED,"ECFMG route closed: program is not in NRMP, so civilians (ECFMG-certified or not) may not apply. UCC/Puerto Rico graduates are LCME U.S. MD graduates and clear the degree criterion, but are blocked by the active-duty/commissioning requirement, not by school accreditation.",,VERIFIED,"NO VISA SPONSORSHIP OF ANY TYPE. J-1 No, H-1B No, F-1/OPT No. U.S. citizenship is mandatory (green-card holders explicitly excluded).",,VERIFIED,"No ERAS, no NRMP, no signaling, no program deadline. JGMESB ('military match'): 2026 cycle application window 1 Jul - 31 Aug 2026 via MODS or fillable PDF; supporting documents due 15 Oct 2026. 8 interviews for 3 first-year positions last cycle (2.7:1). Per-year position count is CAC-restricted (HPERB).",,CLOSED_TO_CIVILIAN_APPLICANTS,"Adult Neurology, ACGME 1804821127; ADVANCED program, 3 accredited years beginning at PGY-2, prerequisite PGY-1 in Internal Medicine obtained separately; 4 years total; military (Air Force) program at Brooke Army Medical Center, JBSA Fort Sam Houston (SAN ANTONIO), TX"
1804831111,RISE-NEURO-0250,University of Texas Health Science Center at Houston Program,Houston,TX,NO,PARTIALLY_VERIFIED,"Step 1 pass required (US MD, DO, IMG); COMLEX Level 1 accepted for DOs; no minimum score; no published prior-fail policy",,PARTIALLY_VERIFIED,Step 2 CK pass required for US MD and IMG applicants; DOs may satisfy via COMLEX Level 2 (USMLE Step 2 not additionally required for DOs); no published minimum score,,Step 2 CK pass required for US MD and IMG applicants; DOs may satisfy via COMLEX Level 2 (USMLE Step 2 not additionally required for DOs); no published minimum score,RESEARCHED_NOT_PUBLIC,,"null = no published rule to evaluate, or sources conflict; MUST NOT render as 'no barrier'",No published rule exists to evaluate; a coordinator email is the recommended action.,"NO CLEAR PUBLISHED TIMING. After checking all three authority layers directly, this program publishes no rule stating when Step 2 CK must be in hand. It is not stated as required at ERAS submission, not stated as required before initial review, not stated as required before interview invitation, and not stated as required before the rank list. What IS established: Step 2 CK must be PASSED (FREIDA: US MD Yes, IMG Yes; DOs may satisfy via COMLEX Level 2), with no published minimum score. Practical read for a student testing late September 2026 with results mid-October 2026: programs may begin reviewing applications on 2026-09-23 and the typical neurology interview-offer window is October 2026 - January 2027, so the score will almost certainly be absent at initial review and will land mid-window for interview decisions. Because the program publishes no rule requiring the score at review or at interview invitation, there is no documented basis to conclude the application would be held or excluded; equally, there is no documented assurance that it would not be. The one hard constraint that does bite is institutional and applies only to graduates of medical schools outside the US/Canada: UTHealth GME requires a valid ECFMG certificate, and ECFMG certification itself cannot issue without a passing Step 2 CK. That is an ECFMG mechanic, not a program timing policy, and it does not apply to LCME/AOA graduates. RECOMMENDED ACTION: this is a coordinator question (listed contact (713) 261-5027), not a question answerable from published sources.",RESEARCHED_NOT_PUBLIC,No published attempts limit,RESEARCHED_NOT_PUBLIC,No published attempts limit,Research complete · An exam-attempts policy is not published.,PARTIALLY_VERIFIED,FREIDA indicates ~4-year graduation timeline with gap time acceptable via research or medical-education pursuits (clinical experience explicitly not required); no program-published YOG rule,,PARTIALLY_VERIFIED,"No formal USCE requirement; away rotations not required and 'Optional, Not Expected' at specialty level; but IMG applicants are generally expected to carry at least one LOR from a US neurologist, an indirect USCE expectation",,VERIFIED,"ECFMG certification required for all graduates of medical schools outside the US/Canada; institutional requirement, not merely a preference",,VERIFIED,J-1 (ECFMG-sponsored) only for clinical residency. H-1B not sponsored for residents. F-1 OPT not accepted for PGY-1. Permanent residents / asylees / refugees / EAD holders do not need sponsorship.,,CONFLICT,2026-2027 program deadline NOT published (registry value 2025-10-13 is stale prior-cycle and must not be used). Adult Neurology = 8 program signals for the 2027 ERAS season; this program's individual opt-in status unpublished. No supplemental ERAS application required. Programs begin review 2026-09-23.,,,"Adult Neurology, 4-year categorical, 12/class, 48 total residents, university-based, multi-site (Memorial Hermann TMC + Harris Health county system)"
1801100001,RISE-NEURO-0057,HCA Florida Healthcare/Westside/Northwest Hospital Program,Margate (program mailing address); primary teaching site is Plantation,FL,YES_WAVE2,VERIFIED,"A passing USMLE Step 1 (or COMLEX-USA Level 1) is required before appointment. No minimum score is published, and Step 1 is not required for interview consideration.",,VERIFIED,"A passing Step 2 CK (or COMLEX-USA Level 2-CE) is required before appointment. No minimum Step 2 score is published anywhere, and Step 2 is not required for interview consideration.",,"A passing Step 2 CK (or COMLEX-USA Level 2-CE) is required before appointment. No minimum Step 2 score is published anywhere, and Step 2 is not required for interview consideration.",REQUIRES_STEP2_BEFORE_START,False,"null = no published rule to evaluate, or sources conflict; MUST NOT render as 'no barrier'","A Step 2 CK result released in mid-October 2026 arrives well before any gate this program publishes. The only published requirement is that Step 2 CK be passed before the appointment begins, and appointments begin in July - here July 2027 for the cycle a June 2027 graduate would enter. Because Step 2 is expressly not required for interview consideration, a score still pending at the time of application or interview invitation creates no published obstacle to being reviewed, interviewed, or ranked. Two cautions are recorded rather than smoothed over: absence of a published interview gate is not a promise that individual reviewers ignore a pending score, and no minimum score is published, so nothing can be said about score-threshold compatibility in either direction.","Two current, independent official sources establish that the Step 2 CK gate falls at appointment, not earlier. The HCA Healthcare GME 2026 Core Manual, which is the Sponsoring Institution's binding eligibility policy, states: 'Candidates must have passed the United States Medical Licensing Examination (USMLE) Step 1 and Step 2 CK, or the Comprehensive Osteopathic Medical Licensing Examination (COMLEX) Level 1 and Level 2 CE prior to Appointment.' The operative words are 'prior to Appointment', and the manual ties Appointment to the Start Date; FREIDA gives field_program_start_dates = ['July']. Independently, the FREIDA survey received 2026-07-21 sets field_usmle_step2_req_int = False and field_comlex_lvl2_req_int = False - the dedicated 'required for interview consideration' fields. Each of the five possible earlier gates was tested separately and none is published: not required with ERAS submission, not required before initial review, not required before interview invitation, not required before ranking. The program publishes only three pages in total (proved by sitemap enumeration), none of which is an applicant-requirements or FAQ page that could impose an earlier deadline, and its 'How to apply' card contains nothing but the ACGME number, the NRMP number and a link to the generic AAMC ERAS page. Timing was NOT inferred from any minimum-score rule, and no minimum score exists here in any case. This is NOT a policy-change program: the registry's older cycle and the newer 2026-07-21 survey agree that Step 2 is not an interview-consideration requirement.",RESEARCHED_NOT_PUBLIC,No USMLE/COMLEX attempt limit for applicants is published by the program or the sponsoring institution.,RESEARCHED_NOT_PUBLIC,No USMLE/COMLEX attempt limit for applicants is published by the program or the sponsoring institution.,Research complete · Neither the program nor HCA Healthcare GME publishes a limit on USMLE or COMLEX attempts for applicants. The institutional policy requires only that Step 1 and Step 2 CK be passed before the appointment begins.,VERIFIED,The program reports a 2-year limit on time since medical school graduation. Applying as a 2027 graduate in the 2026-27 cycle falls well inside that window.,,RESEARCHED_NOT_PUBLIC,The program does not publish a US clinical experience requirement. FREIDA affirmatively reports that no away rotation is required.,"Research complete · The program publishes no US clinical experience requirement. FREIDA does confirm that no away rotation is required, but that is a separate question from USCE and should not be read as a statement that USCE is unnecessary.",VERIFIED,"ECFMG certification is required only of graduates of medical schools outside the US and Canada, and must be held before appointment. Graduates of LCME-accredited US schools, including those in Puerto Rico, are covered by a different eligibility criterion and do not need it.",,PARTIALLY_VERIFIED,"The HCA Healthcare GME institutional policy requires foreign national physicians to hold an appropriate visa permitting clinical training before appointment, but neither the program nor the sponsoring institution publishes which visa types it will sponsor. FREIDA's visa field is empty.","Research complete · HCA Healthcare GME requires foreign national physicians to hold a visa permitting clinical training before appointment, but this program does not publicly list which visa types it sponsors, and FREIDA's visa field is empty. Applicants needing sponsorship must ask the program directly.",PARTIALLY_VERIFIED,"The program applies through ERAS and the NRMP Main Match, requires a minimum of three letters including at least one from faculty, requires no supplemental application, and offers a second look. It publishes no application deadline, and the registry's March 2026 deadline is not supported by the newer survey.","Research complete · The program does not publish an application deadline or any interview-signaling mechanism. It applies through ERAS and the NRMP Main Match, and asks for a minimum of three letters including at least one from faculty.",,"ACGME 1801100001 is the Adult Neurology residency of HCA Healthcare's East Florida Division. Its primary teaching site is HCA Florida Westside Hospital in Plantation; HCA Florida Northwest Hospital in Margate is a participating site, and the program's mailing address is at Northwest in Margate. The sponsoring institution is HCA Florida Healthcare, Fort Lauderdale."
1801100002,RISE-NEURO-0046,Florida International University/Baptist Health Program,Miami,FL,YES_WAVE1,VERIFIED,"A passed USMLE Step 1 is required (COMLEX Level 1 for DO applicants), and FREIDA scopes that requirement to interview consideration. No minimum Step 1 score is published, and Step 1 is now pass/fail in any case.",,PARTIALLY_VERIFIED,"A passed Step 2 CK is required for interview consideration for both U.S. MD and IMG applicants under the program's current (July 2026) FREIDA survey. No minimum numeric score is published anywhere, so Alejandra's 230-240 planning range cannot be scored against a published threshold.","Research complete · The program publishes no minimum USMLE Step 2 CK score. A passed Step 2 CK is required for interview consideration, but no numeric threshold exists in any official or FREIDA source.","A passed Step 2 CK is required for interview consideration for both U.S. MD and IMG applicants under the program's current (July 2026) FREIDA survey. No minimum numeric score is published anywhere, so",REQUIRES_STEP2_BEFORE_INTERVIEW,True,"null = no published rule to evaluate, or sources conflict; MUST NOT render as 'no barrier'","Yes, but a narrow and self-resolving one rather than a bar. Alejandra sits Step 2 CK in late September 2026 with a result in mid-October 2026. The program publishes that a passed Step 2 CK is required for INTERVIEW CONSIDERATION, and that it begins reviewing applications on the ERAS release date. So at ERAS submission and through the first weeks of review her file will show no Step 2 CK result, and under the published rule she is not yet interview-eligible. The mitigating structure is in the program's own calendar: applications are accepted September through December and interviews run October through January, so her mid-October result lands at the very start of the published interview window and well before its close. The practical risk is therefore confined to the earliest invitation wave, and it is a real risk in neurology where many invitations go out in October. Two specific actions","The program's current FREIDA survey record (received 2026-07-21) answers 'Yes' to 'Must Have Passed USMLE Step 2 CK' for BOTH U.S. MD applicants and IMG applicants, and FREIDA prints those answers under the explicit section heading 'Medical Exam Licensing Requirements for Interview Consideration'. That heading is what fixes the timing: the requirement is scoped by the publisher to interview consideration, not merely to appointment or start date. Working through the five separate timing questions the contract requires: (1) REQUIRED WITH ERAS SUBMISSION? No published rule ties a passed Step 2 CK to the act of submitting; ERAS submission is governed by ERAS, and the program's own page lists application materials without a score-availability condition. (2) REQUIRED BEFORE INITIAL REVIEW? Not stated as such, but FREIDA's Key Dates for 2026-2027 give 'Program Starts Reviewing Applications — Application service release date', meaning review begins the day ERAS opens to programs; a file reviewed that early would not yet contain a Step 2 CK result for an applicant testing in late September. This is an inference about consequences, not a published rule, and is reported as such. (3) REQUIRED BEFORE INTERVIEW INVITATION? YES — this is the published rule, by the heading quoted above. (4) REQUIRED BEFORE RANKING? Not separately published; it is subsumed by (3). (5) REQUIRED BEFORE START DATE ONLY? No — the program's own prerequisite list ('Pass the USMLE Step 1 and Step 2 CK or COMLEX 1 and 2', plus 'Must be eligible to register as a resident physician with the state of Florida') would support a start-date-only reading on its own, but FREIDA's interview-consideration scoping is more specific and more recent, so the correct code is the interview one. CRITICAL DISCIPLINE: I did NOT inf",RESEARCHED_NOT_PUBLIC,"The program publishes no limit on USMLE or COMLEX attempts. Its own prerequisites and application-requirements lists say only that Step 1 and Step 2 CK must be passed, with no first-attempt or maximum-attempts language, and FREIDA carries no attempts field for this program.",RESEARCHED_NOT_PUBLIC,"The program publishes no limit on USMLE or COMLEX attempts. Its own prerequisites and application-requirements lists say only that Step 1 and Step 2 CK must be passed, with no first-attempt or maximum-attempts language, and FREIDA carries no attempts field for this program.","Research complete · The program does not publicly state a limit on USMLE or COMLEX attempts. A sibling FIU/Baptist Health program publishes a first-attempt rule, but that rule belongs to Family Medicine and not to Neurology.",VERIFIED,"Medical school graduation must have occurred within the past 7 years, and any applicant with a gap of a year or more must have clinical experience during that gap. Neither rule touches an applicant graduating June 2027 and starting July 2027.",,PARTIALLY_VERIFIED,"No U.S. clinical experience is required of applicants generally, and the program requires no away rotation of its own. However, FREIDA lists a physician preceptor at an away rotation among its required letter writers, and any applicant with a gap year must have clinical experience during that gap (U.S. or non-U.S.).",,VERIFIED,"International medical graduates must hold a valid ECFMG certificate. Universidad Central del Caribe is an LCME-accredited U.S. medical school in a U.S. territory, so this requirement does not apply to Alejandra — though the program's pages never name Puerto Rico explicitly.",,VERIFIED,The program sponsors J-1 visas through ECFMG only. It does not sponsor H-1B and does not accept F-1 OPT in the first year.,,PARTIALLY_VERIFIED,"Applications are accepted September through December with interviews October through January and review beginning the day ERAS opens; there is no published hard deadline date, and the registry's 2026-02-27 deadline is not supported by any current source. The program publishes nothing about ERAS program signals.","Research complete · The program does not publish an ERAS program-signaling preference, a hard application deadline date, or a verified interview count. Searched the program page, FREIDA's full 2026 survey record, and FIU GME's application pages.",,"This is a brand-new 4-year Adult Neurology residency sponsored by FIU's Herbert Wertheim College of Medicine with Baptist Health South Florida, based at Baptist Hospital of Miami and the Baptist Health Miami Neuroscience Institute. Its first class started July 2025, so in AY2026-27 only PGY-1 and PGY-2 classes exist and there are no graduates yet. NRMP lists it as a single categorical code (2317180C0), so the PGY-1 internal medicine preliminary year is matched with the program rather than separately."
1801100003,RISE-NEURO-0135,Orlando Health Program (Adult Neurology),Orlando,FL,YES_WAVE3,VERIFIED,"USMLE Step 1 is required with the initial ERAS application, and the program publishes a 220-or-higher, first-attempt rule for Steps 1 and 2. FREIDA additionally lists Step 1 passage under requirements for interview consideration for U.S. MD, DO and IMG applicants.",,PARTIALLY_VERIFIED,"Step 2 CK passage is required and the program publishes a 220-or-higher minimum together with a first-attempt rule. Alejandra's 230-240 planning range sits above that floor, but her result is pending and the 220 rule's scope (all applicants vs IMGs only) is ambiguous as written.",,"Step 2 CK passage is required and the program publishes a 220-or-higher minimum together with a first-attempt rule. Alejandra's 230-240 planning range sits above that floor, but her result is pending ",PUBLISHED_SOURCES_CONFLICT,True,"null = no published rule to evaluate, or sources conflict; MUST NOT render as 'no barrier'","A published barrier condition exists, but on Alejandra's actual calendar it is narrow rather than disqualifying, and the risk is concentrated in the deadline rather than the interview. Her Step 2 CK was sat late September 2026 with a result expected mid-October 2026. The program publishes 'Submit completed application by October 23rd' and 'Interviews are conducted from November to the end of January.' Under FREIDA's interview-consideration reading, a mid-October result lands roughly two to six weeks before interviews begin, so that reading would NOT bar her. Under the reading that Step 2 scores are required documentation at submission, a mid-October result leaves only days of margin against the October 23rd deadline, and any slip in score release would put her outside it. Under the program-page preference reading there is no barrier at all. Because at least one current published source c","Three current published sources give three materially different answers about WHEN Step 2 CK is needed, and they cannot be reconciled from public text. (1) The program's own Application Information page ties only Step 1 to the application and makes Steps 1+2 a pre-start PREFERENCE: 'Step 1 is required with the initial ERAS application. Successful completion of Steps 1 and 2 is preferred prior to the start of residency training.' Read alone this is at most REQUIRES_STEP2_BEFORE_START, and arguably no barrier at all because the word is 'preferred'. (2) The SAME page's 'Application Requirements' list names 'USMLE Step 1 and Step 2 Scores' among the documentation that must accompany the ERAS application, which reads as REQUIRES_STEP2_WITH_APPLICATION against a stated deadline of October 23rd. (3) FREIDA's 2026 survey record - the newest of the three, received 2026-06-15 and published 2026-08-20, i.e. AFTER the registry release of 2026-07-09 - renders 'Must Have Passed USMLE Step 2 CK: Yes' for U.S. MD, IMG and DO applicants underneath the section heading 'Medical Exam Licensing Requirements for Interview Consideration', which reads as REQUIRES_STEP2_BEFORE_INTERVIEW. Separating the four questions the contract asks: required with ERAS submission - YES on reading (2), NO on reading (1); required before initial review - not addressed by any source; required before interview invitation - YES per FREIDA, not stated by the program; required before ranking - not addressed; required before start date only - YES per reading (1). The REQUIREMENT that Step 2 CK be passed is not in doubt in any source; only the TIMING is. This determination was NOT inferred from the program's 220 minimum-score rule, which is silent on timing. Comparing cycles: the registry's prior-cycle values ('US MD ",VERIFIED,The program publishes a hard first-attempt rule: applicants must pass USMLE Steps 1 and 2 on the first attempt with a score of 220 or higher. Alejandra has satisfied it for Step 1; her pending Step 2 CK must also pass on the first sitting.,VERIFIED,The program publishes a hard first-attempt rule: applicants must pass USMLE Steps 1 and 2 on the first attempt with a score of 220 or higher. Alejandra has satisfied it for Step 1; her pending Step 2 CK must also pass on the first sitting.,,CONFLICT,"Two official sources disagree on the graduation window: the program page says within three years of applying, FREIDA's 2026 survey says within the past five years. Neither constrains Alejandra, who applies as a 2027 senior with no gap year.",,PARTIALLY_VERIFIED,"The program requires 'some U.S. clinical experience' without quantifying it, in a paragraph addressed to international medical graduates. Alejandra satisfies any reading of it.",,VERIFIED,"ECFMG certification is required only of graduates of medical schools outside the United States and Canada, so it does not apply to Alejandra. The institutional eligibility clause uses the common 'United States or Canada, accredited by the LCME' phrasing without naming Puerto Rico.",,CONFLICT,"Three official Orlando Health sources disagree about visa sponsorship: the program page says ORMC 'does not sponsor visas', FREIDA's 2026 survey renders J-1, H-1B and F-1 all as 'No', while the institutional GME eligibility policy says a J-1 is the 'preferred visa type accepted'. For an applicant who needs no sponsorship this is moot.",,PARTIALLY_VERIFIED,"Applications go through ERAS only, with a program-stated deadline of October 23rd and virtual interviews from November through the end of January. Neurology participates in ERAS program signaling with 8 signals for the 2027 season, but this program publishes no signal guidance of its own.","Research complete - the program does not publish program-level program-signaling guidance, an application-review start date, or open-house dates.",,"Orlando Health's adult Neurology residency is a 4-year, 2-positions-per-year categorical program (NRMP 1107180C0) based at Orlando Health Orlando Regional Medical Center in downtown Orlando, with Arnold Palmer Hospital for Children as a participant site. Its program-level university affiliation is Florida State University College of Medicine - not the University of Central Florida, which partners with a different Orlando-area neurology program."
1801100004,RISE-NEURO-0015,Broward Health Program (Adult Neurology); the program styles itself the 'Broward Health North Program' and the 'Broward Health Neurology Residency Program',Deerfield Beach,FL,YES_WAVE2,VERIFIED,USMLE Step 1 must be passed; no minimum score is published and Step 1 is not required for interview consideration. COMLEX Level 1 is accepted for DO applicants.,,VERIFIED,"A passing Step 2 CK (or COMLEX Level 2) is required, but no minimum score is published anywhere - the program describes a holistic review of 'USMLE or COMLEX Scores'.",,"A passing Step 2 CK (or COMLEX Level 2) is required, but no minimum score is published anywhere - the program describes a holistic review of 'USMLE or COMLEX Scores'.",REQUIRES_STEP2_BEFORE_START,False,"null = no published rule to evaluate, or sources conflict; MUST NOT render as 'no barrier'","Alejandra sits Step 2 CK in late September 2026 with a result expected mid-October 2026. No published rule at this program requires that score for application submission, initial review, interview invitation or ranking, and the program's newest survey answers the interview-consideration question 'No'. A passing score is required before she could start, which a mid-October 2026 result satisfies for a July 2027 start by roughly eight months. There is therefore NO published barrier. Two practical, non-rule cautions should still be stated plainly rather than dressed up as requirements: first, Broward Health's GME page says 'Programs participating in the Main Match start interviews in late September and finish by the end of January' and FREIDA opens the program's interview window on 2026-08-01, so a first wave of invitations will be issued before her score posts, and her file will be reviewed","Determined separately across all six questions the contract requires. (1) Required with ERAS submission? NO - the program page lists 'USMLE or COMLEX Scores' as one of seven materials in a holistic review and states no submission-time condition; FREIDA's 2026 survey sets no such requirement. (2) Required before initial review? NO published requirement - nothing on the program page, the GME 'Become a Resident' page or in FREIDA conditions file review on a Step 2 result. (3) Required before interview invitation? NO, and this is answered explicitly and negatively in the newest primary source: FREIDA's survey for 1801100004, received 2026-07-21, sets field_usmle_step2_req_int = false and field_comlex_lvl2_req_int = false, the fields that encode 'USMLE Step 2 / COMLEX Level 2 required for interview consideration'. (4) Required before ranking? NO published requirement - no ranking-stage condition is stated anywhere. (5) Required before start date? YES - a passing Step 2 CK is a genuine requirement (FREIDA field_usmle_us_md_pass_ck = true and field_usmle_img_pass_ck = true, i.e. 'must have passed'), and Broward Health's institutional eligibility policy frames the exam requirement as a qualification 'for appointment to an accredited residency program' ('Evidence of passing USMLE Step I and II / COMLEX Level 1 and 2'), reinforced by 'Applicants will submit all required documentation to the Broward Health GME Office prior to the start of residency training. Any delays in information submission may result in a delay of the resident's start date or retraction of the offered position.' That institutional policy is dated 8.20.15 / revised 10.2016 and is stale, but it is the only institutional statement located and it is consistent with FREIDA. (6) No clear published timing / conflict",RESEARCHED_NOT_PUBLIC,No attempts limit is published for this Neurology program. The only numeric attempts rule found at Broward Health belongs to the Internal Medicine residency in a 2016 institutional policy and does not apply here.,RESEARCHED_NOT_PUBLIC,No attempts limit is published for this Neurology program. The only numeric attempts rule found at Broward Health belongs to the Internal Medicine residency in a 2016 institutional policy and does not apply here.,"Research complete - the program publishes no limit on USMLE/COMLEX attempts, and the only attempts rule found at Broward Health applies to its Internal Medicine residency, not to Neurology.",VERIFIED,The program reports a maximum of 3 years since medical school graduation.,,PARTIALLY_VERIFIED,FREIDA records that the program expects 'Clinical experience in the US' to fill any gap between medical school and residency. No away rotation is required and no minimum number of USCE weeks is published.,Research complete - the program publishes no minimum quantity of U.S. clinical experience; FREIDA records only that U.S. clinical experience is what the program expects of applicants who have a gap in their medical education.,VERIFIED,"An ECFMG certificate is required where applicable, and the institution requires a current valid ECFMG certificate before appointment for graduates of schools outside the U.S. and Canada (or a full Florida licence instead). Alejandra, as a graduate of an LCME-accredited U.S. MD school in Puerto Rico, is not an IMG under this wording.",,PARTIALLY_VERIFIED,"The program's own page stated in July 2025 that international applicants 'must be eligible for J1 visa sponsorship', but that sentence was removed by October 2025 and the whole International Applicants block is absent from the current page; FREIDA's newer 2026 survey reports no visa statuses at all. J-1 is therefore the only visa ever documented, and nothing current is published.",Research complete - the program does not currently publish any visa-sponsorship statement; the only documented position is a J-1 eligibility requirement that appeared on its own page in July 2025 and has since been removed.,PARTIALLY_VERIFIED,"Applications go through ERAS only and the program is all-in on the Match. No deadline is published for the current cycle (the registry's 2025-12-31 is last cycle's), no supplemental application is used, and the program publishes nothing about ERAS program signals.",Research complete - the program does not publish an application deadline for the current cycle or any statement about ERAS program signals.,,"Adult Neurology residency sponsored by Broward Health (the North Broward Hospital District, headquartered in Fort Lauderdale) with Broward Health North in Deerfield Beach as the primary teaching site and the site where almost all rotations occur. Four-year categorical program, 3 positions per year, 12-position approved complement."
1801100005,RISE-NEURO-0056,"HCA Florida Healthcare/Kendall Hospital Program - Neurology Residency Program, HCA Florida Kendall Hospital",Miami,FL,YES_WAVE2,PARTIALLY_VERIFIED,The program publishes no Step 1 minimum score and FREIDA records Step 1 as not required and not required for interview consideration; a passing Step 1 is listed among the program's screening considerations. Alejandra passed Step 1 on her first attempt.,"Research complete - the program does not publish a Step 1 minimum score or a written Step 1 eligibility rule on any of its own pages; the only structured answers available are FREIDA survey fields, which record Step 1 as not required and not required for interview consideration.",PARTIALLY_VERIFIED,"No Step 2 CK minimum score is published anywhere, and FREIDA records Step 2 as not required in both survey cycles. Between the 2025 and 2026 surveys the program removed 'Step 2 CK passed' from its screening preferences, so its published stance loosened rather than tightened.","Research complete - the program publishes no Step 2 CK minimum score. Its FREIDA surveys record Step 2 as not required and, as of the survey received 16 June 2026, no longer list a passed Step 2 CK among its screening considerations.","No Step 2 CK minimum score is published anywhere, and FREIDA records Step 2 as not required in both survey cycles. Between the 2025 and 2026 surveys the program removed 'Step 2 CK passed' from its scr",REQUIRES_STEP2_BEFORE_RANKING,False,"null = no published rule to evaluate, or sources conflict; MUST NOT render as 'no barrier'","No. The earliest published gate is the 1 December application deadline and the only exam-result gate is 1 February 'to be ranked'. A mid-October 2026 Step 2 CK result clears both with wide margin, and no source at this program requires Step 2 before initial review or before an interview invitation (FREIDA field_usmle_step2_req_int = false in both survey cycles). The residual risk here is not timing - it is that the program's published exam language names a discontinued examination, so the applicant should confirm in writing which exam the 1 February cutoff now refers to.","Determined separately at each stage. (a) REQUIRED WITH ERAS SUBMISSION: no. Nothing on the program's pages or in either FREIDA survey conditions application submission on an exam result; the only submission condition published is a calendar deadline ('The deadline for the application is December 1st'). (b) REQUIRED BEFORE INITIAL REVIEW: no published requirement. The program states 'Every application is individually reviewed' with no exam precondition. (c) REQUIRED BEFORE INTERVIEW INVITATION: no. FREIDA field_usmle_step2_req_int = false in BOTH the survey received 2025-07-16 and the survey received 2026-06-16; field_comlex_lvl2_req_int = false in both. This is the field that carries 'required for interview consideration' and it has never been set at this program. (d) REQUIRED BEFORE RANKING: YES, in the only published timing sentence the program has - the IMG FAQ on its own program page: 'We do accept IMGs. The deadline for the application is December 1st and CS results must be received by February 1st to be ranked.' This sentence is present identically in the live page (retrieved 2026-09-12) and in the 9 July 2025 Internet Archive capture, so it is not a transient edit. IMPORTANT CAVEAT ON THE EXAM NAMED: the page says 'CS', which literally denotes USMLE Step 2 CS - an examination discontinued in January 2021 and never reinstated. The program has therefore left a pre-ranking exam-result deadline in place whose named exam no longer exists. The two defensible readings are (i) legacy boilerplate that is now inoperative, or (ii) a still-operative 1 February pre-ranking cutoff that is now administered against Step 2 CK and/or ECFMG certification. Reading (ii) is the conservative one and is the basis for the code assigned. Under either reading the barrier is at the RANKING ",RESEARCHED_NOT_PUBLIC,"No maximum-attempts rule is published by the program, by Kendall's GME site, or in either FREIDA survey cycle.",RESEARCHED_NOT_PUBLIC,"No maximum-attempts rule is published by the program, by Kendall's GME site, or in either FREIDA survey cycle.","Research complete - the program does not publish a limit on USMLE/COMLEX attempts. Its own pages, the hospital GME site, both FREIDA survey cycles and the NRMP directory entry are all silent, and no HCA-Kendall requirements page exists to consult.",VERIFIED,"The program's newest FREIDA survey sets a 5-year limit since medical school graduation, loosened from the 2 years the registry carries, and requires clinical experience if there is a graduation gap. As a June 2027 graduate applying as a senior, Alejandra is unaffected.",,PARTIALLY_VERIFIED,The program requires no away rotations and states no general U.S.-clinical-experience requirement; clinical experience - in the U.S. or abroad - is named only as what it expects from applicants with a gap since graduation.,Research complete - the program does not publish a U.S. clinical experience requirement or a required number of away rotations; FREIDA records away rotations as not required and names clinical experience only as its expectation for applicants with a gap since graduation.,PARTIALLY_VERIFIED,"The program states plainly that it accepts IMGs and sponsors J-1 visas through ECFMG, but publishes no written ECFMG-certification rule and in fact publishes no eligibility criteria page of any kind. As an LCME-school graduate Alejandra does not need ECFMG certification.",Research complete - the program publishes no eligibility criteria page and no explicit ECFMG-certification rule; the only IMG statement it publishes is the FAQ sentence quoted above.,VERIFIED,"The program sponsors J-1 visas through ECFMG only and does not sponsor H-1B. This does not apply to Alejandra, who needs no visa sponsorship.",,PARTIALLY_VERIFIED,"Applications are due December 1 through ERAS, and all interview communication goes out by email through Thalamus. The program interviewed 60 applicants for 3 positions in 2025, up from 40 in 2024, and now offers a second look.","Research complete - the program publishes no ERAS program-signaling policy and no interview-invitation date windows; FREIDA's interview-period fields (field_interview_period_curr_year, field_interview_period_next_year, field_latest_date_current_year) are null in both survey cycles.",,"This is the Neurology Residency Program at HCA Florida Kendall Hospital, 11750 SW 40th St, Miami - ACGME 1801100005, NRMP 2232180C1, a 4-year categorical program with 3 positions per year (12 approved). It is sponsored through HCA Healthcare's East Florida Division GME and trains at Kendall and Aventura hospitals with outpatient blocks at Design Neuroscience Center and the WeMind Institute."
1801100008,RISE-NEURO-0002,AdventHealth Orlando Neurology Residency Program (registry: 'AdventHealth Florida Program'),Orlando,FL,YES_WAVE3,VERIFIED,"A passing USMLE Step 1 is required of U.S. MD, D.O. and IMG applicants, and COMLEX Level 1 is accepted for osteopathic applicants. FREIDA's current survey records that Step 1 is not required specifically for interview consideration, and no minimum Step 1 score is published anywhere.",,VERIFIED,"A passing USMLE Step 2 CK is required of U.S. MD, D.O. and IMG applicants (COMLEX Level 2-CE accepted for osteopathic applicants), but the program publishes no minimum Step 2 CK score and no score-based screen of any kind.",Research complete - the program publishes no minimum USMLE Step 2 CK score or score cutoff; only a passing Step 2 CK is required.,"A passing USMLE Step 2 CK is required of U.S. MD, D.O. and IMG applicants (COMLEX Level 2-CE accepted for osteopathic applicants), but the program publishes no minimum Step 2 CK score and no score-bas",PUBLISHED_SOURCES_CONFLICT,,"null = no published rule to evaluate, or sources conflict; MUST NOT render as 'no barrier'",Unresolved. The invisible field family says no interview gate; the rendered page an applicant actually reads says a passed Step 2 CK is required for interview consideration. Confirm with the coordinator before relying on either.," | ADVERSARIAL RETRACTION 2026-09-12T16:59:44Z: this dossier asserted there is no interview-stage Step 2 gate, citing only FREIDA family (a) - field_usmle_step2_req_int / field_usmle_step_2_required, which are false and RENDER NO VISIBLE ROW. FREIDA's rendered page states, under the heading 'Medical Exam Licensing Requirements for Interview Consideration': 'U.S. MD Applicants | Must Have Passed USMLE Step 2 CK | Yes' (field_usmle_us_md_pass_ck = true, field_usmle_img_pass_ck = true). Its own domain 4 records field_usmle_us_md_pass_ck: true, which domain 5 then contradicted. Re-coded PUBLISHED_SOURCES_CONFLICT; the benign reading must not stand.",RESEARCHED_NOT_PUBLIC,No limit on USMLE or COMLEX attempts is published by the program or by AdventHealth GME.,RESEARCHED_NOT_PUBLIC,No limit on USMLE or COMLEX attempts is published by the program or by AdventHealth GME.,Research complete - neither the program nor AdventHealth GME publishes a USMLE/COMLEX attempt limit. Applicants with prior failed attempts would need to ask the program directly.,VERIFIED,"The program reports a maximum of 5 years since medical school graduation, and accepts research or other medical-education pursuits to fill a gap (clinical experience not required). Previous GME is not required.",,CONFLICT,"FREIDA's current survey says an away rotation is NOT required for the coming cycle, reversing the registry's 'Required Away Rotations: Yes' from the prior cycle. No separate U.S. clinical experience requirement is published.",,VERIFIED,ECFMG certification is required before appointment for graduates of medical schools outside the U.S. and Canada. Alejandra does not need it - Universidad Central del Caribe is LCME-accredited - but note that AdventHealth's eligibility policy says 'United States and Canada' without naming Puerto Rico explicitly.,,VERIFIED,"The program reports sponsoring J-1 (through ECFMG) and H-1B visas, and AdventHealth's GME benefits page states visa fees and ECFMG expenses are covered. Sponsorship is at program-director discretion under institutional policy.",,PARTIALLY_VERIFIED,"Applications go through ERAS and the program is in the NRMP Main Match under an institution-wide All-In policy. The current survey reports 2 to 4 letters (a specialty standardized letter among them), IN-PERSON interviews only, 88 interviews for 4 positions last cycle (22:1), an open house and a second look, and no ERAS supplemental application or program signaling. The registry's 2025-10-31 deadline is one cycle old and was not re-confirmed.",Research complete - no application deadline for the 2026-27 cycle is published on the program's own pages; the registry's 2025-10-31 date is from the previous cycle and should be confirmed in ERAS.,,"This is the AdventHealth Orlando neurology residency: the registry's system-level name 'AdventHealth Florida Program' resolves to a single categorical program whose residents train at AdventHealth Orlando, 601 E Rollins St, under the AdventHealth Neuroscience Institute. It is a 4-year community-based program with 4 PGY-1 positions per year and one NRMP code, 1102180C0."
1801100155,RISE-NEURO-0196,University of Central Florida/HCA Florida Healthcare (Greater Orlando/Osceola) Program - Adult Neurology,Kissimmee,FL,YES_WAVE3,CONFLICT,"The program's own FAQ states it requires a score of 200 on the first attempt of USMLE Step 1, while FREIDA's July 2026 survey records Step 1 as not required and not required for interview consideration. Alejandra passed Step 1 on her first attempt.",,CONFLICT,"The program's FAQ publishes a Step 2 CK minimum of 210 on the first attempt, and the consortium requires a passing Step 2 CK before matriculation. FREIDA's July 2026 survey records Step 2 as not required, which conflicts with both. Alejandra's 230-240 planning range sits above the published 210 floor.",,"The program's FAQ publishes a Step 2 CK minimum of 210 on the first attempt, and the consortium requires a passing Step 2 CK before matriculation. FREIDA's July 2026 survey records Step 2 as not requi",PUBLISHED_SOURCES_CONFLICT,,"null = no published rule to evaluate, or sources conflict; MUST NOT render as 'no barrier'",Unresolved. The invisible field family says no interview gate; the rendered page an applicant actually reads says a passed Step 2 CK is required for interview consideration. Confirm with the coordinator before relying on either.,"Three publishers were checked separately and they agree on timing even where they disagree on requirement. (1) THE PROGRAM'S OWN PAGE states a minimum score but says nothing about when the score must exist: 'What are the minimum USMLE score requirements? We require a score of 200 on your first attempt on USMLE Step 1 and a score of 210 on your first attempt on USMLE Step 2.' Per the contract this minimum-score rule was NOT treated as timing evidence. Its FAQ sets the application deadline at November 1 and the interview window at November to January, and neither sentence conditions anything on Step 2. (2) THE CONSORTIUM'S INSTITUTIONAL POLICY sets the only explicit deadline anywhere - matriculation. UCF/HCA Florida Healthcare GME Qualifications and Eligibility Policy (IV.B), Updated July 2026, item 6.a: a passing Step 2 CK or COMLEX Level 2-CE must be held 'prior to matriculating into a UCF/HCA residency or fellowship training program'. (3) FREIDA'S JULY 2026 SURVEY records field_usmle_step2_req_int = false, i.e. Step 2 is NOT required for interview consideration, and field_usmle_step_2_required = false. No source anywhere states that Step 2 must be reported with the ERAS application, before initial screening, before an interview invitation, or before ranking. ONE NUANCE PRESERVED RATHER THAN OVERSTATED: the consortium's Recruitment, Selection and Appointment Policy (updated May 2026) item 7 says 'The program director is responsible for verifying the eligibility of all candidates under serious consideration prior to the submission of rank order lists'. Because the Step 2 pass is one of the eligibility criteria, an aggressive reading could place a verification checkpoint at rank-order-list submission. But the eligibility criterion's own text fixes its deadline at matricul",PARTIALLY_VERIFIED,"The program's FAQ conditions its minimum scores on the FIRST attempt, which functions as a first-attempt expectation for Steps 1 and 2, but no page publishes a numeric attempt cap. The only explicit attempts consequence found concerns Step 3 after matriculation.",PARTIALLY_VERIFIED,"The program's FAQ conditions its minimum scores on the FIRST attempt, which functions as a first-attempt expectation for Steps 1 and 2, but no page publishes a numeric attempt cap. The only explicit attempts consequence found concerns Step 3 after matriculation.",Research complete - the program publishes a first-attempt condition on its minimum USMLE scores but does not publish a numeric limit on USMLE attempts.,VERIFIED,"The program reports a 2-year limit on years since medical school graduation, and accepts a gap spent on research or other medical education pursuits without requiring clinical experience. Alejandra, graduating June 2027 and applying as a senior, is well inside the window.",,VERIFIED,"The program requires U.S. clinical experience of international medical graduates. Alejandra is a U.S. MD graduate under the consortium's own eligibility categories, so this screen does not apply to her.",,VERIFIED,"ECFMG certification is required of graduates of medical schools outside the United States and Canada. Alejandra, as an LCME-accredited U.S. MD graduate, is not in that category - though the policy's wording 'United States and Canada' never names Puerto Rico explicitly.",,CONFLICT,"The consortium's own July 2026 eligibility policy says UCF GME sponsors no visas and that J-1 is sponsored by ECFMG; FREIDA's July 2026 survey nevertheless lists J-1, H-1B and F-1. Both readings are preserved. Neither affects Alejandra, who needs no visa.",,PARTIALLY_VERIFIED,"Applications close November 1 and interviews run November through January, in person. The program says roughly 10% of applicants are offered interviews and conducted 60 interviews for 4 positions in the most recent cycle. It publishes no guidance on ERAS program signals.",Research complete - the program publishes an application deadline and interview window but no guidance on ERAS program signals.,,"A 4-year categorical adult neurology residency whose ACGME sponsor is the University of Central Florida/HCA Florida Healthcare GME Consortium and whose main teaching site is HCA Florida Osceola Hospital in Kissimmee. NRMP code 1587180C0 (institution 1587), listed as Active and participating in the Match."
1801100156,RISE-NEURO-0080,Larkin Community Hospital Program,South Miami,FL,YES_WAVE1,CONFLICT,"The program asks for a USMLE Step 1 or COMLEX Level 1 score and publishes no minimum. Its own page says either USMLE or COMLEX is acceptable and that USMLE is not required, which conflicts with FREIDA's DO-USMLE indicator. No Step 1 minimum score exists in any source.",,PARTIALLY_VERIFIED,"A passed Step 2 CK (or COMLEX Level 2-CE) is reported as a requirement, but the program publishes no minimum score and explicitly accepts applications before the score exists.","Research complete · The program does not publish a minimum USMLE Step 2 CK score. A passed Step 2 CK is reported as a requirement, but no numeric threshold exists in any official source.","A passed Step 2 CK (or COMLEX Level 2-CE) is reported as a requirement, but the program publishes no minimum score and explicitly accepts applications before the score exists.",PUBLISHED_SOURCES_CONFLICT,,"null = no published rule to evaluate, or sources conflict; MUST NOT render as 'no barrier'","UNRESOLVED after adversarial review. The program's own application page asks for Step 2 'if available' and schedules interviews 1 Nov - 31 Dec, which implies no interview-stage gate. But FREIDA renders 'Must Have Passed USMLE Step 2 CK => Yes' for this program, and Step 1 renders '--' on the same page, so the 'Yes' is a deliberate answer rather than a default. Both readings are primary-tier; preserve both and confirm with the coordinator.","No published rule requires a Step 2 CK result before application, initial review, interview invitation, or ranking. Three independent published facts establish this. First, the program's own application-process page lists among required materials 'USMLE Step 2 or COMLEX Level 2 score (if available)' - the parenthetical 'if available' is an explicit statement that a missing Step 2 result does not block the application. Second, FREIDA's 2026 survey for this program (received 2026-06-16) reports field_usmle_step2_req_int = false and field_usmle_step_2_required = false, i.e. Step 2 is not flagged as required for interview. Third, the published calendar leaves room regardless: the program page states 'Applications are reviewed starting in October, with interviews typically held on Fridays in November, December, and January', and the FREIDA survey gives a current-year interview period of 2026-11-01 to 2026-12-31. Alejandra's result is expected mid-October 2026, which lands before interviews begin under either published calendar, and only marginally after review opens. SEPARATELY AND IMPORTANTLY: this does NOT mean Step 2 CK is unnecessary. The same 2026 FREIDA survey flags field_usmle_us_md_pass_ck = true and field_usmle_img_pass_ck = true, i.e. a PASSED Step 2 CK is reported as a requirement - but the timing fields place that requirement after the review/interview stage, most consistently with 'before ranking or before starting'. The requirement and its timing are treated as two separate variables, exactly as instructed. No minimum Step 2 score is published by any source, so score-compatibility cannot be assessed and is not inferred from any timing rule.",RESEARCHED_NOT_PUBLIC,"The program publishes no limit on USMLE or COMLEX attempts. Its application page, the FREIDA survey record and the GME pages were all checked.",RESEARCHED_NOT_PUBLIC,"The program publishes no limit on USMLE or COMLEX attempts. Its application page, the FREIDA survey record and the GME pages were all checked.",Research complete · The program does not publicly state a limit on USMLE or COMLEX attempts. Ask the program coordinator directly if this matters to your application.,CONFLICT,"FREIDA reports no cap on years since medical school graduation, and the registry agrees. But the program's own page imposes a different, real screen: applicants more than one year past graduation must already have passed Step 3 or COMLEX Level 3. Alejandra (June 2027 graduation) is unaffected in the 2026-27 cycle.",,RESEARCHED_NOT_FOUND,"No U.S. clinical experience requirement is published for this program, and no away rotation is required. Notably, the sibling Palm Springs program DOES report a clinical-experience expectation, so this absence appears to be a real difference rather than an omission.","Research complete · No U.S. clinical experience requirement is published for this program, and no away rotation is required.",VERIFIED,"IMGs need a valid ECFMG certificate to begin training (not to apply). This does not apply to Alejandra: Universidad Central del Caribe is LCME-accredited, so she is a U.S. medical graduate and needs no ECFMG certification.",,VERIFIED,"The program sponsors J-1 visas through ECFMG only; it does not sponsor H-1B, and reports no F-1 OPT in the first year. This is irrelevant to Alejandra, who needs no sponsorship.",,PARTIALLY_VERIFIED,"Applications go through ERAS; review opens in October and interviews run November to January (FREIDA bounds them Nov 1 - Dec 31, 2026). The program publishes no deadline for the current cycle, uses no supplemental application or signaling, and holds no second look or open house.","Research complete · The program does not publish an application deadline for the current cycle; the 2025-10-31 date in the registry is from a prior cycle. It uses no supplemental application, no signaling, and holds no second look or open house.",,"ACGME 1801100156 is the Adult Neurology residency at Larkin Community Hospital's South Miami Campus, a 4-year community-based categorical program with NRMP code 1481180C0 and 16 approved positions. It is a genuinely separate program from Larkin's Palm Springs Campus neurology residency (ACGME 1801100158, NRMP 2238180C0, Hialeah) - separate program directors, complements, rosters and NRMP codes - though the two share a GME office and a stroke service."
1801100157,RISE-NEURO-0045,Florida Atlantic University Charles E. Schmidt College of Medicine Program — Neurology,Boca Raton,FL,YES_WAVE2,VERIFIED,A passing USMLE Step 1 or COMLEX Level 1 score is required in order to apply. No minimum Step 1 score is published.,,VERIFIED,"A passing Step 2 CK (or COMLEX Level 2) is required to be ranked, and the program explicitly publishes that there is no minimum score.",,"A passing Step 2 CK (or COMLEX Level 2) is required to be ranked, and the program explicitly publishes that there is no minimum score.",REQUIRES_STEP2_BEFORE_RANKING,False,"null = no published rule to evaluate, or sources conflict; MUST NOT render as 'no barrier'","A passing Step 2 result is required only before rank-list submission in February, which a mid-October result clears by roughly four months.","Two separate program-authored pages state the timing in the same terms. 'How to Apply' Application Requirements, verbatim: 'Passing USMLE Step 2 or COMLEX Level 2 score posted before ranking.' FAQ, verbatim: 'A passing Step 2 or COMLEX 2 score is required to be ranked.' The legacy application page at www.fau.edu/medicine/residencies/neurology/application info.php (reached by 302 from med.fau.edu/residencies/neurology/application%20info.php) carries identical language, so there is no live/legacy divergence. DETERMINATION, separating requirement from timing: (a) With ERAS submission — NOT required; the only application-time score requirement on the list is Step 1/COMLEX 1 ('to apply'). (b) Before initial review — no published gate; the FAQ says 'Every application is individually reviewed'. (c) Before interview invitation — NO published requirement; nothing on the apply page, the FAQ, or the FREIDA record conditions an interview on Step 2, and FREIDA's field_usmle_step2_req_int ('Step 2 required for interview') is False in both the survey_2025 and survey_2026 cycles. (d) Before ranking — YES, explicitly and twice. (e) Before start only — no, the gate is earlier than that. (f) No clear timing / conflicting — not applicable; the timing is unambiguous. I did NOT infer this timing from any minimum-score rule; the program publishes no minimum score at all. BARRIER REASONING FOR ALEJANDRA: she sat Step 2 CK in late September 2026 with a result expected mid-October 2026. ERAS submission in September 2026 does not require the score. Interview invitations do not require the score. Rank order lists for the March 2027 Match are certified in late February 2027, roughly four months after her result posts. This program therefore creates NO published initial-review or interview barrier f",PARTIALLY_VERIFIED,"The program publishes no numeric limit on USMLE/COMLEX attempts, but states that multiple attempts make an application less competitive.",PARTIALLY_VERIFIED,"The program publishes no numeric limit on USMLE/COMLEX attempts, but states that multiple attempts make an application less competitive.",Research complete · The program states that multiple attempts weaken an application but does not publish a numeric attempt limit.,CONFLICT,"The program's own FAQ says there is no years-since-graduation cutoff, while FREIDA reports a three-year limit in two consecutive survey cycles. Both are preserved; the program page is the higher-ranked source.",,VERIFIED,"U.S. clinical experience is preferred but not mandatory. The program offers no visiting-student rotations and no observerships, so USCE cannot be obtained at this site before applying.",,VERIFIED,"ECFMG certification is required where applicable and is a condition of hire for J-1 residents. It does not apply to Alejandra, who is a graduate of an LCME-accredited U.S. MD school in Puerto Rico.",,VERIFIED,"The program accepts J-1 applicants sponsored by ECFMG but is not itself a visa sponsor, and does not offer H-1B. An ECFMG certificate is a condition of hire where applicable.",,PARTIALLY_VERIFIED,"Applications go through ERAS only, with a November 15 deadline published in the program FAQ, and interviews are conducted in person. The program publishes no ERAS program-signal guidance and requires no supplemental application.",Research complete · The program does not publish any guidance on how it uses ERAS program signals.,,"A four-year ACGME-accredited adult neurology residency sponsored by Florida Atlantic University's Charles E. Schmidt College of Medicine in Boca Raton, Palm Beach County, Florida, with its home base at the Marcus Neuroscience Institute inside Boca Raton Regional Hospital. It takes three categorical PGY-1 residents a year for an approved complement of 12, and has been graduating residents since June 2022."
1801100158,RISE-NEURO-0079,Larkin Community Hospital Palm Springs Campus Program,Hialeah,FL,YES_WAVE1,VERIFIED,A passed USMLE Step 1 is required for interview consideration for both U.S. MD and IMG applicants; DO applicants need a passed COMLEX Level 1. No numeric minimum score is published.,,RESEARCHED_NOT_PUBLIC,"A passed Step 2 CK is required for interview consideration, but the program publishes no minimum Step 2 CK score anywhere. No numeric threshold exists to compare a score against.","Research complete - The program requires a passed Step 2 CK for interview consideration but does not publish any minimum Step 2 CK score, on FREIDA or on its own application-requirements page.","A passed Step 2 CK is required for interview consideration, but the program publishes no minimum Step 2 CK score anywhere. No numeric threshold exists to compare a score against.",REQUIRES_STEP2_BEFORE_INTERVIEW,True,"null = no published rule to evaluate, or sources conflict; MUST NOT render as 'no barrier'","This is the single most decision-relevant finding in the dossier for Alejandra. She sat Step 2 CK in late September 2026 with the result expected mid-October 2026. Two published facts interact badly with that timeline. First, a passed Step 2 CK is required for INTERVIEW CONSIDERATION. Second, FREIDA records this program's 'Program Starts Reviewing Applications' value as 'Application service release date' (survey field field_application_service_releas=true) -- i.e. the program begins reviewing on the ERAS release date in late September 2026, BEFORE her score posts. An application reviewed in that first window would show no Step 2 CK result against a published requirement that one be passed. That is a genuine, program-specific, published barrier and I am recording it as one. Three mitigations should be stated with equal precision, because they are real. (a) The requirement is that Step 2 C","FREIDA's rendered program record for 1801100158 places the Step 2 CK question inside a block explicitly headed 'Medical Exam Licensing Requirements for Interview Consideration', and answers it Yes for every applicant category: 'U.S. MD Applicants | Must Have Passed USMLE Step 2 CK | Yes'; 'IMG Applicants | Must Have Passed USMLE Step 2 CK | Yes'; 'DO Applicants | Must Have Passed COMLEX Level 2 | Yes'. The underlying 2026-07-21 survey booleans are field_usmle_us_md_pass_ck=true, field_usmle_img_pass_ck=true, field_comlex_do_pass_ce=true. Because the requirement is attached by FREIDA's own section heading to INTERVIEW CONSIDERATION rather than to ranking or to the start date, the correct code is REQUIRES_STEP2_BEFORE_INTERVIEW. I did NOT infer this timing from any minimum-score rule -- no minimum score is published (see domain 4). COUNTERVAILING EVIDENCE, PRESERVED RATHER THAN RESOLVED AWAY: the same survey record also carries field_usmle_step2_req_int=false and field_usmle_step1_req_int=false, field names that read as 'Step 2 required for interview'. These two FREIDA fields point in opposite directions. The most likely explanation is that the *_pass_ck family and the *_req_int family are different questions (passage of the exam versus a reported numeric score at the time of the interview offer), and only the *_pass_ck family is rendered on the public page under the interview-consideration heading. But I cannot verify FREIDA's internal question wording, so the tension is recorded as a conflict rather than resolved. Separately, field_usmle_step_1_required=false and field_usmle_step_2_required=false render on the public page as the single line 'Requires the USMLE Step 1 and/or Step 2 CK | No', positioned immediately after the DO block; that line is the DO-USMLE question (f",RESEARCHED_NOT_PUBLIC,Neither the program nor Larkin GME publishes any limit on USMLE or COMLEX attempts.,RESEARCHED_NOT_PUBLIC,Neither the program nor Larkin GME publishes any limit on USMLE or COMLEX attempts.,"Research complete - The program does not publicly state any limit on USMLE or COMLEX attempts, on its own application-requirements page or on FREIDA.",VERIFIED,"Graduation from medical school must have occurred within the past 5 years. This supersedes the registry's value of 10 years, and does not constrain Alejandra, who graduates June 2027.",,VERIFIED,"There is no standalone US clinical experience requirement. A clinical-experience condition applies only to applicants with a gap of a year or more between graduation and residency, and it can be satisfied inside or outside the US.",,VERIFIED,"IMGs must hold a valid ECFMG certificate prior to appointment, or hold full unrestricted US licensure. This does not apply to Alejandra as a graduate of an LCME-accredited US MD school.",,VERIFIED,The program sponsors J-1 visas through ECFMG. It does not sponsor H-1B and does not accept F-1 OPT in the first year.,,PARTIALLY_VERIFIED,"Applications are accepted only through ERAS, review begins on the ERAS release date, and interviews are VIRTUAL - a change from the registry's 'In Person'. No calendar deadline, no signaling guidance, and no letter counts are published.","Research complete - The program publishes no ERAS deadline date, no program-signaling guidance and no required number of letters of recommendation; FREIDA records 'Data not provided by program' for letter writers.",,"Larkin runs TWO genuinely separate Adult Neurology residencies. This one (ACGME 1801100158, NRMP 2238180C0) is sponsored by Larkin Community Hospital Palm Springs Campus in Hialeah under Program Director Kester Jimmy Nedd, DO. The South Miami program (ACGME 1801100156, NRMP 1481180C0, PD Wilson C Cueva, MD) is a different accreditation with a different complement and roster."
1801100159,RISE-NEURO-0109,Memorial Healthcare System (Hollywood Florida) Program,Hollywood,FL,YES_WAVE2,VERIFIED,USMLE Step 1 (or COMLEX Level 1) is explicitly required as part of the application. There is no minimum score: the program states 'We do not have a minimum USMLE score.',,VERIFIED,"There is no minimum Step 2 CK score — the program states plainly 'We do not have a minimum USMLE score.' A passing Step 2 CK is expected of US MD and IMG applicants, but the program asks for Step 2 results only 'if available' at the time of application.",,"There is no minimum Step 2 CK score — the program states plainly 'We do not have a minimum USMLE score.' A passing Step 2 CK is expected of US MD and IMG applicants, but the program asks for Step 2 re",NO_PUBLISHED_INITIAL_REVIEW_BARRIER,False,"null = no published rule to evaluate, or sources conflict; MUST NOT render as 'no barrier'","Alejandra sat Step 2 CK in late September 2026 with a result expected mid-October 2026. Nothing published by this program requires Step 2 CK before application submission, before initial application review, or before an interview invitation — the program's own wording is '(if available)' and FREIDA's interview-requirement flag is explicitly false. A mid-October score release therefore creates NO published barrier to being reviewed or interviewed here. Two honest caveats: (a) FREIDA's 'pass' booleans mean a passing Step 2 CK is expected eventually, and no published sentence fixes that stage, so the requirement is real even though the timing is unpublished; (b) absence of a published timing rule is not the same as a program that has committed in writing to reviewing without Step 2 — it means no barrier has been published, which is what is being reported. This is NOT converted into an affir","Four independent checks were run and all four point the same way. (1) The program's own admissions page lists Step 2 among application materials as 'Step 2 CK and CS results/scores (if available)' — an explicit conditional, set against '(required)' for Step 1 on the same line. (2) FREIDA's 2026 survey record for this program (field_date_received 2026-06-30) sets field_usmle_step2_req_int = false, i.e. the program answered NO to requiring USMLE Step 2 before an interview; field_comlex_lvl2_req_int is likewise false. (3) field_usmle_step_2_required = false, so Step 2 is not flagged as required for consideration at all; only the separate 'pass' booleans (field_usmle_us_md_pass_ck / field_usmle_img_pass_ck = true) indicate that a passing Step 2 CK is eventually expected. (4) The MHS institutional 'Resident/Fellow Recruitment and Selection' policy (revised May 2026) lists selection criteria including 'Performance on standardized medical, podiatric, or dental knowledge tests' but attaches no examination deadline to screening, interview or ranking, and its eligibility section imposes no Step 2 milestone. No program page, GME page, applicant FAQ or policy PDF anywhere on mhs.net states a date or stage by which Step 2 CK must be reported. Therefore: Step 2 is not required with the ERAS submission, not required before initial review, not required before an interview invitation, and no ranking-stage requirement is published. A passing Step 2 CK is expected of US MD and IMG applicants at some point, most plausibly before appointment, but NO published sentence establishes that stage, so 'before start' is NOT asserted. Critically, the timing conclusion was NOT inferred from the minimum-score rule: 'We do not have a minimum USMLE score' was read as a score statement only and contribut",RESEARCHED_NOT_PUBLIC,"The program does not publish a limit on USMLE/COMLEX attempts. The institutional recruitment and selection policy, the program's admissions page and the 2026 FREIDA survey record all contain no attempts rule.",RESEARCHED_NOT_PUBLIC,"The program does not publish a limit on USMLE/COMLEX attempts. The institutional recruitment and selection policy, the program's admissions page and the 2026 FREIDA survey record all contain no attempts rule.","Research complete · The program does not publicly publish a limit on the number of USMLE or COMLEX attempts. Its institutional recruitment and selection policy (revised May 2026), its admissions page and its 2026 FREIDA survey record all contain no attempts rule, so an applicant would need to ask the program directly.",VERIFIED,"The program accepts applicants up to 5 years since medical school graduation, and asks that any gap be filled with clinical experience in or outside the U.S.",,PARTIALLY_VERIFIED,"No U.S. clinical experience requirement is published. Notably the program offers no observerships or externships and does not accept away rotations, so an applicant cannot build U.S. experience at this institution before applying.","Research complete · The program publishes no U.S. clinical experience requirement, and it explicitly offers no observerships or externships and does not accept away rotations, so no visiting-rotation pathway exists at this institution.",VERIFIED,"ECFMG certification is required only of graduates of foreign medical schools. The institutional eligibility policy's first pathway is graduation from an accredited medical school in the United States or Canada, which a Universidad Central del Caribe graduate satisfies — so no ECFMG certificate is needed.",,VERIFIED,The program sponsors J-1 visas through ECFMG only. H-1B is not offered. No citizenship or permanent-residency restriction is published; the institutional policy simply requires legal authorization to work in the U.S. for the length of training.,,RESEARCHED_NOT_PUBLIC,"The program does not publish an ERAS deadline date or a program-signaling policy. It applies through ERAS, participates in the NRMP Main Match under a single categorical code, requires three letters (maximum four) including one from within neurology, and interviews by invitation only.","Research complete · The program does not publish an ERAS application deadline date or any program-signaling policy. It does publish that interviews are invitation-only, that three letters are required (maximum four, one from within neurology) and that letters must have been written within the last 6 months.",,"A 4-year categorical Adult Neurology residency (4 positions per year, 16 total) sponsored by Memorial Healthcare System / South Broward Hospital District, a public safety-net taxing district in south Broward County. It is a community-based, university-affiliated program affiliated with FAU, FIU and Nova Southeastern, training across six Memorial facilities all within 10 miles."
1801100160,RISE-NEURO-0136,Palmetto General Hospital Program,Hialeah,FL,YES_WAVE1,PARTIALLY_VERIFIED,"A passing USMLE Step 1 (or COMLEX Level 1 for DO applicants) is required, but the program publishes no minimum score and FREIDA records Step 1 as NOT required for interview consideration. The program's own FAQ - now only available in a 2020 web archive - stated plainly that there is no score cutoff.",,CONFLICT,"There is no published minimum Step 2 CK score. Two consecutive FREIDA survey cycles disagree about whether a US MD applicant must have PASSED Step 2 CK: the 2025 cycle said yes, the 2026 cycle (received 2026-07-21) says no. IMG applicants are recorded as needing a Step 2 CK pass in both cycles.","Research complete - the program publishes no minimum USMLE Step 2 CK score, and its only program-authored statement on the subject says there is no score cutoff. Whether a US MD applicant must already have PASSED Step 2 CK is reported inconsistently by the program across two FREIDA survey cycles; both answers are preserved rather than resolved.","There is no published minimum Step 2 CK score. Two consecutive FREIDA survey cycles disagree about whether a US MD applicant must have PASSED Step 2 CK: the 2025 cycle said yes, the 2026 cycle (receiv",RESEARCHED_NOT_PUBLIC,,"null = no published rule to evaluate, or sources conflict; MUST NOT render as 'no barrier'","No published rule exists to evaluate, so the barrier flag is null rather than false. NULL means 'unknown - nothing is published'; FALSE is reserved for programs where a published rule exists and a mid-October result clears it. Reading this program as FALSE would present an absence of policy as a confirmed absence of risk. A coordinator email remains the recommended action.","No program-published statement of when a Step 2 CK result must exist. The closest signal is FREIDA's field_usmle_step2_req_int = false. This is an absence of published policy, not a confirmation that Step 2 is unnecessary.",STALE_NEEDS_REFRESH,"The program's own FAQ stated a preference for first-attempt passes while expressly not excluding applicants with a repeat attempt, and said each application is judged individually. That language is program-authored but only survives in a 2020 web archive of a site that is now a parked domain, so it needs refreshing before it is relied on.",STALE_NEEDS_REFRESH,"The program's own FAQ stated a preference for first-attempt passes while expressly not excluding applicants with a repeat attempt, and said each application is judged individually. That language is program-authored but only survives in a 2020 web archive of a site that is now a parked domain, so it needs refreshing before it is relied on.","Research complete - the only attempts policy this program has ever published is a 2020 FAQ answer that prefers first-attempt passes but does not exclude repeat attempts. The page that carried it is no longer online, so the current policy is unconfirmed.",VERIFIED,The program accepts applicants up to 2 years since medical school graduation. Gap time is acceptable if spent on research or other medical education pursuits - clinical experience is explicitly not required - and no previous GME is required.,,PARTIALLY_VERIFIED,"No US clinical experience, away rotation or audition rotation is required. The program's archived FAQ encouraged - but did not require - prior neurology rotations and an audition rotation at Palmetto General, and FREIDA's 2026 survey records no required away rotation.",,RESEARCHED_NOT_PUBLIC,"The program publishes no ECFMG-certification statement. That is an absence of published policy, not a relaxation of it. For Alejandra the point is moot: ECFMG certification applies to graduates of non-US/non-Canadian medical schools, and Universidad Central del Caribe in Puerto Rico is LCME-accredited.","Research complete - the program publishes no ECFMG-certification requirement, and in fact publishes no applicant-eligibility page at all, because its residency website is offline and the link it gives ERAS applicants returns a 404.",RESEARCHED_NOT_PUBLIC,"The program publishes no visa-sponsorship list. FREIDA's 2026 survey field_visa_status is an empty array, and no program or GME page exists to state a policy. A widely-repeated aggregator claim of J-1 sponsorship is unsupported and is not carried into this dossier.","Research complete - Palmetto General Hospital's neurology program does not publish a visa-sponsorship list, and FREIDA's 2026 survey records no visa types. Claims elsewhere on the internet that the program sponsors J-1 visas could not be traced to any official source and are not repeated here.",PARTIALLY_VERIFIED,"The program is 'Participating' in ERAS 2027 and sets no program-specific deadline: FREIDA's 2026 survey leaves the deadline field empty and records that the program uses the universal specialty application date. Neurology is a September application-cycle specialty with up to 8 program signals, but whether THIS program takes signals is not published. Three to four letters are required; interviews are virtual and a second look is offered.",,,"Palmetto General Hospital Program in Adult Neurology (ACGME 1801100160, NRMP 2121180C0) is a 4-year, community-based categorical neurology residency in Hialeah, Florida, sponsored by Palmetto General Hospital itself. The hospital passed from Tenet Healthcare to Steward Health Care in 2021 and, after Steward's May 2024 Chapter 11 filing, to Healthcare Systems of America (an American Healthcare Systems entity) around September 2024. The residency is ACTIVE and recruiting for the 2027 Match, but it currently has no working public program website."
1801112154,RISE-NEURO-0203,University of Florida College of Medicine Jacksonville Program - Neurology,Jacksonville,FL,YES_WAVE3,VERIFIED,"A passing USMLE Step 1 (or COMLEX Level 1 for DO applicants) is required for interview consideration. No minimum Step 1 score is published, and Step 1 has been pass/fail since 2022.",,VERIFIED,"A passing Step 2 CK result is required, but the program publishes NO minimum Step 2 CK score. The requirement is about having passed, not about hitting a number.",,"A passing Step 2 CK result is required, but the program publishes NO minimum Step 2 CK score. The requirement is about having passed, not about hitting a number.",REQUIRES_STEP2_BEFORE_INTERVIEW,True,"null = no published rule to evaluate, or sources conflict; MUST NOT render as 'no barrier'","A passing Step 2 CK is published as required for interview consideration, so a mid-October result arrives after the published gate opens. The exposure is narrowed by this program's own deadline and interview window; confirm with the coordinator.","see domain 5 for the full structured determination | Full determination, the verbatim published language, and the barrier reasoning are carried in the structured value for this domain. Sources opened for this domain specifically: the FREIDA program page (program's own survey received 2026-06-16, page last updated 2026-08-20); the UFCOM-J GME 'Medical Licensing Examination Policy' current document; the program's own 'How to Apply' page; and the OPDA Guide for Residency Applicants - Adult Neurology 2026-2027. I checked the program page, the GME application/eligibility pages, the resident manual, the two institutional policy documents, and FREIDA's field_usmle_step2_req_int and field_usmle_step_2_required. Note on those two named fields: both are false in the 2026 survey, but neither renders a visible row on the public FREIDA page; the visible, labelled rows under the 'for Interview Consideration' heading are driven by field_usmle_us_md_pass_ck / field_usmle_img_pass_ck, both true. Reading the two false legacy fields as 'Step 2 not required for interview' would have been a serious misreading, and I rejected it after locating the rendered heading text in the page HTML.",RESEARCHED_NOT_PUBLIC,No limit on USMLE or COMLEX attempts is published by this program or by UF College of Medicine - Jacksonville GME.,RESEARCHED_NOT_PUBLIC,No limit on USMLE or COMLEX attempts is published by this program or by UF College of Medicine - Jacksonville GME.,"Research complete - The program and its GME office do not publish any limit on USMLE or COMLEX attempts. Only passage is stated as a requirement, not attempt count.",VERIFIED,"There is no cap on years since medical school graduation. Alejandra, graduating June 2027 and applying in the same cycle, is well inside any such consideration in any case.",,RESEARCHED_NOT_FOUND,"No U.S. clinical experience requirement is published, and the program explicitly does not require an away rotation.",Research complete · No US clinical experience requirement is published for this program.,VERIFIED,"ECFMG certification is required before appointment, but only for graduates of medical schools outside the United States and Canada. As an LCME-accredited U.S. MD school graduate, Alejandra would not use this pathway.",,VERIFIED,The program sponsors J-1 visas through ECFMG only. H-1B sponsorship is explicitly unavailable for residency applicants at this institution.,,PARTIALLY_VERIFIED,"Applications go through ERAS only, with an unusually late December 31 deadline, 3-4 letters (at least one from neurology), and no supplemental materials. Adult neurology offers 8 program signals this cycle, but this program does not publish how it uses them.",,,"A 3-year, ACGME-accredited ADVANCED adult neurology program at UF Health Jacksonville with PGY-2 entry, 4 positions per year and 12 total. It offers no PGY-1 positions of its own; one prior year of GME is required."
1801113148,RISE-NEURO-0095,Mayo Clinic College of Medicine and Science (Jacksonville) Program - Adult Neurology Residency (Florida),Jacksonville,FL,YES_WAVE1,PARTIALLY_VERIFIED,A passing USMLE Step 1 is required (COMLEX Level 1 for DOs). No minimum Step 1 score is published anywhere by this program or by Mayo GME.,Research complete · The program requires a passing Step 1 but does not publish any minimum Step 1 score.,VERIFIED,"Step 2 CK is NOT required by this program for any applicant category, and no minimum Step 2 score is published. Alejandra's pending Step 2 CK is not a published eligibility problem here.",,"Step 2 CK is NOT required by this program for any applicant category, and no minimum Step 2 score is published. Alejandra's pending Step 2 CK is not a published eligibility problem here.",NO_PUBLISHED_INITIAL_REVIEW_BARRIER,False,"null = no published rule to evaluate, or sources conflict; MUST NOT render as 'no barrier'","Alejandra sits Step 2 CK in late September 2026 with a result expected mid-October 2026. This program's published timeline is: ERAS 2026 cycle; virtual interview days 'held between October and January'; optional in-person second look February 2027; NRMP rank order list thereafter. A mid-October score therefore arrives at the very beginning of, and for most invitations before, the program's own interview window, and months before ranking. Because the program publishes NO Step 2 requirement at any stage, there is no published gate for the result to be late for. The residual risk is timing-of-review rather than timing-of-eligibility: an application reviewed in very early October would be read without a Step 2 score in hand, which is a competitive consideration at a 10:1-interview program, not a published barrier. She should plan to have the score released into ERAS as soon as it posts.","Determined separately across all six published decision points, as the contract requires. (1) REQUIRED WITH ERAS SUBMISSION? No. The program's Application Process page lists what must be submitted (MyERAS application; optional supplemental ERAS; NRMP registration) and names no USMLE Step 2 CK requirement or score deadline at all. Mayo's institution-wide Application Process page requires 'Official test transcripts for all applicable examinations - USMLE, LMCC, COMLEX, NBOME, FMGEMS, FLEX, or NBME', i.e. whatever exams the applicant has taken, with no statement that Step 2 must be among them. (2) BEFORE INITIAL REVIEW? No published rule. (3) BEFORE INTERVIEW INVITATION? FREIDA's 2026 survey field field_usmle_step2_req_int is FALSE - the program's own survey answer that Step 2 is not required for an interview. (4) BEFORE RANKING? No published rule for USMLE Step 2. The only ranking-stage gate Mayo publishes is ECFMG-specific and applies to international medical graduates: applicants in the process of obtaining ECFMG certification 'may be interviewed, but may not be placed on a rank match list, or appointed, unless they have received full ECFMG certification.' That rule does not reach a graduate of an LCME-accredited U.S. medical school and therefore does not reach Alejandra. (5) BEFORE START DATE? Mayo publishes only the general requirement that 'Successful candidates must fulfil all applicable licensure eligibility requirements before starting' - a licensure statement, not a published Step 2 deadline. (6) CONFLICTING? No. Both available sources point the same way. Accordingly: no published Step 2 timing barrier exists for this program. CRITICAL CAVEAT, stated explicitly per contract: this is a finding about what the program PUBLISHES, not a finding that Step 2 CK is ignor",RESEARCHED_NOT_PUBLIC,Neither the program nor Mayo Clinic School of Graduate Medical Education publishes a limit on USMLE or COMLEX attempts.,RESEARCHED_NOT_PUBLIC,Neither the program nor Mayo Clinic School of Graduate Medical Education publishes a limit on USMLE or COMLEX attempts.,Research complete · The program does not publicly state a limit on the number of USMLE or COMLEX attempts.,VERIFIED,"There IS a graduation-recency limit: 5 years since medical school graduation. The registry recorded 'No cap on the number of years' - that is now wrong. Alejandra, graduating June 2027 and applying in the same cycle, is far inside the limit.",,PARTIALLY_VERIFIED,"No U.S. clinical experience requirement is published, and the program's own FREIDA answer about gaps in medical education explicitly says clinical experience is not required.",Research complete · The program does not publish a U.S. clinical experience requirement; its own FREIDA answer states clinical experience is not required to fill a gap in medical education.,VERIFIED,"ECFMG certification is required only of graduates of medical schools OUTSIDE the United States. Puerto Rico's LCME-accredited schools are United States medical schools, so this does not apply to Alejandra - though Mayo never names Puerto Rico explicitly, which is worth flagging.",,VERIFIED,"Mayo sponsors J-1 through ECFMG, H-1B, and F-1 OPT. H-1B is now materially constrained: following the 21 September 2025 Presidential Proclamation imposing a $100,000 payment on new H-1B petitions, Mayo states it 'will not pursue a new H-1B visa for an applicant whose status would require the payment of the $100,000.' None of this applies to Alejandra, a U.S. citizen.",,PARTIALLY_VERIFIED,"Applications go through ERAS; the program uses the universal specialty application date rather than publishing its own deadline. Virtual interviews run October-January, with an optional February 2027 in-person second look that explicitly does not affect ranking. Program signals are available but the supplemental ERAS application is optional.",Research complete · The program does not publish its own application deadline date; it uses the universal specialty application date for Neurology.,,"This is the four-year ADULT Neurology Residency at Mayo Clinic's campus in Jacksonville, Florida (ACGME 1801113148), begun July 2002: one PGY-1 year in Mayo Florida's Internal Medicine Preliminary Residency followed by three ACGME-accredited neurology years (PGY-2 to PGY-4). It matches as a single CATEGORICAL NRMP code, 1032180C0."
1801121025,RISE-NEURO-0205,"University of Florida Program (UF Neurology Residency), Gainesville",Gainesville,FL,YES_WAVE3,VERIFIED,"A passing Step 1 (or COMLEX Level 1 for DO applicants) is required; no minimum score is published and Step 1 is not flagged as a prerequisite for interview consideration. Alejandra passed Step 1 on the first attempt, which matches the program's stated preference.",,VERIFIED,"No Step 2 CK pass and no minimum Step 2 score is required or published for US MD applicants, and Step 2 is explicitly not a screen for interview consideration. Because the program publishes no minimum score, score compatibility cannot be assessed as a threshold question.",,"No Step 2 CK pass and no minimum Step 2 score is required or published for US MD applicants, and Step 2 is explicitly not a screen for interview consideration. Because the program publishes no minimum",NO_PUBLISHED_INITIAL_REVIEW_BARRIER,False,"null = no published rule to evaluate, or sources conflict; MUST NOT render as 'no barrier'","No published rule gates application, review, interview or ranking on a Step 2 result, so a mid-October score meets no published barrier.","no Step 2 timing gate is published at submission, initial review, interview invitation or ranking. | Three independent sources were checked separately for the four possible timing gates. (1) The program's own Application Requirements page, current for the 2026-2027 season, contains no sentence requiring Step 2 at submission, before review, before interview, or before ranking. Its operative sentence is verbatim: 'All applications are reviewed and considered for interview, utilizing a holistic review process as recommended by the AAMC... No individual metric will preclude consideration for interview, but applicants ideally should have passed the USMLE/COMLEX exams on first attempt and have completed their medical training no more than five years before application.' It also states 'Because the holistic structure naturally slows the overall review process, interview invitations are sent on a rolling basis throughout the interview season' and 'Interviews are generally conducted from mid-October through mid-December. Rank order lists must be submitted to the NRMP by mid-February.' (2) FREIDA survey_2026 fields field_usmle_step2_req_int = false and field_usmle_step_2_required = false, with field_usmle_step_2_minimum_score = null - so no requirement AND no interview-stage flag. (3) The UF GME institutional eligibility policy places Step 2 only inside the foreign-graduate/ECFMG branch, not in the LCME branch that applies to a Puerto Rico LCME graduate. The UF GME USMLE/COMLEX Policy governs Step 3, not Step 2. NO inference was drawn from any minimum-score rule, because none exists. This is a genuine absence of a published timing gate, not an unfound one: the program publishes a detailed, specific screening-philosophy paragraph and that paragraph disclaims metric-based exclusion",VERIFIED,There is no hard attempts limit. The program states a preference for first-attempt passes but explicitly says no individual metric precludes interview consideration.,VERIFIED,There is no hard attempts limit. The program states a preference for first-attempt passes but explicitly says no individual metric precludes interview consideration.,,VERIFIED,"The program prefers applicants who completed medical training no more than five years before applying, stated as an ideal rather than an absolute bar. Alejandra applies as a 2027 senior, so this is a non-issue.",,PARTIALLY_VERIFIED,"No US clinical experience requirement is published, and FREIDA records that clinical experience obtained inside or outside the US satisfies the program's gap-experience expectation. Away rotations are not required.","Research complete - the program does not publish a US clinical experience requirement; FREIDA records that clinical experience obtained in the US or outside the US satisfies its gap-experience expectation, and away rotations are not required.",VERIFIED,ECFMG certification is required of foreign medical graduates by the time of rank-list submission. As a Universidad Central del Caribe graduate - a US LCME-accredited school - Alejandra does not need ECFMG certification and falls inside the UF GME policy's LCME branch.,,VERIFIED,"The program sponsors J-1 visas through ECFMG and has publicly stopped sponsoring H-1B visas for housestaff. This is irrelevant to Alejandra, who as a Puerto Rico LCME-school graduate is a US medical graduate requiring no sponsorship.",,PARTIALLY_VERIFIED,"The program publishes a full interview timeline (rolling invitations mid-October to mid-December, ROL mid-February) but no ERAS application deadline date in the current cycle, and it does not publish any program-signaling policy. Interviews for the 2026-2027 season are virtual, which removes interview travel cost.","Research complete - the program publishes an interview and rank-list timeline but no ERAS application deadline date for the current cycle, and no program-signaling policy.",,"Four-year categorical Adult Neurology residency at the University of Florida College of Medicine in Gainesville, with 8 PGY-1 positions a year and a single NRMP track (1824180C0, Active). Training sites are UF Health Shands / the UF Health Neuromedicine Hospital, the Malcom Randall VA, and the Norman Fixel Institute for Neurological Diseases."
1801121026,RISE-NEURO-0216,University of Miami/Jackson Health System Program,Miami,FL,YES_WAVE1,VERIFIED,"Step 1 must be passed, but there is no score requirement or cutoff; the program states it performs a holistic review. COMLEX Level 1 is accepted from DO applicants, and DO applicants are not required to take the USMLE.",,VERIFIED,"Step 2 CK must be passed, but the program publishes no minimum score and states plainly that it has no score requirement or cutoff. Its published range for matched residents is 222-280.",,"Step 2 CK must be passed, but the program publishes no minimum score and states plainly that it has no score requirement or cutoff. Its published range for matched residents is 222-280.",PUBLISHED_SOURCES_CONFLICT,,"null = no published rule to evaluate, or sources conflict; MUST NOT render as 'no barrier'","UNRESOLVED after adversarial review. Two primary-tier readings conflict and neither can be dismissed: (a) Jackson GME publishes only a before-start rule ('must successfully complete ... Steps 1 and 2 before the start of the residency program') and FREIDA's survey sets field_usmle_step2_req_int = False, which together imply no interview-stage gate; (b) FREIDA's own public page renders, under the heading 'Medical Exam Licensing Requirements for Interview Consideration', 'Must Have Passed USMLE Step 2 CK => Yes' for both US MD and IMG applicants, with field_usmle_us_md_pass_ck = True, and the canonical registry carries 'US MD Step 2 Required = Yes'. Two sibling Florida programs coded that identical rendering AS a barrier. Treat as unresolved and confirm with the coordinator before relying on either reading.","Three distinct questions were tested separately. (1) Required with the ERAS submission? The program's Application Information page says 'The application requires a personal statement, your medical school transcript, USMLE scores for steps 1 and 2, three letters of reference (a 4th ""chair"" letter is optional), and the Medical Student Performance Evaluation (MSPE).' That is a list of what the ERAS application comprises, not a timing rule, and the contract forbids inferring timing from a statement that does not address timing. It is preserved as a conflict, not promoted. (2) Required before initial review, before interview invitation, or before ranking? Nothing published states any of these, and the program's own current FREIDA survey answers the interview question directly in the negative: field_usmle_step2_req_int = False, alongside field_usmle_step_2_required = False. The program also states it has no score requirement or cutoff and performs a holistic review, which is inconsistent with a hard pre-interview score gate. (3) Required before the start date? Yes, explicitly and unambiguously. Jackson Health System GME, the sponsoring institution and employer of record, states: 'All residency applicants must successfully complete United States Medical Licensing Examination or Comprehensive Medical Licensing Examination Steps 1 and 2 before the start of the residency program.' That is the only timing rule anyone publishes, so it is the final code. This is NOT a RESEARCHED_NOT_PUBLIC finding converted into 'not required' - a requirement does exist and is dated to the start of training.",RESEARCHED_NOT_PUBLIC,"No limit on USMLE or COMLEX attempts is published by the program, by Jackson GME, or in the FREIDA survey record.",RESEARCHED_NOT_PUBLIC,"No limit on USMLE or COMLEX attempts is published by the program, by Jackson GME, or in the FREIDA survey record.",Research complete · The program does not publicly publish a USMLE/COMLEX attempts limit. Its published screening stance is a holistic review with no score cutoff.,VERIFIED,"FREIDA records a five-year limit on years since medical school graduation, and requires that any gap in medical education be covered by clinical experience inside or outside the US.",,VERIFIED,"US clinical experience is recommended but explicitly not required. Externships for visiting students are limited to LCME-accredited US and Canadian schools through VSAS, and observerships are limited.",,VERIFIED,"ECFMG certification is required for international medical graduates. It does not apply to Alejandra, who is a graduate of an LCME-accredited U.S. MD school in Puerto Rico.",,VERIFIED,"J-1 only, sponsored through ECFMG. H-1B is not sponsored. Jackson Health System is the employer and states it can sponsor only J-1.",,CONFLICT,"Two official sources give different deadlines: the program's own pages say the absolute ERAS deadline is November 15, while the Jackson GME page says applications are accepted from September 15 until November 1. The program separately notes it typically fills its interview slots by about October 15, and interviews are virtual from early November to late January.",,,"A four-year Adult Neurology residency sponsored by the University of Miami Miller School of Medicine with Jackson Health System, training across Jackson Memorial Hospital, the Miami VA and UHealth Tower on one campus. PGY-1 is an internal medicine internship; entry is via a categorical track, an advanced track, or a single NRMP Reserved position."
1801121027,RISE-NEURO-0240,University of South Florida Morsani Program - Adult Neurology Residency,Tampa,FL,YES_WAVE3,VERIFIED,"A passing Step 1 (or COMLEX Level 1) is required before training begins, per USF institutional policy GME-201. The program publishes no Step 1 minimum score for graduates of LCME-accredited US schools; the 225 minimum and first-attempt rule appear only in the International Graduates section and do not apply to Alejandra.",,VERIFIED,"A passing Step 2 CK is required before residency begins, but the program publishes NO minimum Step 2 score for graduates of LCME-accredited US medical schools. The only published numeric thresholds are a 225 minimum in the International Graduates section and a >250 threshold for discretionary H-1B sponsorship - neither applies to Alejandra.",,"A passing Step 2 CK is required before residency begins, but the program publishes NO minimum Step 2 score for graduates of LCME-accredited US medical schools. The only published numeric thresholds ar",REQUIRES_STEP2_BEFORE_START,False,"null = no published rule to evaluate, or sources conflict; MUST NOT render as 'no barrier'","No published barrier. Alejandra sat Step 2 CK in late September 2026 with a result expected mid-October 2026. The program's only published Step 2 gate is appointment, i.e. before training begins in July 2027 - roughly eight months after her score returns. Her score will also be in hand before the program's published interview window closes on 28 February 2027 and well before rank-list certification, and the program has positively answered that Step 2 is not required for interview consideration. She can submit her ERAS application in September 2026 without a Step 2 score without violating any published rule. The freshness check the contract requires was run: FREIDA's survey was received 2026-07-08, one day BEFORE the registry release of 2026-07-09 and a full cycle newer than the 2025-06-18 survey the registry was built on, and the Step 2 answers in that newer survey moved from the registr","Determined separately against each of the contract's gates. REQUIRED WITH ERAS SUBMISSION? No published requirement. The program's Application Information page lists 'USMLE/COMPLEX scores' among required application documents but does not name which Steps or specify timing; that generic phrase is not treated as a Step 2 submission requirement. REQUIRED BEFORE INITIAL REVIEW? No published requirement found on the program page, the GME site, the GME policy set, or FREIDA. REQUIRED BEFORE INTERVIEW INVITATION? Positively answered NO by the program itself: FREIDA's survey_2026, received 2026-07-08, sets field_usmle_step2_req_int=false and field_comlex_lvl2_req_int=false. This is a negative answer from the program, not an absence of data. REQUIRED BEFORE RANKING? No published requirement. GME-202 requires GME Office approval before ranking an applicant for an H-1B visa, but that is a visa mechanism and not a Step 2 rule, and does not apply to a US citizen. REQUIRED BEFORE START DATE? YES, positively and explicitly, by institutional policy. That is the operative gate. NO CLEAR PUBLISHED TIMING? Not applicable - the timing is clearly published, it just sits at appointment rather than at screening. CONFLICTING? There is a surface tension worth recording: FREIDA answers field_usmle_step_2_required=false while GME-201 positively requires a passing Step 2 before training begins. These are not genuinely contradictory because they answer different questions - FREIDA's field concerns application screening requirements, GME-201 concerns appointment eligibility - so the code assigned is REQUIRES_STEP2_BEFORE_START rather than PUBLISHED_SOURCES_CONFLICT. Finally, and per the contract's explicit warning, timing was NOT inferred from any minimum-score rule: the '225 or higher' figure on t",PARTIALLY_VERIFIED,"The only published attempts rule is first-attempt passage of USMLE Steps 1 and 2, and it appears solely in the International Graduates section. No attempts limit is published for graduates of LCME-accredited US medical schools, and neither GME-200 nor GME-201 sets one.",PARTIALLY_VERIFIED,"The only published attempts rule is first-attempt passage of USMLE Steps 1 and 2, and it appears solely in the International Graduates section. No attempts limit is published for graduates of LCME-accredited US medical schools, and neither GME-200 nor GME-201 sets one.",Research complete - the program publishes no maximum-attempts rule for graduates of LCME-accredited U.S. medical schools; its only first-attempt requirement is written for international medical graduates.,CONFLICT,"FREIDA reports the program will consider applicants up to 2 years from graduation, while the program's own International Graduates section says graduation 'within the last 3 years'. Both are preserved. Alejandra graduates June 2027 for a July 2027 start, so she is at zero years since graduation under either rule.",,PARTIALLY_VERIFIED,"US clinical experience is required only of international medical graduates (one year), and away rotations are not required of anyone. The department does host fourth-year visiting medical-student electives, with Tampa General and the James A. Haley VA named as the highest-yield sites.",,VERIFIED,"ECFMG certification is required only of graduates of medical schools outside the United States and Canada. Alejandra graduated from Universidad Central del Caribe, an LCME-accredited United States medical school in Puerto Rico, so ECFMG certification is not applicable to her.",,PARTIALLY_VERIFIED,"The program sponsors J-1 visas through ECFMG. H-1B is not offered as a routine option: FREIDA lists J-1 only, the program page says H-1B will be considered only for applicants with Steps 1 and 2 above 250, and institutional policy GME-202 restricts H-1B to narrow exceptions. None of this applies to Alejandra, a US MD graduate and US citizen.",,PARTIALLY_VERIFIED,"The program applies through ERAS, interviews in person between 1 October 2026 and 28 February 2027, and publishes no application deadline in its current FREIDA survey - it tells applicants to apply as early as possible and follow the NRMP calendar. Adult Neurology participates in ERAS program signaling with 8 signals for the 2027 season, though the program itself publishes no signaling statement.",Research complete - the program did not answer FREIDA's application-deadline questions in its current (2026) survey and publishes no deadline date on its own website; the 30 November date in the registry is from the previous survey cycle.,,"USF Morsani's Adult Neurology residency is a four-year university-based CATEGORICAL program in Tampa whose sponsor is USF Morsani College of Medicine and whose primary teaching site is Tampa General Hospital. It now recruits twelve residents per year, up from eight through the 2025 Match."
1801122152,RISE-NEURO-0030,Cleveland Clinic Foundation/Florida Weston Program (self-described as the Cleveland Clinic Florida Neurology Residency Program),Weston,FL,YES_WAVE2,VERIFIED,"The program suggests a USMLE Step 1 score above 220 achieved in one attempt, and accepts COMLEX Level 1 as the equivalent. This is published as a suggestion, not as a hard cutoff.",,VERIFIED,"A Step 2 CK (or COMLEX Level 2) score report is mandatory: applicants without one uploaded to ERAS by the rank-list deadline will not be ranked. The program suggests a score above 220 in one attempt, so a result in the 230-240 planning range would sit above the published expectation.",,,REQUIRES_STEP2_BEFORE_RANKING,False,"null = no published rule to evaluate, or sources conflict; MUST NOT render as 'no barrier'","Alejandra sat Step 2 CK in late September 2026 with a result expected mid-October 2026. The only published Step 2 deadline at this program is the NRMP rank-order-list submission deadline, which falls in late February or early March 2027 — roughly four and a half months after her score releases. Her score will also be in hand before or during the great majority of this program's interview window, which FREIDA 2026 gives as 2026-10-01 to 2027-02-28, and in any case Step 2 is not required before interview here. There is therefore no published barrier at any stage. Two caveats stated plainly rather than softened. First, the program's own How to Apply preamble creates a real ambiguity about whether a 'complete' application requires the Step 2 transcript before Selection Committee review; if that preamble were applied literally by a screener, an application submitted in September 2026 without ","Determined separately at each of the six decision points the contract requires. (a) REQUIRED WITH ERAS SUBMISSION: No. The program lists a Step 2 transcript among ERAS application components but sets no submission-time deadline for it, and the operative sentence names a later deadline. (b) REQUIRED BEFORE INITIAL REVIEW: Ambiguous on the program's own text and resolved against a pre-review requirement. The How to Apply preamble reads 'You must complete all components of the ERAS Application for your application to be considered complete and to be reviewed by the Selection Committee. Our application requirements are the same as the standard ERAS application:' followed by a bullet list that includes the Step 2 transcript. Read in isolation that could imply Step 2 is needed before review. But the very next bullet sets the actual deadline at rank-list submission AND its parenthetical explicitly contemplates an applicant who was 'invited for an interview' while having no Step 2 score uploaded — which is impossible if Step 2 were a precondition of review. The specific, later, operative rule therefore governs, and the ambiguity is recorded rather than erased. (c) REQUIRED BEFORE INTERVIEW INVITATION: No, and this is positively established rather than merely unstated. The parenthetical '(assuming you were invited for an interview)' presupposes interview invitations issued to applicants without an uploaded Step 2 score. (d) REQUIRED BEFORE RANKING: Yes, unambiguously, with a stated consequence. (e) REQUIRED BEFORE START DATE ONLY: No — the deadline is materially earlier than the start date. (f) NO CLEAR PUBLISHED TIMING or CONFLICTING: Not applicable; the timing is explicit. A separate note on FREIDA: the 2026-06-15 survey sets field_usmle_step_2_required = false and field_usmle",PARTIALLY_VERIFIED,Single-attempt performance on Step 1 and Step 2 is published as 'suggested'. The program publishes no rule that automatically excludes applicants with more than one attempt.,PARTIALLY_VERIFIED,Single-attempt performance on Step 1 and Step 2 is published as 'suggested'. The program publishes no rule that automatically excludes applicants with more than one attempt.,Research complete · The program states that one attempt is 'suggested' for Step 1 and Step 2 but does not publish a maximum-attempts rule or an automatic exclusion for multiple attempts.,VERIFIED,"The program requires medical school graduation within the last five years. Alejandra, graduating June 2027 and applying in the 2027 cycle, is well inside the limit.",,VERIFIED,"U.S. clinical experience is 'strongly preferred' rather than required, and the program requires no away rotation. Alejandra's Houston neurology away rotation meets the spirit of this.",,VERIFIED,"The program requires ECFMG certification at the time of application for graduates of international medical schools. This does not apply to Alejandra, who graduates from an LCME-accredited U.S. MD school, although the program never says so in writing.",Research complete · The program publishes an ECFMG rule for international medical graduates but publishes no statement about how it classifies LCME-accredited Puerto Rico medical schools.,PARTIALLY_VERIFIED,The program sponsors J-1 and H-1B visas; the 2026 FREIDA survey additionally lists F-1. Visa sponsorship is not a factor for Alejandra as a U.S. MD graduate.,,PARTIALLY_VERIFIED,"The program publishes no ERAS deadline of its own; the registry's 2025-12-31 is one cycle stale. Interviews for this cycle run 2026-10-01 to 2027-02-28 and are in person. Neurology offers applicants 8 single-tier AAMC program signals, but this program does not publish how it uses them.","Research complete · The program does not publish an ERAS application deadline for the current cycle, and publishes no statement about how it uses AAMC program signals.",,"Cleveland Clinic Florida's Adult Neurology residency is a three-year ADVANCED program in Weston, FL (Broward County) that begins at PGY-2 after a separately matched PGY-1 internal medicine year; a dedicated coordinated prelim year is offered at the same institution. Approved complement is 12 with 4 positions per year."
