state,acgme_id,rise_program_id,program_name,field,registry_value,research_supported_value,discrepancy_class,supporting_source,confidence,recommended_action,evidence_provenance,note,adversarially_validated
TX,1804800001,RISE-NEURO-0247,University of Texas at Austin Dell Medical School/Ascension Seton Medical Center Program,Program Director,(empty),"Ethan Meltzer, M.D.",SEMANTIC_MISMATCH,https://dellmed.utexas.edu/education/academics/graduate-medical-education/neurology-residency/team,MEDIUM,FIX_FIELD_SEMANTICS_OR_NULL_HANDLING,STAGE_B_STRUCTURED_PER_FIELD,Exactly the predicted schema gap - empty for all 16 TX Neurology rows. Not a research gap; the PD is published on the program's own Team page and signs the Directors' Welcome.,NO
TX,1804800001,RISE-NEURO-0247,University of Texas at Austin Dell Medical School/Ascension Seton Medical Center Program,Program Faculty Count,0,30 physician faculty (FREIDA field_total_physician); department 'currently over 100 members' per the Directors' Welcome,SEMANTIC_MISMATCH,https://freida.ama-assn.org/program/1804800001,MEDIUM,FIX_FIELD_SEMANTICS_OR_NULL_HANDLING,STAGE_B_STRUCTURED_PER_FIELD,"FREIDA null sentinel written as zero, exactly the predicted defect pattern.",NO
TX,1804800001,RISE-NEURO-0247,University of Texas at Austin Dell Medical School/Ascension Seton Medical Center Program,Faculty Resident Ratio,0.00:1,1.90:1 (FREIDA field_ratio_ft_faculty),SEMANTIC_MISMATCH,https://freida.ama-assn.org/program/1804800001,MEDIUM,FIX_FIELD_SEMANTICS_OR_NULL_HANDLING,STAGE_B_STRUCTURED_PER_FIELD,"Same null-sentinel defect. 1.90 x 16 residents = 30.4, consistent with field_total_physician = 30.",NO
TX,1804800001,RISE-NEURO-0247,University of Texas at Austin Dell Medical School/Ascension Seton Medical Center Program,Faculty Distribution,Physicians: 0; non-physicians: 0,30 physicians reported; non-physician count not published,SEMANTIC_MISMATCH,https://freida.ama-assn.org/program/1804800001,MEDIUM,FIX_FIELD_SEMANTICS_OR_NULL_HANDLING,STAGE_B_STRUCTURED_PER_FIELD,Null sentinel.,NO
TX,1804800001,RISE-NEURO-0247,University of Texas at Austin Dell Medical School/Ascension Seton Medical Center Program,Salary PGY1,67503,"$69,528 for AY2026-2027 (the GME page explicitly labels $67,503 as 'Current Academic Year: 2025-2026')",STALE_REGISTRY_VALUE,https://dellmed.utexas.edu/education/academics/graduate-medical-education/resources/salary-and-benefits,MEDIUM,REFRESH_FROM_CURRENT_CYCLE,STAGE_B_STRUCTURED_PER_FIELD,Exactly the predicted one-cycle-stale salary pattern. FREIDA reports 69582 for the same year - a $54 discrepancy recorded as a conflict.,NO
TX,1804800001,RISE-NEURO-0247,University of Texas at Austin Dell Medical School/Ascension Seton Medical Center Program,Salary PGY2,69657,"$71,747 (AY2026-27)",STALE_REGISTRY_VALUE,https://dellmed.utexas.edu/education/academics/graduate-medical-education/resources/salary-and-benefits,MEDIUM,REFRESH_FROM_CURRENT_CYCLE,STAGE_B_STRUCTURED_PER_FIELD,AY2025-26 value.,NO
TX,1804800001,RISE-NEURO-0247,University of Texas at Austin Dell Medical School/Ascension Seton Medical Center Program,Salary PGY3,72478,"$74,652 (AY2026-27)",STALE_REGISTRY_VALUE,https://dellmed.utexas.edu/education/academics/graduate-medical-education/resources/salary-and-benefits,MEDIUM,REFRESH_FROM_CURRENT_CYCLE,STAGE_B_STRUCTURED_PER_FIELD,AY2025-26 value.,NO
TX,1804800001,RISE-NEURO-0247,University of Texas at Austin Dell Medical School/Ascension Seton Medical Center Program,Salary PGY4,75368,"$77,629 (AY2026-27)",STALE_REGISTRY_VALUE,https://dellmed.utexas.edu/education/academics/graduate-medical-education/resources/salary-and-benefits,MEDIUM,REFRESH_FROM_CURRENT_CYCLE,STAGE_B_STRUCTURED_PER_FIELD,AY2025-26 value.,NO
TX,1804800001,RISE-NEURO-0247,University of Texas at Austin Dell Medical School/Ascension Seton Medical Center Program,Application Deadline,2025-12-15,October 15; all applications reviewed by Oct. 1; submit by Sept. 15 for stated advantage,CONFIRMED_CORRECTION,https://dellmed.utexas.edu/education/academics/graduate-medical-education/neurology-residency/application-details,MEDIUM,UPDATE_REGISTRY_VALUE,STAGE_B_STRUCTURED_PER_FIELD,Not merely stale - two months later than the program's own published cutoff. Acting on the registry value would risk a missed deadline.,NO
TX,1804800001,RISE-NEURO-0247,University of Texas at Austin Dell Medical School/Ascension Seton Medical Center Program,Program Status,FREIDA: not accepting current year; accepting next year,field_accepting_current_year = true in the survey received 2026-07-21,CONFIRMED_CORRECTION,https://freida.ama-assn.org/program/1804800001,MEDIUM,UPDATE_REGISTRY_VALUE,STAGE_B_STRUCTURED_PER_FIELD,A straight reversal. The registry was hydrated from the prior survey cycle.,NO
TX,1804800001,RISE-NEURO-0247,University of Texas at Austin Dell Medical School/Ascension Seton Medical Center Program,US MD Step 2 Required,Yes,"field_usmle_us_md_pass_ck = true (a PASS is required) but field_usmle_step_2_required = false and field_usmle_step2_req_int = false (not an application element, not required for interview)",SEMANTIC_MISMATCH,https://freida.ama-assn.org/program/1804800001,MEDIUM,FIX_FIELD_SEMANTICS_OR_NULL_HANDLING,STAGE_B_STRUCTURED_PER_FIELD,"The most consequential registry defect in the row. The registry collapsed 'must have passed' into 'score required', which read naively would wrongly exclude an applicant with a mid-October score.",NO
TX,1804800001,RISE-NEURO-0247,University of Texas at Austin Dell Medical School/Ascension Seton Medical Center Program,US MD Step 1 Required,Yes,field_usmle_us_md_pass_1 = true but field_usmle_step_1_required = false and field_usmle_step1_req_int = false,SEMANTIC_MISMATCH,https://freida.ama-assn.org/program/1804800001,MEDIUM,FIX_FIELD_SEMANTICS_OR_NULL_HANDLING,STAGE_B_STRUCTURED_PER_FIELD,"Same conflation. Step 1 is pass/fail since 2022, so no score requirement is possible.",NO
TX,1804800001,RISE-NEURO-0247,University of Texas at Austin Dell Medical School/Ascension Seton Medical Center Program,IMG Step 2 Required,Yes,field_usmle_img_pass_ck = true (pass required); no score-for-interview requirement,SEMANTIC_MISMATCH,https://freida.ama-assn.org/program/1804800001,MEDIUM,FIX_FIELD_SEMANTICS_OR_NULL_HANDLING,STAGE_B_STRUCTURED_PER_FIELD,Same conflation.,NO
TX,1804800001,RISE-NEURO-0247,University of Texas at Austin Dell Medical School/Ascension Seton Medical Center Program,Medical School Graduation Timeline,5,"FREIDA field_years_since_graduation = 5, but the program's own page and FAQ both state three years for IMGs",GENUINE_SOURCE_CONFLICT,https://dellmed.utexas.edu/education/academics/graduate-medical-education/neurology-residency/application-details,MEDIUM,PRESERVE_BOTH_PENDING_PRIMARY_CONFIRMATION,STAGE_B_STRUCTURED_PER_FIELD,Registry faithfully copied FREIDA; the program publishes a tighter IMG-specific rule the registry schema cannot express.,NO
TX,1804800001,RISE-NEURO-0247,University of Texas at Austin Dell Medical School/Ascension Seton Medical Center Program,Applicant Interview Format,In Person,"'Interviews are held virtually most Tuesdays from late October through December', with an optional in-person second look",GENUINE_SOURCE_CONFLICT,https://dellmed.utexas.edu/education/academics/graduate-medical-education/neurology-residency/application-details,MEDIUM,PRESERVE_BOTH_PENDING_PRIMARY_CONFIRMATION,STAGE_B_STRUCTURED_PER_FIELD,FREIDA field_interview_type = 1 and field_video_interview = false agree with the registry; the program's own page does not. I favour the program page.,NO
TX,1804800001,RISE-NEURO-0247,University of Texas at Austin Dell Medical School/Ascension Seton Medical Center Program,Resident Gender Female Percent,75.0%,68.8% (FREIDA survey received 2026-07-21),CONFIRMED_CORRECTION,https://freida.ama-assn.org/program/1804800001,MEDIUM,UPDATE_REGISTRY_VALUE,STAGE_B_STRUCTURED_PER_FIELD,Registry carries the 2025-07-09 survey; newer survey supersedes.,NO
TX,1804800001,RISE-NEURO-0247,University of Texas at Austin Dell Medical School/Ascension Seton Medical Center Program,US Graduates,US MD: 75.0%; DO: 25.0%,"US MD 81.2% / DO 18.8% (FREIDA 2026 survey), independently matched by my hand count of 13 MD and 3 DO of 16",CONFIRMED_CORRECTION,https://freida.ama-assn.org/program/1804800001,MEDIUM,UPDATE_REGISTRY_VALUE,STAGE_B_STRUCTURED_PER_FIELD,Prior-cycle figures. My roster count and the new survey agree to the rounding digit.,NO
TX,1804800001,RISE-NEURO-0247,University of Texas at Austin Dell Medical School/Ascension Seton Medical Center Program,Call Schedule,Year 1: N/A; Year 2: N/A; Year 3: N/A; Year 4: N/A,"FREIDA field_call_schedule populated ['Every fourth night' x4, 'Other' x2, 'Every eleventh night or more' x1, x1]; field_beeper_home_call [0,0,10,10]; program states 'The program has no 24-hour call'",CONFIRMED_CORRECTION,https://freida.ama-assn.org/program/1804800001,MEDIUM,UPDATE_REGISTRY_VALUE,STAGE_B_STRUCTURED_PER_FIELD,Registry N/A values are null sentinels; the newer survey populates them.,NO
TX,1804800001,RISE-NEURO-0247,University of Texas at Austin Dell Medical School/Ascension Seton Medical Center Program,Additional Training Beyond Accredited Length,No,field_beyond_accredited_length = true,CONFIRMED_CORRECTION,https://freida.ama-assn.org/program/1804800001,MEDIUM,UPDATE_REGISTRY_VALUE,STAGE_B_STRUCTURED_PER_FIELD,Reversed in the 2026 survey.,NO
TX,1804800001,RISE-NEURO-0247,University of Texas at Austin Dell Medical School/Ascension Seton Medical Center Program,Board Certification Pass Rate Evaluation,No,"field_program_evaluation_2019 includes ""Graduates' board certification pass rates""",CONFIRMED_CORRECTION,https://freida.ama-assn.org/program/1804800001,MEDIUM,UPDATE_REGISTRY_VALUE,STAGE_B_STRUCTURED_PER_FIELD,Reversed in the 2026 survey. The rate itself is still not published.,NO
TX,1804800001,RISE-NEURO-0247,University of Texas at Austin Dell Medical School/Ascension Seton Medical Center Program,Step 3 or COMLEX Level 3 Support,No,"'The cost of in-training exams and Step 3 of the USMLE will be paid by the program', plus up to $1,000 once for board registration or prep",CONFIRMED_CORRECTION,https://dellmed.utexas.edu/education/academics/graduate-medical-education/resources/salary-and-benefits,MEDIUM,UPDATE_REGISTRY_VALUE,STAGE_B_STRUCTURED_PER_FIELD,Directly contradicted by the official GME benefits page.,NO
TX,1804800001,RISE-NEURO-0247,University of Texas at Austin Dell Medical School/Ascension Seton Medical Center Program,Hospital Outpatient Percent,0,"Null sentinel, not a real zero; the program targets a 50:50 outpatient-inpatient balance after intern year and FREIDA reports 25% non-hospital ambulatory",SEMANTIC_MISMATCH,https://dellmed.utexas.edu/education/academics/graduate-medical-education/neurology-residency/curriculum,MEDIUM,FIX_FIELD_SEMANTICS_OR_NULL_HANDLING,STAGE_B_STRUCTURED_PER_FIELD,Reading this as a true zero would badly misrepresent an explicitly outpatient-heavy curriculum.,NO
TX,1804800001,RISE-NEURO-0247,University of Texas at Austin Dell Medical School/Ascension Seton Medical Center Program,Survey Received,2025-07-09,2026-07-21 (FREIDA field_date_received); survey node created and changed 2026-08-20,STALE_REGISTRY_VALUE,https://freida.ama-assn.org/program/1804800001,MEDIUM,REFRESH_FROM_CURRENT_CYCLE,STAGE_B_STRUCTURED_PER_FIELD,The FREIDA record I read is a full survey cycle newer than the registry release of 2026-07-09. This single fact explains most of the superseded values above.,NO
TX,1804800001,RISE-NEURO-0247,University of Texas at Austin Dell Medical School/Ascension Seton Medical Center Program,Research Track,No,No named research track published; FREIDA field_research_rotation = 'Optional' with duration 0 and field_beyond_accredited_length = true,INSUFFICIENT_EVIDENCE,https://freida.ama-assn.org/program/1804800001,MEDIUM,NO_ACTION_INSUFFICIENT_EVIDENCE,STAGE_B_STRUCTURED_PER_FIELD,"No dedicated research track page exists, but 'beyond accredited length' being true hints at an individually negotiated research option. Could not confirm either way.",NO
TX,1804800001,RISE-NEURO-0247,University of Texas at Austin Dell Medical School/Ascension Seton Medical Center Program,Primary Care Track,Yes,FREIDA field_special_tracks = ['Primary care'] but no primary care track appears anywhere on the neurology program's own pages,INSUFFICIENT_EVIDENCE,https://freida.ama-assn.org/program/1804800001,MEDIUM,NO_ACTION_INSUFFICIENT_EVIDENCE,STAGE_B_STRUCTURED_PER_FIELD,Almost certainly a survey artifact for a neurology residency. Flagged rather than reported as a feature.,NO
TX,1804800001,RISE-NEURO-0247,University of Texas at Austin Dell Medical School/Ascension Seton Medical Center Program,Educational Stipend,On-call meal allowance,"$650/year books and educational expenses (GME) PLUS a neurology-specific education fund for books, board exams, journals, meetings and laptops, PLUS up to $1,500 for a required national conference",SEMANTIC_MISMATCH,https://dellmed.utexas.edu/education/academics/graduate-medical-education/resources/salary-and-benefits,MEDIUM,FIX_FIELD_SEMANTICS_OR_NULL_HANDLING,STAGE_B_STRUCTURED_PER_FIELD,"The registry collapsed several distinct benefits into the FREIDA 'program offers' string, losing the real educational stipend entirely.",NO
TX,1804800001,RISE-NEURO-0247,University of Texas at Austin Dell Medical School/Ascension Seton Medical Center Program,Program Website,https://dellmed.utexas.edu/education/academics/graduate-medical-education,https://dellmed.utexas.edu/education/academics/graduate-medical-education/neurology-residency,SEMANTIC_MISMATCH,https://dellmed.utexas.edu/education/academics/graduate-medical-education/neurology-residency,MEDIUM,FIX_FIELD_SEMANTICS_OR_NULL_HANDLING,STAGE_B_STRUCTURED_PER_FIELD,"Registry points at the GME index, not the neurology residency. The residency page and its four children (Application Details, Curriculum, Directors' Welcome, Resident Listing, Team) are where all the program-specific data lives.",NO
TX,1804800004,RISE-NEURO-0251,University of Texas Health Science Center at Tyler Program,Program Length,3 years,3 accredited NEUROLOGY years (PGY-2 to PGY-4); 4 years total to board eligibility including a PGY-1 done elsewhere,SEMANTIC_MISMATCH,https://www.uttyler.edu/academics/colleges-schools/medicine/departments/graduate-medical-education/neurology-residency/application/index.php,MEDIUM,FIX_FIELD_SEMANTICS_OR_NULL_HANDLING,STAGE_B_STRUCTURED_PER_FIELD,"Numerically correct, but without the advanced-entry context it reads as a 3-year residency. FREIDA field_accredited_length = 3, field_required_length = 3.",NO
TX,1804800004,RISE-NEURO-0251,University of Texas Health Science Center at Tyler Program,First Year Positions,4,4 first-PROGRAM-year seats = 4 actual PGY-2 seats; zero PGY-1 seats exist,SEMANTIC_MISMATCH,https://www.uttyler.edu/academics/colleges-schools/medicine/departments/graduate-medical-education/neurology-residency/application/index.php,MEDIUM,FIX_FIELD_SEMANTICS_OR_NULL_HANDLING,STAGE_B_STRUCTURED_PER_FIELD,'The Adult Neurology Residency Program accepts four candidates each year... will accept residents starting in the PGY-2 year.',NO
TX,1804800004,RISE-NEURO-0251,University of Texas Health Science Center at Tyler Program,Residents Per Year,PGY-1: 4; PGY-2: 4; PGY-3: 0,Actual PGY-2: 4; actual PGY-3: 4; actual PGY-4: 0,SEMANTIC_MISMATCH,https://www.uttyler.edu/academics/colleges-schools/medicine/departments/graduate-medical-education/neurology-residency/current-residents/index.php,MEDIUM,FIX_FIELD_SEMANTICS_OR_NULL_HANDLING,STAGE_B_STRUCTURED_PER_FIELD,FREIDA numbers by program year. Read literally the registry implies four interns; there are none.,NO
TX,1804800004,RISE-NEURO-0251,University of Texas Health Science Center at Tyler Program,Current Residents PGY1,4,"4 residents in program year 1 = actual PGY-2 class (Amin, Labib, Malik, Thomas)",SEMANTIC_MISMATCH,https://www.uttyler.edu/academics/colleges-schools/medicine/departments/graduate-medical-education/neurology-residency/current-residents/index.php,MEDIUM,FIX_FIELD_SEMANTICS_OR_NULL_HANDLING,STAGE_B_STRUCTURED_PER_FIELD,Same program-year vs actual-PGY offset.,NO
TX,1804800004,RISE-NEURO-0251,University of Texas Health Science Center at Tyler Program,Current Residents PGY2,4,"4 residents in program year 2 = actual PGY-3 class (Kalita, Kurpad, Poudel, Suresh), the inaugural July 2025 cohort",SEMANTIC_MISMATCH,https://www.uttyler.edu/academics/colleges-schools/medicine/departments/graduate-medical-education/neurology-residency/current-residents/index.php,MEDIUM,FIX_FIELD_SEMANTICS_OR_NULL_HANDLING,STAGE_B_STRUCTURED_PER_FIELD,Same offset.,NO
TX,1804800004,RISE-NEURO-0251,University of Texas Health Science Center at Tyler Program,Current Residents PGY3,0,0 residents in program year 3 = no actual PGY-4 class until July 2027,SEMANTIC_MISMATCH,https://www.uttyler.edu/academics/colleges-schools/medicine/departments/graduate-medical-education/neurology-residency/current-residents/index.php,MEDIUM,FIX_FIELD_SEMANTICS_OR_NULL_HANDLING,STAGE_B_STRUCTURED_PER_FIELD,Correct as a number; the zero is because the program is still building out.,NO
TX,1804800004,RISE-NEURO-0251,University of Texas Health Science Center at Tyler Program,Program Status,FREIDA: not accepting current year; accepting next year,Accepting current year = TRUE; accepting next year = FALSE (FREIDA 2026 survey) and program calendar shows active 2026-27 recruitment,CONFIRMED_CORRECTION,https://freida.ama-assn.org/program/1804800004,MEDIUM,UPDATE_REGISTRY_VALUE,STAGE_B_STRUCTURED_PER_FIELD,Exactly inverted relative to the fresher survey.,NO
TX,1804800004,RISE-NEURO-0251,University of Texas Health Science Center at Tyler Program,US MD Step 2 Required,No,Yes - pass required before rank list (FREIDA field_usmle_us_md_pass_ck = true; program page),CONFIRMED_CORRECTION,https://www.uttyler.edu/academics/colleges-schools/medicine/departments/graduate-medical-education/neurology-residency/application/index.php,MEDIUM,UPDATE_REGISTRY_VALUE,STAGE_B_STRUCTURED_PER_FIELD,Materially misleading if relied upon. 2026 survey flips it.,NO
TX,1804800004,RISE-NEURO-0251,University of Texas Health Science Center at Tyler Program,IMG Step 2 Required,No,Yes (field_usmle_img_pass_ck = true; 'IMG candidates must have passed USMLE Step 1 and 2'),CONFIRMED_CORRECTION,https://www.uttyler.edu/academics/colleges-schools/medicine/departments/graduate-medical-education/neurology-residency/application/index.php,MEDIUM,UPDATE_REGISTRY_VALUE,STAGE_B_STRUCTURED_PER_FIELD,Same flip.,NO
TX,1804800004,RISE-NEURO-0251,University of Texas Health Science Center at Tyler Program,DO COMLEX Level 2 Required,No,Yes (field_comlex_do_pass_ce = true),CONFIRMED_CORRECTION,https://freida.ama-assn.org/program/1804800004,MEDIUM,UPDATE_REGISTRY_VALUE,STAGE_B_STRUCTURED_PER_FIELD,Same flip.,NO
TX,1804800004,RISE-NEURO-0251,University of Texas Health Science Center at Tyler Program,DO Step 2 Required,No,Step 2 (USMLE or COMLEX) pass required before rank list for all applicants,CONFIRMED_CORRECTION,https://www.uttyler.edu/academics/colleges-schools/medicine/departments/graduate-medical-education/neurology-residency/application/index.php,MEDIUM,UPDATE_REGISTRY_VALUE,STAGE_B_STRUCTURED_PER_FIELD,Program language is exam-agnostic.,NO
TX,1804800004,RISE-NEURO-0251,University of Texas Health Science Center at Tyler Program,Step Preferences,US MD Step 2 passed: No; IMG Step 2 passed: No,All four pass flags now true in the 2026 survey,CONFIRMED_CORRECTION,https://freida.ama-assn.org/program/1804800004,MEDIUM,UPDATE_REGISTRY_VALUE,STAGE_B_STRUCTURED_PER_FIELD,Composite of the superseded Step 2 fields above.,NO
TX,1804800004,RISE-NEURO-0251,University of Texas Health Science Center at Tyler Program,Minimum LOR,2,3 ('Three letters of recommendation'; FREIDA field_min_letters_req = 3),CONFIRMED_CORRECTION,https://www.uttyler.edu/academics/colleges-schools/medicine/departments/graduate-medical-education/neurology-residency/application/index.php,MEDIUM,UPDATE_REGISTRY_VALUE,STAGE_B_STRUCTURED_PER_FIELD,An applicant sending two would be under the published minimum.,NO
TX,1804800004,RISE-NEURO-0251,University of Texas Health Science Center at Tyler Program,Visa Sponsorship,J-1 through ECFMG; J-1 through ECFMG,J-1 through ECFMG; F-1,CONFIRMED_CORRECTION,https://freida.ama-assn.org/program/1804800004,MEDIUM,UPDATE_REGISTRY_VALUE,STAGE_B_STRUCTURED_PER_FIELD,Registry duplicated the J-1 string and dropped F-1. Not relevant to Alejandra.,NO
TX,1804800004,RISE-NEURO-0251,University of Texas Health Science Center at Tyler Program,Medical School Graduation Timeline,5,Program page: 'we do not place exclusions based on... number of years since medical school graduation'; FREIDA 2026: field_years_since_graduation = 5,GENUINE_SOURCE_CONFLICT,https://www.uttyler.edu/academics/colleges-schools/medicine/departments/graduate-medical-education/neurology-residency/application/index.php,MEDIUM,PRESERVE_BOTH_PENDING_PRIMARY_CONFIRMATION,STAGE_B_STRUCTURED_PER_FIELD,Faithful copy of FREIDA but contradicted by the program's own prose. Moot for Alejandra.,NO
TX,1804800004,RISE-NEURO-0251,University of Texas Health Science Center at Tyler Program,Gap Experience Requirement,Research or other medical education pursuits (clinical experience not required),'Clinical experience in the US or outside the US' (FREIDA 2026 field_medical_education_gap),CONFIRMED_CORRECTION,https://freida.ama-assn.org/program/1804800004,MEDIUM,UPDATE_REGISTRY_VALUE,STAGE_B_STRUCTURED_PER_FIELD,Reversed meaning between survey cycles.,NO
TX,1804800004,RISE-NEURO-0251,University of Texas Health Science Center at Tyler Program,Application Deadline,2026-12-01,Not published; FREIDA field_application_period and field_latest_date_current_year are both null and field_univ_spec_app_date_use = true,STALE_REGISTRY_VALUE,https://freida.ama-assn.org/program/1804800004,MEDIUM,REFRESH_FROM_CURRENT_CYCLE,STAGE_B_STRUCTURED_PER_FIELD,The field the registry drew from is now empty. Program publishes cycle milestones but no ERAS deadline.,NO
TX,1804800004,RISE-NEURO-0251,University of Texas Health Science Center at Tyler Program,Applicant Interview Format,In Person,Program page: 'we will conduct all residency recruitment activities virtually'; 'Virtual interview season October to January',GENUINE_SOURCE_CONFLICT,https://www.uttyler.edu/academics/colleges-schools/medicine/departments/graduate-medical-education/neurology-residency/application/index.php,MEDIUM,PRESERVE_BOTH_PENDING_PRIMARY_CONFIRMATION,STAGE_B_STRUCTURED_PER_FIELD,FREIDA field_interview_type = 1 (In Person) and field_video_interview = false agree with the registry; the program's dated calendar says virtual.,NO
TX,1804800004,RISE-NEURO-0251,University of Texas Health Science Center at Tyler Program,Interviews Conducted Last Year,65,50 (FREIDA 2026 field_interviews_conducted; AY2025 row: 50 interviews / 4 positions),CONFIRMED_CORRECTION,https://freida.ama-assn.org/program/1804800004,MEDIUM,UPDATE_REGISTRY_VALUE,STAGE_B_STRUCTURED_PER_FIELD,Registry carried the 2024 figure.,NO
TX,1804800004,RISE-NEURO-0251,University of Texas Health Science Center at Tyler Program,Interviews Per First Year Position,16.3:1,"12.5:1 (50 interviews / 4 positions, AY2025)",CONFIRMED_CORRECTION,https://freida.ama-assn.org/program/1804800004,MEDIUM,UPDATE_REGISTRY_VALUE,STAGE_B_STRUCTURED_PER_FIELD,Derived from the fresher survey row.,NO
TX,1804800004,RISE-NEURO-0251,University of Texas Health Science Center at Tyler Program,Historical Interview Stats,2023: 50/null; 2024: 65/0,2023: 50/null; 2024: 65/0; 2025: 50/4,CONFIRMED_CORRECTION,https://freida.ama-assn.org/program/1804800004,MEDIUM,UPDATE_REGISTRY_VALUE,STAGE_B_STRUCTURED_PER_FIELD,The 2026 survey adds the 2025 row. The 2024 '0 positions' is consistent with NRMP non-participation that year.,NO
TX,1804800004,RISE-NEURO-0251,University of Texas Health Science Center at Tyler Program,Salary PGY1,64100,"No PGY-1 exists. FREIDA's year-1 salary slot is null. Entry is at PGY-2: FREIDA $64,100 vs UT Tyler GME AY2026-27 table $66,664.",SEMANTIC_MISMATCH,https://www.uttyler.edu/academics/colleges-schools/medicine/departments/graduate-medical-education/res-benefits.php,MEDIUM,FIX_FIELD_SEMANTICS_OR_NULL_HANDLING,STAGE_B_STRUCTURED_PER_FIELD,Doubly misleading - wrong PGY level AND in conflict with the institutional table.,NO
TX,1804800004,RISE-NEURO-0251,University of Texas Health Science Center at Tyler Program,Salary PGY2,64100,"FREIDA survey $64,100 (program year 2 = actual PGY-3); UT Tyler GME AY2026-27 PGY-2 $66,664, PGY-3 $69,160",GENUINE_SOURCE_CONFLICT,https://www.uttyler.edu/academics/colleges-schools/medicine/departments/graduate-medical-education/res-benefits.php,MEDIUM,PRESERVE_BOTH_PENDING_PRIMARY_CONFIRMATION,STAGE_B_STRUCTURED_PER_FIELD,Two official tables disagree; the registry also inherits FREIDA's program-year offset.,NO
TX,1804800004,RISE-NEURO-0251,University of Texas Health Science Center at Tyler Program,Salary PGY3,66500,"FREIDA $66,500; GME AY2026-27 PGY-3 $69,160",GENUINE_SOURCE_CONFLICT,https://www.uttyler.edu/academics/colleges-schools/medicine/departments/graduate-medical-education/res-benefits.php,MEDIUM,PRESERVE_BOTH_PENDING_PRIMARY_CONFIRMATION,STAGE_B_STRUCTURED_PER_FIELD,Same conflict.,NO
TX,1804800004,RISE-NEURO-0251,University of Texas Health Science Center at Tyler Program,Salary PGY4,68900,"FREIDA $68,900; GME AY2026-27 PGY-4 $71,656",GENUINE_SOURCE_CONFLICT,https://www.uttyler.edu/academics/colleges-schools/medicine/departments/graduate-medical-education/res-benefits.php,MEDIUM,PRESERVE_BOTH_PENDING_PRIMARY_CONFIRMATION,STAGE_B_STRUCTURED_PER_FIELD,Same conflict.,NO
TX,1804800004,RISE-NEURO-0251,University of Texas Health Science Center at Tyler Program,Night Float,No,Yes - FREIDA 2026 field_night_float = true AND field_night_float_y1 = true; PGY-3 curriculum includes 'ER / Day Float' blocks,CONFIRMED_CORRECTION,https://freida.ama-assn.org/program/1804800004,MEDIUM,UPDATE_REGISTRY_VALUE,STAGE_B_STRUCTURED_PER_FIELD,A real change in working conditions between survey cycles.,NO
TX,1804800004,RISE-NEURO-0251,University of Texas Health Science Center at Tyler Program,Call Schedule,Year 1: Once per week for 8 weeks; Year 2: Once per week for 8 weeks; Year 3: Once per week for 8 weeks,"Year 1: EVERY FOURTH NIGHT for 8 weeks; Years 2-3: Once per week for 8 weeks; beeper/home call weeks [0, 10, 10]",CONFIRMED_CORRECTION,https://freida.ama-assn.org/program/1804800004,MEDIUM,UPDATE_REGISTRY_VALUE,STAGE_B_STRUCTURED_PER_FIELD,Year 1 call is substantially heavier than the registry states.,NO
TX,1804800004,RISE-NEURO-0251,University of Texas Health Science Center at Tyler Program,Faculty Resident Ratio,1.40:1,0.90:1 (FREIDA 2026 field_ratio_ft_faculty = '0.90'),CONFIRMED_CORRECTION,https://freida.ama-assn.org/program/1804800004,MEDIUM,UPDATE_REGISTRY_VALUE,STAGE_B_STRUCTURED_PER_FIELD,Ratio fell as the resident complement grew from 4 to 8 toward 12.,NO
TX,1804800004,RISE-NEURO-0251,University of Texas Health Science Center at Tyler Program,Benefits,Major medical residents: Fully Paid by Institution; dependents share cost; dental share cost; etc.,"UT Tyler GME page: resident medical AND dental provided with NO premium; life, disability, AD&D, professional liability included; 20 vacation + 12 sick days non-cumulative",GENUINE_SOURCE_CONFLICT,https://www.uttyler.edu/academics/colleges-schools/medicine/departments/graduate-medical-education/res-benefits.php,MEDIUM,PRESERVE_BOTH_PENDING_PRIMARY_CONFIRMATION,STAGE_B_STRUCTURED_PER_FIELD,FREIDA describes dental as cost-shared; the institutional page says no premium for the resident. Also FREIDA marks inpatient and outpatient mental health 'Not Available' while the residency page promotes UTEAP.,NO
TX,1804800004,RISE-NEURO-0251,University of Texas Health Science Center at Tyler Program,Survey Received,2025-06-11,2026-06-12 (FREIDA node--survey_2026 field_date_received),CONFIRMED_CORRECTION,https://freida.ama-assn.org/program/1804800004,MEDIUM,UPDATE_REGISTRY_VALUE,STAGE_B_STRUCTURED_PER_FIELD,A full cycle newer than the registry baseline - the source of most SUPERSEDED classifications above.,NO
TX,1804800004,RISE-NEURO-0251,University of Texas Health Science Center at Tyler Program,FREIDA Last Updated,2026-04-24,Survey node changed 2026-08-20T03:29:31Z; program node changed 2026-08-20T01:18:01Z,CONFIRMED_CORRECTION,https://freida.ama-assn.org/program/1804800004,MEDIUM,UPDATE_REGISTRY_VALUE,STAGE_B_STRUCTURED_PER_FIELD,Roughly four months newer.,NO
TX,1804800004,RISE-NEURO-0251,University of Texas Health Science Center at Tyler Program,Program Director,(empty),"Shilpa Chitnis, MD, PhD, FAAN - shilpa.chitnis@uttyler.edu, 903.877.5865",INSUFFICIENT_EVIDENCE,https://www.uttyler.edu/academics/colleges-schools/medicine/departments/graduate-medical-education/neurology-residency/faculty-staff/index.php,MEDIUM,NO_ACTION_INSUFFICIENT_EVIDENCE,STAGE_B_STRUCTURED_PER_FIELD,The known schema gap across all 16 TX Neurology rows. Filled entirely from fresh research; FREIDA's program_director paragraph record carries a stale 214-area-code phone number.,NO
TX,1804800006,RISE-NEURO-0010,Baylor University Medical Center Program,Program Website,https://www.bswhealth.med/,https://www.bswhealth.com/medical-professionals/education/graduate-medical-education/dallas/neurology-residency,CONFIRMED_CORRECTION,https://www.bswhealth.com/medical-professionals/education/graduate-medical-education/dallas/neurology-residency,MEDIUM,UPDATE_REGISTRY_VALUE,STAGE_B_STRUCTURED_PER_FIELD,"Bare system domain, not a program page. FREIDA's field_website is NULL for this program, so the registry's 'Official Residency Website listed by FREIDA' provenance cannot be correct -- the same defect a sibling agent found at BSW Temple.",NO
TX,1804800006,RISE-NEURO-0010,Baylor University Medical Center Program,Secondary Source,Official Residency Website listed by FREIDA,FREIDA field_website = null,GENUINE_SOURCE_CONFLICT,"https://freida-admin.ama-assn.org/api/node/program?include=field_image.field_media_image,field_specialty,field_survey,field_survey.field_program_director,field_survey.field_program_contact,field_survey.field_primary_teaching_site,field_institution,field_participant_institution,field_sponsor_institut",MEDIUM,PRESERVE_BOTH_PENDING_PRIMARY_CONFIRMATION,STAGE_B_STRUCTURED_PER_FIELD,Provenance claim is unsupportable; FREIDA lists no website for 1804800006.,NO
TX,1804800006,RISE-NEURO-0010,Baylor University Medical Center Program,Program Type,Other,Community-based university affiliated,CONFIRMED_CORRECTION,"https://freida-admin.ama-assn.org/api/node/program?include=field_image.field_media_image,field_specialty,field_survey,field_survey.field_program_director,field_survey.field_program_contact,field_survey.field_primary_teaching_site,field_institution,field_participant_institution,field_sponsor_institut",MEDIUM,UPDATE_REGISTRY_VALUE,STAGE_B_STRUCTURED_PER_FIELD,FREIDA 2026 survey field_program_best_described_as.,NO
TX,1804800006,RISE-NEURO-0010,Baylor University Medical Center Program,Program Best Described As,Other,Community-based university affiliated,CONFIRMED_CORRECTION,"https://freida-admin.ama-assn.org/api/node/program?include=field_image.field_media_image,field_specialty,field_survey,field_survey.field_program_director,field_survey.field_program_contact,field_survey.field_primary_teaching_site,field_institution,field_participant_institution,field_sponsor_institut",MEDIUM,UPDATE_REGISTRY_VALUE,STAGE_B_STRUCTURED_PER_FIELD,"Same field, newer survey.",NO
TX,1804800006,RISE-NEURO-0010,Baylor University Medical Center Program,Program Status,FREIDA: accepting current year; accepting next year,accepting current year = true; accepting NEXT year = FALSE,STALE_REGISTRY_VALUE,"https://freida-admin.ama-assn.org/api/node/program?include=field_image.field_media_image,field_specialty,field_survey,field_survey.field_program_director,field_survey.field_program_contact,field_survey.field_primary_teaching_site,field_institution,field_participant_institution,field_sponsor_institut",MEDIUM,REFRESH_FROM_CURRENT_CYCLE,STAGE_B_STRUCTURED_PER_FIELD,field_accepting_next_year flipped to false in the July 2026 survey.,NO
TX,1804800006,RISE-NEURO-0010,Baylor University Medical Center Program,Residents Per Year,PGY-1: 4; PGY-2: 4; PGY-3: 4; PGY-4: 4,"approved complement per year, not a census",COMPLEMENT_VS_CENSUS,"https://freida-admin.ama-assn.org/api/node/program?include=field_image.field_media_image,field_specialty,field_survey,field_survey.field_program_director,field_survey.field_program_contact,field_survey.field_primary_teaching_site,field_institution,field_participant_institution,field_sponsor_institut",MEDIUM,SPLIT_INTO_TWO_FIELDS,STAGE_B_STRUCTURED_PER_FIELD,"FREIDA field_program_size = [4,4,4,4] is the approved size. | RECLASSIFIED by orchestrator from SEMANTIC_MISMATCH: the underlying defect is approved complement stored where census is expected.",NO
TX,1804800006,RISE-NEURO-0010,Baylor University Medical Center Program,Total Residents,16,approved complement 16; best-evidence actual census ~4 (PGY-1 only),COMPLEMENT_VS_CENSUS,https://web.archive.org/web/20250614194337id_/https://www.bswhealth.com/medical-professionals/education/graduate-medical-education/dallas,MEDIUM,SPLIT_INTO_TWO_FIELDS,STAGE_B_STRUCTURED_PER_FIELD,Classic complement-stored-as-census defect. Program's inaugural class began July 2026. | RECLASSIFIED by orchestrator from SEMANTIC_MISMATCH: the underlying defect is approved complement stored where census is expected.,NO
TX,1804800006,RISE-NEURO-0010,Baylor University Medical Center Program,Current Residents PGY1,4,"plausibly 4, but no roster published to confirm",INSUFFICIENT_EVIDENCE,https://www.bswhealth.com/medical-professionals/education/graduate-medical-education/dallas/neurology-residency/faculty-and-residents,MEDIUM,NO_ACTION_INSUFFICIENT_EVIDENCE,STAGE_B_STRUCTURED_PER_FIELD,"Consistent with an inaugural July 2026 cohort, but unverifiable by name.",NO
TX,1804800006,RISE-NEURO-0010,Baylor University Medical Center Program,Current Residents PGY2,4,likely 0,GENUINE_SOURCE_CONFLICT,https://web.archive.org/web/20250614194337id_/https://www.bswhealth.com/medical-professionals/education/graduate-medical-education/dallas,MEDIUM,PRESERVE_BOTH_PENDING_PRIMARY_CONFIRMATION,STAGE_B_STRUCTURED_PER_FIELD,The program did not exist on the Dallas GME index as of 2025-06-14 and interviewed nobody in 2024; there can be no PGY-2 class in 2026-27.,NO
TX,1804800006,RISE-NEURO-0010,Baylor University Medical Center Program,Current Residents PGY3,4,likely 0,GENUINE_SOURCE_CONFLICT,https://web.archive.org/web/20250614194337id_/https://www.bswhealth.com/medical-professionals/education/graduate-medical-education/dallas,MEDIUM,PRESERVE_BOTH_PENDING_PRIMARY_CONFIRMATION,STAGE_B_STRUCTURED_PER_FIELD,Same reasoning as PGY-2.,NO
TX,1804800006,RISE-NEURO-0010,Baylor University Medical Center Program,Salary PGY1,0,"$72,058 (AY26-27)",SEMANTIC_MISMATCH,https://www.bswhealth.com/medical-professionals/education/graduate-medical-education/stipend-and-benefits,MEDIUM,FIX_FIELD_SEMANTICS_OR_NULL_HANDLING,STAGE_B_STRUCTURED_PER_FIELD,FREIDA null sentinel stored as 0; real figure published on the BSWH GME stipend page and in FREIDA field_first_year_salary = 72058.,NO
TX,1804800006,RISE-NEURO-0010,Baylor University Medical Center Program,Night Float,No,"Yes, including PGY-1",CONFIRMED_CORRECTION,"https://freida-admin.ama-assn.org/api/node/program?include=field_image.field_media_image,field_specialty,field_survey,field_survey.field_program_director,field_survey.field_program_contact,field_survey.field_primary_teaching_site,field_institution,field_participant_institution,field_sponsor_institut",MEDIUM,UPDATE_REGISTRY_VALUE,STAGE_B_STRUCTURED_PER_FIELD,"field_night_float = true, field_night_float_y1 = true; block schedule has 4-week Nights rotations in PGY-2/3/4.",NO
TX,1804800006,RISE-NEURO-0010,Baylor University Medical Center Program,Moonlighting,No,Allowed,CONFIRMED_CORRECTION,"https://freida-admin.ama-assn.org/api/node/program?include=field_image.field_media_image,field_specialty,field_survey,field_survey.field_program_director,field_survey.field_program_contact,field_survey.field_primary_teaching_site,field_institution,field_participant_institution,field_sponsor_institut",MEDIUM,UPDATE_REGISTRY_VALUE,STAGE_B_STRUCTURED_PER_FIELD,field_allows_moonlighting = true.,NO
TX,1804800006,RISE-NEURO-0010,Baylor University Medical Center Program,Call Schedule,Year 1: P,"field_call_schedule = ['N/A','N/A','N/A','N/A']",STALE_REGISTRY_VALUE,"https://freida-admin.ama-assn.org/api/node/program?include=field_image.field_media_image,field_specialty,field_survey,field_survey.field_program_director,field_survey.field_program_contact,field_survey.field_primary_teaching_site,field_institution,field_participant_institution,field_sponsor_institut",MEDIUM,REFRESH_FROM_CURRENT_CYCLE,STAGE_B_STRUCTURED_PER_FIELD,Prior-survey value; current survey reports N/A for all four years.,NO
TX,1804800006,RISE-NEURO-0010,Baylor University Medical Center Program,Clinic Structure,Hospital outpatient: 0%; Non-hospital ambulatory care: 0%,hospital outpatient 9%; non-hospital ambulatory 0%,CONFIRMED_CORRECTION,"https://freida-admin.ama-assn.org/api/node/program?include=field_image.field_media_image,field_specialty,field_survey,field_survey.field_program_director,field_survey.field_program_contact,field_survey.field_primary_teaching_site,field_institution,field_participant_institution,field_sponsor_institut",MEDIUM,UPDATE_REGISTRY_VALUE,STAGE_B_STRUCTURED_PER_FIELD,field_training_outpatient_clinic = 9.,NO
TX,1804800006,RISE-NEURO-0010,Baylor University Medical Center Program,Hospital Outpatient Percent,0,9,CONFIRMED_CORRECTION,"https://freida-admin.ama-assn.org/api/node/program?include=field_image.field_media_image,field_specialty,field_survey,field_survey.field_program_director,field_survey.field_program_contact,field_survey.field_primary_teaching_site,field_institution,field_participant_institution,field_sponsor_institut",MEDIUM,UPDATE_REGISTRY_VALUE,STAGE_B_STRUCTURED_PER_FIELD,Null sentinel now answered.,NO
TX,1804800006,RISE-NEURO-0010,Baylor University Medical Center Program,Average Work Hours,0 hours/week,50 hours/week in year 1,CONFIRMED_CORRECTION,"https://freida-admin.ama-assn.org/api/node/program?include=field_image.field_media_image,field_specialty,field_survey,field_survey.field_program_director,field_survey.field_program_contact,field_survey.field_primary_teaching_site,field_institution,field_participant_institution,field_sponsor_institut",MEDIUM,UPDATE_REGISTRY_VALUE,STAGE_B_STRUCTURED_PER_FIELD,field_avg_hours_on_duty_y1 = 50.,NO
TX,1804800006,RISE-NEURO-0010,Baylor University Medical Center Program,Average Hours Per Week First Year,0,50,CONFIRMED_CORRECTION,"https://freida-admin.ama-assn.org/api/node/program?include=field_image.field_media_image,field_specialty,field_survey,field_survey.field_program_director,field_survey.field_program_contact,field_survey.field_primary_teaching_site,field_institution,field_participant_institution,field_sponsor_institut",MEDIUM,UPDATE_REGISTRY_VALUE,STAGE_B_STRUCTURED_PER_FIELD,Same field.,NO
TX,1804800006,RISE-NEURO-0010,Baylor University Medical Center Program,Maximum Consecutive Hours First Year,0,16,CONFIRMED_CORRECTION,"https://freida-admin.ama-assn.org/api/node/program?include=field_image.field_media_image,field_specialty,field_survey,field_survey.field_program_director,field_survey.field_program_contact,field_survey.field_primary_teaching_site,field_institution,field_participant_institution,field_sponsor_institut",MEDIUM,UPDATE_REGISTRY_VALUE,STAGE_B_STRUCTURED_PER_FIELD,field_max_hours_on_duty_y1 = 16.,NO
TX,1804800006,RISE-NEURO-0010,Baylor University Medical Center Program,Structured Didactic Activities PGY1 Hours,0,5 hours/week,CONFIRMED_CORRECTION,"https://freida-admin.ama-assn.org/api/node/program?include=field_image.field_media_image,field_specialty,field_survey,field_survey.field_program_director,field_survey.field_program_contact,field_survey.field_primary_teaching_site,field_institution,field_participant_institution,field_sponsor_institut",MEDIUM,UPDATE_REGISTRY_VALUE,STAGE_B_STRUCTURED_PER_FIELD,field_avg_hrs_lecture_conf_y1 = 5.,NO
TX,1804800006,RISE-NEURO-0010,Baylor University Medical Center Program,Step Preferences,US MD Step 1 passed: Yes; US MD Step 2 passed: Yes; IMG Step 1 passed: Yes; IMG Step 2 passed: Yes,field_usmle_us_md_pass_1/ck = true; field_usmle_img_pass_ck = true; field_usmle_img_pass_1 = NULL,SEMANTIC_MISMATCH,"https://freida-admin.ama-assn.org/api/node/program?include=field_image.field_media_image,field_specialty,field_survey,field_survey.field_program_director,field_survey.field_program_contact,field_survey.field_primary_teaching_site,field_institution,field_participant_institution,field_sponsor_institut",MEDIUM,FIX_FIELD_SEMANTICS_OR_NULL_HANDLING,STAGE_B_STRUCTURED_PER_FIELD,"'Passed' says nothing about WHEN; and the IMG Step 1 answer is null, not Yes.",NO
TX,1804800006,RISE-NEURO-0010,Baylor University Medical Center Program,US MD Step 1 Required,Yes,must be PASSED; field_usmle_step1_req_int = false,SEMANTIC_MISMATCH,"https://freida-admin.ama-assn.org/api/node/program?include=field_image.field_media_image,field_specialty,field_survey,field_survey.field_program_director,field_survey.field_program_contact,field_survey.field_primary_teaching_site,field_institution,field_participant_institution,field_sponsor_institut",MEDIUM,FIX_FIELD_SEMANTICS_OR_NULL_HANDLING,STAGE_B_STRUCTURED_PER_FIELD,Registry conflates 'must have passed' with 'required for interview'.,NO
TX,1804800006,RISE-NEURO-0010,Baylor University Medical Center Program,US MD Step 2 Required,Yes,must be PASSED; field_usmle_step2_req_int = FALSE; program page says mandatory with application,SEMANTIC_MISMATCH,"https://freida-admin.ama-assn.org/api/node/program?include=field_image.field_media_image,field_specialty,field_survey,field_survey.field_program_director,field_survey.field_program_contact,field_survey.field_primary_teaching_site,field_institution,field_participant_institution,field_sponsor_institut",MEDIUM,FIX_FIELD_SEMANTICS_OR_NULL_HANDLING,STAGE_B_STRUCTURED_PER_FIELD,This is the core Step 2 timing conflict; the registry field cannot adjudicate it.,NO
TX,1804800006,RISE-NEURO-0010,Baylor University Medical Center Program,IMG Step 1 Required,Yes,field_usmle_img_pass_1 = null (unanswered),GENUINE_SOURCE_CONFLICT,"https://freida-admin.ama-assn.org/api/node/program?include=field_image.field_media_image,field_specialty,field_survey,field_survey.field_program_director,field_survey.field_program_contact,field_survey.field_primary_teaching_site,field_institution,field_participant_institution,field_sponsor_institut",MEDIUM,PRESERVE_BOTH_PENDING_PRIMARY_CONFIRMATION,STAGE_B_STRUCTURED_PER_FIELD,Registry asserts a value FREIDA does not carry.,NO
TX,1804800006,RISE-NEURO-0010,Baylor University Medical Center Program,IMG Step 2 Required,Yes,"field_usmle_img_pass_ck = true (must be passed), req_int = false",SEMANTIC_MISMATCH,"https://freida-admin.ama-assn.org/api/node/program?include=field_image.field_media_image,field_specialty,field_survey,field_survey.field_program_director,field_survey.field_program_contact,field_survey.field_primary_teaching_site,field_institution,field_participant_institution,field_sponsor_institut",MEDIUM,FIX_FIELD_SEMANTICS_OR_NULL_HANDLING,STAGE_B_STRUCTURED_PER_FIELD,,NO
TX,1804800006,RISE-NEURO-0010,Baylor University Medical Center Program,ERAS Participates,No,Yes,CONFIRMED_CORRECTION,"https://freida-admin.ama-assn.org/api/node/program?include=field_image.field_media_image,field_specialty,field_survey,field_survey.field_program_director,field_survey.field_program_contact,field_survey.field_primary_teaching_site,field_institution,field_participant_institution,field_sponsor_institut",MEDIUM,UPDATE_REGISTRY_VALUE,STAGE_B_STRUCTURED_PER_FIELD,field_participates_in_eras = true; program page has an 'Apply at ERAS' button. Registry value is materially wrong.,NO
TX,1804800006,RISE-NEURO-0010,Baylor University Medical Center Program,NRMP Main Match Participation,No,Yes,CONFIRMED_CORRECTION,"https://freida-admin.ama-assn.org/api/node/program?include=field_image.field_media_image,field_specialty,field_survey,field_survey.field_program_director,field_survey.field_program_contact,field_survey.field_primary_teaching_site,field_institution,field_participant_institution,field_sponsor_institut",MEDIUM,UPDATE_REGISTRY_VALUE,STAGE_B_STRUCTURED_PER_FIELD,field_match_nrmp_main = true. Registry value is materially wrong.,NO
TX,1804800006,RISE-NEURO-0010,Baylor University Medical Center Program,Interviews Conducted Last Year,0,"90 (2025 cycle, against 4 first-year positions)",CONFIRMED_CORRECTION,"https://freida-admin.ama-assn.org/api/node/program?include=field_image.field_media_image,field_specialty,field_survey,field_survey.field_program_director,field_survey.field_program_contact,field_survey.field_primary_teaching_site,field_institution,field_participant_institution,field_sponsor_institut",MEDIUM,UPDATE_REGISTRY_VALUE,STAGE_B_STRUCTURED_PER_FIELD,field_interviews_conducted = 90.,NO
TX,1804800006,RISE-NEURO-0010,Baylor University Medical Center Program,Historical Interview Stats,2024: 0/null,2024: 0 interviews / null positions; 2025: 90 interviews / 4 positions,CONFIRMED_CORRECTION,"https://freida-admin.ama-assn.org/api/node/program?include=field_image.field_media_image,field_specialty,field_survey,field_survey.field_program_director,field_survey.field_program_contact,field_survey.field_primary_teaching_site,field_institution,field_participant_institution,field_sponsor_institut",MEDIUM,UPDATE_REGISTRY_VALUE,STAGE_B_STRUCTURED_PER_FIELD,The 2024 zero is itself the strongest FREIDA-side evidence that the program had not yet begun recruiting.,NO
TX,1804800006,RISE-NEURO-0010,Baylor University Medical Center Program,Requires Previous GME,0,'No',SEMANTIC_MISMATCH,"https://freida-admin.ama-assn.org/api/node/program?include=field_image.field_media_image,field_specialty,field_survey,field_survey.field_program_director,field_survey.field_program_contact,field_survey.field_primary_teaching_site,field_institution,field_participant_institution,field_sponsor_institut",MEDIUM,FIX_FIELD_SEMANTICS_OR_NULL_HANDLING,STAGE_B_STRUCTURED_PER_FIELD,field_requires_previous_gme = 'No'; registry stores the string as numeric 0.,NO
TX,1804800006,RISE-NEURO-0010,Baylor University Medical Center Program,Program Faculty Count,20,38 named physicians on the official faculty page; FREIDA 2026 field_total_physician = 0 (null sentinel),GENUINE_SOURCE_CONFLICT,https://www.bswhealth.com/medical-professionals/education/graduate-medical-education/dallas/neurology-residency/faculty-and-residents,MEDIUM,PRESERVE_BOTH_PENDING_PRIMARY_CONFIRMATION,STAGE_B_STRUCTURED_PER_FIELD,Three different numbers across sources; only the 38 named individuals are verifiable.,NO
TX,1804800006,RISE-NEURO-0010,Baylor University Medical Center Program,Faculty Distribution,Physicians: 20; non-physicians: 0,38 named physicians; FREIDA now reports 0/0,GENUINE_SOURCE_CONFLICT,https://www.bswhealth.com/medical-professionals/education/graduate-medical-education/dallas/neurology-residency/faculty-and-residents,MEDIUM,PRESERVE_BOTH_PENDING_PRIMARY_CONFIRMATION,STAGE_B_STRUCTURED_PER_FIELD,,NO
TX,1804800006,RISE-NEURO-0010,Baylor University Medical Center Program,Faculty Resident Ratio,1.20:1,field_ratio_ft_faculty = '0.00' (null sentinel) in the 2026 survey,STALE_REGISTRY_VALUE,"https://freida-admin.ama-assn.org/api/node/program?include=field_image.field_media_image,field_specialty,field_survey,field_survey.field_program_director,field_survey.field_program_contact,field_survey.field_primary_teaching_site,field_institution,field_participant_institution,field_sponsor_institut",MEDIUM,REFRESH_FROM_CURRENT_CYCLE,STAGE_B_STRUCTURED_PER_FIELD,38 named faculty against a ~4-resident census is nothing like 1.2:1.,NO
TX,1804800006,RISE-NEURO-0010,Baylor University Medical Center Program,Female Faculty Percent,60.00%,all field_full_time_* gender fields are null in the 2026 survey,STALE_REGISTRY_VALUE,"https://freida-admin.ama-assn.org/api/node/program?include=field_image.field_media_image,field_specialty,field_survey,field_survey.field_program_director,field_survey.field_program_contact,field_survey.field_primary_teaching_site,field_institution,field_participant_institution,field_sponsor_institut",MEDIUM,REFRESH_FROM_CURRENT_CYCLE,STAGE_B_STRUCTURED_PER_FIELD,"Prior-survey value, no longer reported.",NO
TX,1804800006,RISE-NEURO-0010,Baylor University Medical Center Program,Major Medical Residents,Not Available,Fully Paid by Institution,CONFIRMED_CORRECTION,"https://freida-admin.ama-assn.org/api/node/program?include=field_image.field_media_image,field_specialty,field_survey,field_survey.field_program_director,field_survey.field_program_contact,field_survey.field_primary_teaching_site,field_institution,field_participant_institution,field_sponsor_institut",MEDIUM,UPDATE_REGISTRY_VALUE,STAGE_B_STRUCTURED_PER_FIELD,,NO
TX,1804800006,RISE-NEURO-0010,Baylor University Medical Center Program,Major Medical Dependents,Not Available,Institution & Resident Share Cost,CONFIRMED_CORRECTION,"https://freida-admin.ama-assn.org/api/node/program?include=field_image.field_media_image,field_specialty,field_survey,field_survey.field_program_director,field_survey.field_program_contact,field_survey.field_primary_teaching_site,field_institution,field_participant_institution,field_sponsor_institut",MEDIUM,UPDATE_REGISTRY_VALUE,STAGE_B_STRUCTURED_PER_FIELD,,NO
TX,1804800006,RISE-NEURO-0010,Baylor University Medical Center Program,Outpatient Mental Health,Not Available,Fully Paid by Institution,CONFIRMED_CORRECTION,"https://freida-admin.ama-assn.org/api/node/program?include=field_image.field_media_image,field_specialty,field_survey,field_survey.field_program_director,field_survey.field_program_contact,field_survey.field_primary_teaching_site,field_institution,field_participant_institution,field_sponsor_institut",MEDIUM,UPDATE_REGISTRY_VALUE,STAGE_B_STRUCTURED_PER_FIELD,,NO
TX,1804800006,RISE-NEURO-0010,Baylor University Medical Center Program,Inpatient Mental Health,Not Available,Fully Paid by Institution,CONFIRMED_CORRECTION,"https://freida-admin.ama-assn.org/api/node/program?include=field_image.field_media_image,field_specialty,field_survey,field_survey.field_program_director,field_survey.field_program_contact,field_survey.field_primary_teaching_site,field_institution,field_participant_institution,field_sponsor_institut",MEDIUM,UPDATE_REGISTRY_VALUE,STAGE_B_STRUCTURED_PER_FIELD,,NO
TX,1804800006,RISE-NEURO-0010,Baylor University Medical Center Program,Group Life Insurance,Not Available,Fully Paid by Institution,CONFIRMED_CORRECTION,"https://freida-admin.ama-assn.org/api/node/program?include=field_image.field_media_image,field_specialty,field_survey,field_survey.field_program_director,field_survey.field_program_contact,field_survey.field_primary_teaching_site,field_institution,field_participant_institution,field_sponsor_institut",MEDIUM,UPDATE_REGISTRY_VALUE,STAGE_B_STRUCTURED_PER_FIELD,,NO
TX,1804800006,RISE-NEURO-0010,Baylor University Medical Center Program,Dental Insurance,Not Available,"Available, Not Paid By Institution",CONFIRMED_CORRECTION,"https://freida-admin.ama-assn.org/api/node/program?include=field_image.field_media_image,field_specialty,field_survey,field_survey.field_program_director,field_survey.field_program_contact,field_survey.field_primary_teaching_site,field_institution,field_participant_institution,field_sponsor_institut",MEDIUM,UPDATE_REGISTRY_VALUE,STAGE_B_STRUCTURED_PER_FIELD,,NO
TX,1804800006,RISE-NEURO-0010,Baylor University Medical Center Program,Disability Insurance,Not Available,Fully Paid by Institution,CONFIRMED_CORRECTION,"https://freida-admin.ama-assn.org/api/node/program?include=field_image.field_media_image,field_specialty,field_survey,field_survey.field_program_director,field_survey.field_program_contact,field_survey.field_primary_teaching_site,field_institution,field_participant_institution,field_sponsor_institut",MEDIUM,UPDATE_REGISTRY_VALUE,STAGE_B_STRUCTURED_PER_FIELD,,NO
TX,1804800006,RISE-NEURO-0010,Baylor University Medical Center Program,Survey Received,2025-09-24,2026-07-21,STALE_REGISTRY_VALUE,"https://freida-admin.ama-assn.org/api/node/program?include=field_image.field_media_image,field_specialty,field_survey,field_survey.field_program_director,field_survey.field_program_contact,field_survey.field_primary_teaching_site,field_institution,field_participant_institution,field_sponsor_institut",MEDIUM,REFRESH_FROM_CURRENT_CYCLE,STAGE_B_STRUCTURED_PER_FIELD,field_date_received; a full survey cycle newer than the registry.,NO
TX,1804800006,RISE-NEURO-0010,Baylor University Medical Center Program,FREIDA Last Updated,2026-02-19,2026-08-20 (node changed),STALE_REGISTRY_VALUE,"https://freida-admin.ama-assn.org/api/node/program?include=field_image.field_media_image,field_specialty,field_survey,field_survey.field_program_director,field_survey.field_program_contact,field_survey.field_primary_teaching_site,field_institution,field_participant_institution,field_sponsor_institut",MEDIUM,REFRESH_FROM_CURRENT_CYCLE,STAGE_B_STRUCTURED_PER_FIELD,,NO
TX,1804800006,RISE-NEURO-0010,Baylor University Medical Center Program,Evidence URL,freida.ama-assn.org/program/1804800006/program-work-schedule; https://www.bswhealth.med/,FREIDA URL valid; bswhealth.med is not a program page,GENUINE_SOURCE_CONFLICT,https://www.bswhealth.com/medical-professionals/education/graduate-medical-education/dallas/neurology-residency,MEDIUM,PRESERVE_BOTH_PENDING_PRIMARY_CONFIRMATION,STAGE_B_STRUCTURED_PER_FIELD,,NO
TX,1804800006,RISE-NEURO-0010,Baylor University Medical Center Program,Last Verified,2026-07-09,2026-09-11 (this research),STALE_REGISTRY_VALUE,https://www.bswhealth.com/medical-professionals/education/graduate-medical-education/dallas/neurology-residency,MEDIUM,REFRESH_FROM_CURRENT_CYCLE,STAGE_B_STRUCTURED_PER_FIELD,,NO
TX,1804800006,RISE-NEURO-0010,Baylor University Medical Center Program,Verification Date,2026-07-09,2026-09-11,STALE_REGISTRY_VALUE,https://www.bswhealth.com/medical-professionals/education/graduate-medical-education/dallas/neurology-residency,MEDIUM,REFRESH_FROM_CURRENT_CYCLE,STAGE_B_STRUCTURED_PER_FIELD,,NO
TX,1804800006,RISE-NEURO-0010,Baylor University Medical Center Program,Confidence,High,Not warranted -- 82/196 fields populated and at least 12 material contradictions found,GENUINE_SOURCE_CONFLICT,"https://freida-admin.ama-assn.org/api/node/program?include=field_image.field_media_image,field_specialty,field_survey,field_survey.field_program_director,field_survey.field_program_contact,field_survey.field_primary_teaching_site,field_institution,field_participant_institution,field_sponsor_institut",MEDIUM,PRESERVE_BOTH_PENDING_PRIMARY_CONFIRMATION,STAGE_B_STRUCTURED_PER_FIELD,The registry's own 'High' confidence stamp is not supportable for this row.,NO
TX,1804800006,RISE-NEURO-0010,Baylor University Medical Center Program,Program Director,(empty - known schema gap across all 16 TX Neurology rows),"Haseeb Abdul Rahman, MD",CONFIRMED_CORRECTION,https://www.bswhealth.com/medical-professionals/education/graduate-medical-education/dallas/neurology-residency/faculty-and-residents,MEDIUM,UPDATE_REGISTRY_VALUE,STAGE_B_STRUCTURED_PER_FIELD,Filled from the official faculty page and corroborated by FREIDA's program_individual paragraph.,NO
TX,1804800167,RISE-NEURO-0009,Baylor Scott & White Medical Center - Baylor College of Medicine (Temple) Program,Program Website,https://bit.ly/2Y2SNUH,https://www.bswhealth.com/medical-professionals/education/graduate-medical-education/temple/neurology-residency,STALE_REGISTRY_VALUE,https://www.bswhealth.com/medical-professionals/education/graduate-medical-education/temple/neurology-residency,MEDIUM,REFRESH_FROM_CURRENT_CYCLE,STAGE_B_STRUCTURED_PER_FIELD,"SECOND HEADLINE ADJUDICATION. The shortener is NOT dead — it still 301-redirects, to https://www.bswhealth.med/education/Pages/gme/temple/neurology-residency.aspx. But that destination is a decommissioned SharePoint-era URL on the old bswhealth.med host which itself returns HTTP 400 on a HEAD reques",NO
TX,1804800167,RISE-NEURO-0009,Baylor Scott & White Medical Center - Baylor College of Medicine (Temple) Program,Program Director,(empty — known schema gap across all 16 TX Neurology rows),"George Barnett Creel, MD — george.creel@bswhealth.org, 254-724-4179",CONFIRMED_CORRECTION,https://www.bswhealth.com/medical-professionals/education/graduate-medical-education/temple/neurology-residency/faculty-and-residents,MEDIUM,UPDATE_REGISTRY_VALUE,STAGE_B_STRUCTURED_PER_FIELD,"Resolved from two independent official sources: the program's own faculty roster payload (position 'Program Director', leader=true) and FREIDA's field_program_director paragraph record. Department Chair is Jeffrey Wayne Clark, DO. Coordinator Tina Miller.",NO
TX,1804800167,RISE-NEURO-0009,Baylor Scott & White Medical Center - Baylor College of Medicine (Temple) Program,Total Residents,20,Census 20 (verified name-by-name); steady-state complement 24; FREIDA demographic base 16,COMPLEMENT_VS_CENSUS,https://www.bswhealth.com/medical-professionals/education/graduate-medical-education/temple/neurology-residency/faculty-and-residents,MEDIUM,SPLIT_INTO_TWO_FIELDS,STAGE_B_STRUCTURED_PER_FIELD,"The number 20 is factually a correct CENSUS, but it is stored in a field readers treat as complement, and 6 first-year positions x 4 years = 24 makes it look like a four-resident shortfall. The gap is entirely explained by expansion from 2 positions (2019-2021) to 4 (2022-2025) to 6 (now). Registry  | RECLASSIFIED by orchestrator from SEMANTIC_MISMATCH: the underlying defect is approved complement stored where census is expected.",NO
TX,1804800167,RISE-NEURO-0009,Baylor Scott & White Medical Center - Baylor College of Medicine (Temple) Program,Current Residents PGY1/PGY2/PGY3,6 / 6 / 4 (PGY-4 absent),6 / 6 / 4 / 4,SEMANTIC_MISMATCH,https://www.bswhealth.com/medical-professionals/education/graduate-medical-education/temple/neurology-residency/faculty-and-residents,MEDIUM,FIX_FIELD_SEMANTICS_OR_NULL_HANDLING,STAGE_B_STRUCTURED_PER_FIELD,"The registry stores only three PGY levels for a four-year program, silently dropping the PGY-4 class. Those three sum to 16, which is exactly the denominator FREIDA's demographic percentages resolve against — so the omission propagates into every composition percentage.",NO
TX,1804800167,RISE-NEURO-0009,Baylor Scott & White Medical Center - Baylor College of Medicine (Temple) Program,Application Deadline,2025-09-30,2026-09-30 (window opens 2026-09-01),STALE_REGISTRY_VALUE,https://freida.ama-assn.org/program/1804800167,MEDIUM,REFRESH_FROM_CURRENT_CYCLE,STAGE_B_STRUCTURED_PER_FIELD,"Confirmed one-cycle-stale defect pattern. FREIDA field_application_period = {2026-09-01, 2026-09-30}; the registry captured field_latest_date_current_year (2025-09-30) from the prior survey generation.",NO
TX,1804800167,RISE-NEURO-0009,Baylor Scott & White Medical Center - Baylor College of Medicine (Temple) Program,Salary PGY1,70993,"AY2026-27: $72,058 (AY2025-26 was $70,993)",STALE_REGISTRY_VALUE,https://www.bswhealth.com/medical-professionals/education/graduate-medical-education/stipend-and-benefits,MEDIUM,REFRESH_FROM_CURRENT_CYCLE,STAGE_B_STRUCTURED_PER_FIELD,"One cycle stale, matching the contract's predicted defect pattern.",NO
TX,1804800167,RISE-NEURO-0009,Baylor Scott & White Medical Center - Baylor College of Medicine (Temple) Program,Salary PGY2,73123,"AY2026-27: $74,220",STALE_REGISTRY_VALUE,https://www.bswhealth.com/medical-professionals/education/graduate-medical-education/stipend-and-benefits,MEDIUM,REFRESH_FROM_CURRENT_CYCLE,STAGE_B_STRUCTURED_PER_FIELD,One cycle stale.,NO
TX,1804800167,RISE-NEURO-0009,Baylor Scott & White Medical Center - Baylor College of Medicine (Temple) Program,Salary PGY3,75500,"AY2026-27: $76,633",STALE_REGISTRY_VALUE,https://www.bswhealth.com/medical-professionals/education/graduate-medical-education/stipend-and-benefits,MEDIUM,REFRESH_FROM_CURRENT_CYCLE,STAGE_B_STRUCTURED_PER_FIELD,One cycle stale.,NO
TX,1804800167,RISE-NEURO-0009,Baylor Scott & White Medical Center - Baylor College of Medicine (Temple) Program,Salary PGY4,78142,"AY2026-27: $79,705",STALE_REGISTRY_VALUE,https://www.bswhealth.com/medical-professionals/education/graduate-medical-education/stipend-and-benefits,MEDIUM,REFRESH_FROM_CURRENT_CYCLE,STAGE_B_STRUCTURED_PER_FIELD,One cycle stale.,NO
TX,1804800167,RISE-NEURO-0009,Baylor Scott & White Medical Center - Baylor College of Medicine (Temple) Program,Benefits / Major Medical Residents,Institution & Resident Share Cost,"No-cost employee-only medical coverage on the SEQA/EQA plans for residents and fellows (flagged 'New!' on the BSWH GME benefits page), alongside the cost-shared options",CONFIRMED_CORRECTION,https://www.bswhealth.com/medical-professionals/education/graduate-medical-education/stipend-and-benefits,MEDIUM,UPDATE_REGISTRY_VALUE,STAGE_B_STRUCTURED_PER_FIELD,A materially favourable change the registry does not reflect.,NO
TX,1804800167,RISE-NEURO-0009,Baylor Scott & White Medical Center - Baylor College of Medicine (Temple) Program,US MD Graduates Percent,13.3%,Roster n=20: 55% (11). Current FREIDA n=16: 37.5%,GENUINE_SOURCE_CONFLICT,https://www.bswhealth.com/medical-professionals/education/graduate-medical-education/temple/neurology-residency/faculty-and-residents,MEDIUM,PRESERVE_BOTH_PENDING_PRIMARY_CONFIRMATION,STAGE_B_STRUCTURED_PER_FIELD,The registry figure derives from the superseded 2025 survey (denominator 15 → 2 residents) and understates US MD representation by a factor of four against the named roster.,NO
TX,1804800167,RISE-NEURO-0009,Baylor Scott & White Medical Center - Baylor College of Medicine (Temple) Program,DO Graduates Percent,40.0%,Roster n=20: 30% (6). Current FREIDA n=16: 31.2% (5),GENUINE_SOURCE_CONFLICT,https://www.bswhealth.com/medical-professionals/education/graduate-medical-education/temple/neurology-residency/faculty-and-residents,MEDIUM,PRESERVE_BOTH_PENDING_PRIMARY_CONFIRMATION,STAGE_B_STRUCTURED_PER_FIELD,The most stable of the three composition figures; the absolute DO count (5-6) agrees across sources even where percentages diverge.,NO
TX,1804800167,RISE-NEURO-0009,Baylor Scott & White Medical Center - Baylor College of Medicine (Temple) Program,IMG Graduates Percent / International Graduates,46.7%,"Roster n=20: 15% (3 — one Ross/Barbados, one Iran, one Poland). Current FREIDA n=16: 31.2% (5)",GENUINE_SOURCE_CONFLICT,https://www.bswhealth.com/medical-professionals/education/graduate-medical-education/temple/neurology-residency/faculty-and-residents,MEDIUM,PRESERVE_BOTH_PENDING_PRIMARY_CONFIRMATION,STAGE_B_STRUCTURED_PER_FIELD,The most consequential single registry error in this row for targeting purposes: it portrays an IMG-majority program where the named roster shows 15% IMG.,NO
TX,1804800167,RISE-NEURO-0009,Baylor Scott & White Medical Center - Baylor College of Medicine (Temple) Program,Resident Gender Female Percent / Male Percent,53.3% / 46.7%,"43.8% / 56.2% (current FREIDA, n=16)",STALE_REGISTRY_VALUE,https://freida.ama-assn.org/program/1804800167,MEDIUM,REFRESH_FROM_CURRENT_CYCLE,STAGE_B_STRUCTURED_PER_FIELD,From the superseded survey generation.,NO
TX,1804800167,RISE-NEURO-0009,Baylor Scott & White Medical Center - Baylor College of Medicine (Temple) Program,Program Faculty Count,25,23 physicians (FREIDA field_total_physician) + 6 non-physicians; 16 named core faculty + chair + PD on the program's own roster,STALE_REGISTRY_VALUE,https://freida.ama-assn.org/program/1804800167,MEDIUM,REFRESH_FROM_CURRENT_CYCLE,STAGE_B_STRUCTURED_PER_FIELD,Not the FREIDA-zero-sentinel defect here — the registry value is a real but superseded number.,NO
TX,1804800167,RISE-NEURO-0009,Baylor Scott & White Medical Center - Baylor College of Medicine (Temple) Program,Faculty Distribution,Physicians: 25; non-physicians: 4,Physicians: 23; non-physicians: 6,STALE_REGISTRY_VALUE,https://freida.ama-assn.org/program/1804800167,MEDIUM,REFRESH_FROM_CURRENT_CYCLE,STAGE_B_STRUCTURED_PER_FIELD,Superseded survey generation.,NO
TX,1804800167,RISE-NEURO-0009,Baylor Scott & White Medical Center - Baylor College of Medicine (Temple) Program,Faculty Resident Ratio,1.40:1,"1.10:1 (FREIDA field_ratio_ft_faculty), versus a FREIDA neurology specialty average of 1.60",STALE_REGISTRY_VALUE,https://freida.ama-assn.org/program/1804800167,MEDIUM,REFRESH_FROM_CURRENT_CYCLE,STAGE_B_STRUCTURED_PER_FIELD,The current figure is materially less favourable than the registry's and sits well below the national neurology norm.,NO
TX,1804800167,RISE-NEURO-0009,Baylor Scott & White Medical Center - Baylor College of Medicine (Temple) Program,Female Faculty Percent,32.00%,26.10% (FREIDA field_pct_ft_female),STALE_REGISTRY_VALUE,https://freida.ama-assn.org/program/1804800167,MEDIUM,REFRESH_FROM_CURRENT_CYCLE,STAGE_B_STRUCTURED_PER_FIELD,Superseded survey generation.,NO
TX,1804800167,RISE-NEURO-0009,Baylor Scott & White Medical Center - Baylor College of Medicine (Temple) Program,US MD Step 2 Required / IMG Step 2 Required / DO Step 2 Required,Yes (all three),"FREIDA field_usmle_step_2_required = FALSE and field_usmle_step_2_minimum_score = null. The 'Yes' derives instead from the PASS flags field_usmle_us_md_pass_ck / field_usmle_img_pass_ck / field_comlex_do_pass_ce, which mean 'must have passed', not 'a score threshold is required'.",SEMANTIC_MISMATCH,https://freida.ama-assn.org/program/1804800167,MEDIUM,FIX_FIELD_SEMANTICS_OR_NULL_HANDLING,STAGE_B_STRUCTURED_PER_FIELD,"Critically, neither flag says anything about WHEN. The decisive timing field, field_usmle_step2_req_int, is FALSE — Step 2 is not required for an interview — and the registry has no column for it at all.",NO
TX,1804800167,RISE-NEURO-0009,Baylor Scott & White Medical Center - Baylor College of Medicine (Temple) Program,US MD Step 1 Required / IMG Step 1 Required / DO Step 1 Required,Yes (all three),"field_usmle_step_1_required = FALSE, field_usmle_step_1_minimum_score = null, field_usmle_step1_req_int = FALSE; the 'Yes' comes from the pass flags",SEMANTIC_MISMATCH,https://freida.ama-assn.org/program/1804800167,MEDIUM,FIX_FIELD_SEMANTICS_OR_NULL_HANDLING,STAGE_B_STRUCTURED_PER_FIELD,Same pass-versus-required conflation as Step 2.,NO
TX,1804800167,RISE-NEURO-0009,Baylor Scott & White Medical Center - Baylor College of Medicine (Temple) Program,Visa Sponsorship / J1 / H1B,J-1 through ECFMG; J1 Yes; H1B No,"J-1 only in practice and in FREIDA; the public GME page says H-1B is not sponsored, but the Temple House Staff Handbook documents a rare DIO-approved H-1B exception pathway",GENUINE_SOURCE_CONFLICT,https://edge.sitecorecloud.io/baylorscott7127-bswhealth416c-prodb8d1-6471/media/Project/BSW/Sites/BSWHealth/Documents/Medical-Professionals/Education/Temple/gme-temple-house-staff-handbook.pdf,MEDIUM,PRESERVE_BOTH_PENDING_PRIMARY_CONFIRMATION,STAGE_B_STRUCTURED_PER_FIELD,"Registry is directionally right but omits a documented exception. Not material to this applicant, who is a US citizen.",NO
TX,1804800167,RISE-NEURO-0009,Baylor Scott & White Medical Center - Baylor College of Medicine (Temple) Program,Medical Spanish Curriculum,No,"Not reported — FREIDA's underlying field_curriculum array is EMPTY (unanswered multi-select), so 'No' is a rendering of silence, not a program denial",SEMANTIC_MISMATCH,https://freida.ama-assn.org/program/1804800167,MEDIUM,FIX_FIELD_SEMANTICS_OR_NULL_HANDLING,STAGE_B_STRUCTURED_PER_FIELD,"IMPORTANT AND OPPOSITE IN DIRECTION TO THE STAGE A CONTAMINATION CASE. There is genuinely no evidence of a Medical Spanish curriculum here, but the registry's 'No' is not the program saying so. The same defect affects Integrative Medicine, Health Systems Leadership, Complementary Medicine, Healthcar",NO
TX,1804800167,RISE-NEURO-0009,Baylor Scott & White Medical Center - Baylor College of Medicine (Temple) Program,Family Medical Leave Paid Days,15,"Up to six (6) weeks of paid continuous Medical, Parental and Caregiver Leave, available once during residency/fellowship, with up to 2 weeks of accrued PTO/EIB used to supplement pay",CONFIRMED_CORRECTION,https://www.bswhealth.com/medical-professionals/education/graduate-medical-education/stipend-and-benefits,MEDIUM,UPDATE_REGISTRY_VALUE,STAGE_B_STRUCTURED_PER_FIELD,"The registry's 15 is FREIDA's field_leave_paid, which is the vacation figure; the actual institutional parental/caregiver leave benefit is far more generous and is published separately.",NO
TX,1804800167,RISE-NEURO-0009,Baylor Scott & White Medical Center - Baylor College of Medicine (Temple) Program,Call Schedule,Year 1: N/A; Year 2: N/A; Year 3: N/A; Year 4: N/A,"FREIDA field_call_schedule holds four literal 'N/A' entries and field_beeper_home_call = [99,99,99,99] (99 is a FREIDA sentinel); the program actually runs a quantified night-float system",SEMANTIC_MISMATCH,https://www.bswhealth.com/medical-professionals/education/graduate-medical-education/temple/neurology-residency,MEDIUM,FIX_FIELD_SEMANTICS_OR_NULL_HANDLING,STAGE_B_STRUCTURED_PER_FIELD,"'N/A' is unanswered, not 'no call'.",NO
TX,1804800167,RISE-NEURO-0009,Baylor Scott & White Medical Center - Baylor College of Medicine (Temple) Program,Clinic Structure / Non Hospital Ambulatory Care Percent,Hospital outpatient: 50%; Non-hospital ambulatory care: NGO,field_training_outpatient_clinic = 50; field_train_ambulatory_nonhospit = 999 (a FREIDA sentinel the registry renders as 'NGO'/Negotiable),SEMANTIC_MISMATCH,https://freida.ama-assn.org/program/1804800167,MEDIUM,FIX_FIELD_SEMANTICS_OR_NULL_HANDLING,STAGE_B_STRUCTURED_PER_FIELD,The 999 sentinel is the same null-written-as-a-number family the contract flagged; the registry's own Evidence Notes acknowledge this rendering.,NO
TX,1804800167,RISE-NEURO-0009,Baylor Scott & White Medical Center - Baylor College of Medicine (Temple) Program,Survey Received,2025-06-11,"2026-06-30 (FREIDA field_date_received), node created and published 2026-08-20",STALE_REGISTRY_VALUE,https://freida.ama-assn.org/program/1804800167,MEDIUM,REFRESH_FROM_CURRENT_CYCLE,STAGE_B_STRUCTURED_PER_FIELD,ROOT CAUSE OF MOST OTHER DEFECTS IN THIS ROW. The registry snapshot (release dated 2026-07-09) captured the prior year's survey; an entirely new survey generation published six weeks later. Every stale figure above traces to this.,NO
TX,1804800167,RISE-NEURO-0009,Baylor Scott & White Medical Center - Baylor College of Medicine (Temple) Program,FREIDA Last Updated,2026-07-08,2026-08-20T03:29:31Z (node changed); institution node 2026-08-19; specialty node 2026-08-21,STALE_REGISTRY_VALUE,https://freida.ama-assn.org/program/1804800167,MEDIUM,REFRESH_FROM_CURRENT_CYCLE,STAGE_B_STRUCTURED_PER_FIELD,Superseded.,NO
TX,1804800167,RISE-NEURO-0009,Baylor Scott & White Medical Center - Baylor College of Medicine (Temple) Program,Evidence URL / Primary Source / Secondary Source,FREIDA program-work-schedule URL; https://bit.ly/2Y2SNUH; 'Official Residency Website listed by FREIDA',"FREIDA lists NO website for this program (field_website = null), so the 'Official Residency Website listed by FREIDA' provenance claim is not currently supportable",STALE_REGISTRY_VALUE,https://freida.ama-assn.org/program/1804800167,MEDIUM,REFRESH_FROM_CURRENT_CYCLE,STAGE_B_STRUCTURED_PER_FIELD,Replace the bit.ly evidence URL with the canonical bswhealth.com program URL and the faculty/residents sub-page.,NO
TX,1804800167,RISE-NEURO-0009,Baylor Scott & White Medical Center - Baylor College of Medicine (Temple) Program,IMG Friendly Indicators,FREIDA IMG graduates: 46.7%; visas: J-1 through ECFMG,Named roster shows 3 IMGs of 20 (15%); current FREIDA reports 31.2% on a base of 16; J-1 only is confirmed,GENUINE_SOURCE_CONFLICT,https://www.bswhealth.com/medical-professionals/education/graduate-medical-education/temple/neurology-residency/faculty-and-residents,MEDIUM,PRESERVE_BOTH_PENDING_PRIMARY_CONFIRMATION,STAGE_B_STRUCTURED_PER_FIELD,"The IMG-friendliness signal is overstated by the registry. The program IS demonstrably DO-friendly (6 DOs of 20, versus a 16.6% specialty average) and does take IMGs, but it is not the IMG-majority program the registry implies.",NO
TX,1804800167,RISE-NEURO-0009,Baylor Scott & White Medical Center - Baylor College of Medicine (Temple) Program,Milestone Evaluation / Board Certification Pass Rate Evaluation,No; No,"field_evaluate_res_fellow_2019 lists only 'Patient surveys', 'Portfolio system' and 'Objective structured clinical examinations (OSCE)'",SEMANTIC_MISMATCH,https://freida.ama-assn.org/program/1804800167,MEDIUM,FIX_FIELD_SEMANTICS_OR_NULL_HANDLING,STAGE_B_STRUCTURED_PER_FIELD,These are EVALUATION-METHODOLOGY flags. 'Board Certification Pass Rate Evaluation: No' does not mean the program has a poor or unknown pass rate; it means the program did not tick that item as one of its internal evaluation methods. Milestone evaluation is ACGME-mandatory regardless of what the surv,NO
TX,1804800167,RISE-NEURO-0009,Baylor Scott & White Medical Center - Baylor College of Medicine (Temple) Program,Debt Counseling,No,FREIDA field_resident_wellness array is EMPTY; separately BSWH GME publishes financial-wellness resources including the Employee Assistance Program and a free 30-minute financial consultation with a 25% network discount,SEMANTIC_MISMATCH,https://www.bswhealth.com/medical-professionals/education/graduate-medical-education/well-being-resources,MEDIUM,FIX_FIELD_SEMANTICS_OR_NULL_HANDLING,STAGE_B_STRUCTURED_PER_FIELD,Another empty-array-rendered-as-No. The institution does in fact offer financial counselling resources.,NO
TX,1804800167,RISE-NEURO-0009,Baylor Scott & White Medical Center - Baylor College of Medicine (Temple) Program,Meal Allowance / Educational Stipend / Technology Allowance,All three: 'On-call meal allowance',"FREIDA field_program_offers_2021 = ['Free parking','On-call meal allowance'] — a single two-item list that the registry has copied into three differently-named columns",SEMANTIC_MISMATCH,https://www.bswhealth.com/medical-professionals/education/graduate-medical-education/stipend-and-benefits,MEDIUM,FIX_FIELD_SEMANTICS_OR_NULL_HANDLING,STAGE_B_STRUCTURED_PER_FIELD,"There is no separate educational stipend or technology allowance datum. The BSWH GME benefits page separately documents a MONTHLY meal allowance (not merely on-call), institutional permit fee reimbursement, institutional medical society dues, three CME days, CME reimbursement and research-presentati",NO
TX,1804800167,RISE-NEURO-0009,Baylor Scott & White Medical Center - Baylor College of Medicine (Temple) Program,Osteopathic Recognition,No,Not stated in any source I opened; ACGME Osteopathic Recognition status is held in the CAPTCHA-gated ACGME system,INSUFFICIENT_EVIDENCE,https://freida.ama-assn.org/program/1804800167,MEDIUM,NO_ACTION_INSUFFICIENT_EVIDENCE,STAGE_B_STRUCTURED_PER_FIELD,"Cannot confirm or refute without defeating a CAPTCHA, which the contract forbids. Note the program nonetheless has 6 DO residents and 3 DO faculty.",NO
TX,1804800168,RISE-NEURO-0166,Texas Tech University HSC El Paso Program,Program Website,http://elpaso.ttuhsc.edu/fostersom/neurology/,https://ttuhscep.edu/som/academics/departments/neurology/index.aspx,STALE_REGISTRY_VALUE,https://ttuhscep.edu/som/academics/departments/neurology/index.aspx,MEDIUM,REFRESH_FROM_CURRENT_CYCLE,STAGE_B_STRUCTURED_PER_FIELD,"301 to https://ttuhscep.edu/som/neurology/, which itself 404s. Two hops stale.",NO
TX,1804800168,RISE-NEURO-0166,Texas Tech University HSC El Paso Program,Program Status,FREIDA: not accepting current year; accepting next year,accepting current year = true; accepting next year = false,CONFIRMED_CORRECTION,https://freida.ama-assn.org/program/1804800168,MEDIUM,UPDATE_REGISTRY_VALUE,STAGE_B_STRUCTURED_PER_FIELD,Exactly inverted in the survey received 2026-06-15.,NO
TX,1804800168,RISE-NEURO-0166,Texas Tech University HSC El Paso Program,Total Residents,16,Approved complement 16; probable census 16 (from FREIDA percentages resolving to integers); nameable published roster 7,COMPLEMENT_VS_CENSUS,https://ttuhscep.edu/som/academics/departments/neurology/education/residency-program/resident-profiles.aspx,MEDIUM,SPLIT_INTO_TWO_FIELDS,STAGE_B_STRUCTURED_PER_FIELD,The contract's predicted complement-vs-census defect. 16 is the complement. | RECLASSIFIED by orchestrator from SEMANTIC_MISMATCH: the underlying defect is approved complement stored where census is expected.,NO
TX,1804800168,RISE-NEURO-0166,Texas Tech University HSC El Paso Program,Salary PGY1,61114,"$61,114.36 on the program page (self-labelled both 2025-26 and 2024-25); $62,642 in the FREIDA survey received 2026-06-15",STALE_REGISTRY_VALUE,https://ttuhscep.edu/som/academics/departments/neurology/education/residency-program/salary-and-benefits.aspx,MEDIUM,REFRESH_FROM_CURRENT_CYCLE,STAGE_B_STRUCTURED_PER_FIELD,Faithful copy of the program page but one cycle behind FREIDA - the contract's predicted salary-staleness defect.,NO
TX,1804800168,RISE-NEURO-0166,Texas Tech University HSC El Paso Program,Salary PGY2,63109,"$63,109.69 (page) / $64,687 (FREIDA 2026)",STALE_REGISTRY_VALUE,https://ttuhscep.edu/som/academics/departments/neurology/education/residency-program/salary-and-benefits.aspx,MEDIUM,REFRESH_FROM_CURRENT_CYCLE,STAGE_B_STRUCTURED_PER_FIELD,As above.,NO
TX,1804800168,RISE-NEURO-0166,Texas Tech University HSC El Paso Program,Salary PGY3,65099,"$65,099.91 (page) / $66,727 (FREIDA 2026)",STALE_REGISTRY_VALUE,https://ttuhscep.edu/som/academics/departments/neurology/education/residency-program/salary-and-benefits.aspx,MEDIUM,REFRESH_FROM_CURRENT_CYCLE,STAGE_B_STRUCTURED_PER_FIELD,As above.,NO
TX,1804800168,RISE-NEURO-0166,Texas Tech University HSC El Paso Program,Salary PGY4,67092,"$67,092.82 (page) / $68,770 (FREIDA 2026)",STALE_REGISTRY_VALUE,https://ttuhscep.edu/som/academics/departments/neurology/education/residency-program/salary-and-benefits.aspx,MEDIUM,REFRESH_FROM_CURRENT_CYCLE,STAGE_B_STRUCTURED_PER_FIELD,As above.,NO
TX,1804800168,RISE-NEURO-0166,Texas Tech University HSC El Paso Program,Vacation,15,15 days PGY-1 and PGY-2; 20 days PGY-3 and PGY-4; plus 12 paid sick days from PGY-2,SEMANTIC_MISMATCH,https://freida.ama-assn.org/program/1804800168,MEDIUM,FIX_FIELD_SEMANTICS_OR_NULL_HANDLING,STAGE_B_STRUCTURED_PER_FIELD,Registry records only the intern-year value under an unqualified field name.,NO
TX,1804800168,RISE-NEURO-0166,Texas Tech University HSC El Paso Program,Application Deadline,2025-09-30,December 1,CONFIRMED_CORRECTION,https://ttuhscep.edu/som/academics/departments/neurology/education/residency-program/frequently-asked-questions.aspx,MEDIUM,UPDATE_REGISTRY_VALUE,STAGE_B_STRUCTURED_PER_FIELD,"Matches no program-published date in any era. The most consequential registry error for this applicant, since it would have made the program look unreachable on her Step 2 timeline.",NO
TX,1804800168,RISE-NEURO-0166,Texas Tech University HSC El Paso Program,Applicant Interview Format,In Person,Program FAQ says virtual (scoped to 2023-2024); FREIDA field_interview_type=1 with video_interview=false; OPDA specialty recommendation is Virtual,GENUINE_SOURCE_CONFLICT,https://ttuhscep.edu/som/academics/departments/neurology/education/residency-program/frequently-asked-questions.aspx,MEDIUM,PRESERVE_BOTH_PENDING_PRIMARY_CONFIRMATION,STAGE_B_STRUCTURED_PER_FIELD,Current format genuinely unknown from published sources.,NO
TX,1804800168,RISE-NEURO-0166,Texas Tech University HSC El Paso Program,Interviews Conducted Last Year,40,50 (2025),CONFIRMED_CORRECTION,https://freida.ama-assn.org/program/1804800168,MEDIUM,UPDATE_REGISTRY_VALUE,STAGE_B_STRUCTURED_PER_FIELD,FREIDA 2026 field_interviews_conducted.,NO
TX,1804800168,RISE-NEURO-0166,Texas Tech University HSC El Paso Program,Interviews Per First Year Position,10.0:1,12.5:1 (50 interviews / 4 positions),CONFIRMED_CORRECTION,https://freida.ama-assn.org/program/1804800168,MEDIUM,UPDATE_REGISTRY_VALUE,STAGE_B_STRUCTURED_PER_FIELD,Recomputed from the 2026 survey.,NO
TX,1804800168,RISE-NEURO-0166,Texas Tech University HSC El Paso Program,Historical Interview Stats,2019: 0/3; 2020: 0/3; 2021: 10/2; 2022: 10/3; 2023: 40/4; 2024: 40/4,same series plus 2025: 50 interviews / 4 positions,STALE_REGISTRY_VALUE,https://freida.ama-assn.org/program/1804800168,MEDIUM,REFRESH_FROM_CURRENT_CYCLE,STAGE_B_STRUCTURED_PER_FIELD,One year short.,NO
TX,1804800168,RISE-NEURO-0166,Texas Tech University HSC El Paso Program,Offers Preliminary Positions,Yes,"No - field_offers_preliminary_positio false, field_pgy1_post_type_categorical true, and the FAQ says 'Is a preliminary year required? No.'",CONFIRMED_CORRECTION,https://ttuhscep.edu/som/academics/departments/neurology/education/residency-program/frequently-asked-questions.aspx,MEDIUM,UPDATE_REGISTRY_VALUE,STAGE_B_STRUCTURED_PER_FIELD,Reflects the pre-2024/2025 advanced-program structure.,NO
TX,1804800168,RISE-NEURO-0166,Texas Tech University HSC El Paso Program,Visa Sponsorship,J-1 through ECFMG,Program: J-1 only via ECFMG. Institutional GME: no employment-visa sponsorship and no applicants on student/postgraduate visas. FREIDA 2026: field_visa_status EMPTY,GENUINE_SOURCE_CONFLICT,https://ttuhscep.edu/som/academics/graduate-medical-education/visa-information.aspx,MEDIUM,PRESERVE_BOTH_PENDING_PRIMARY_CONFIRMATION,STAGE_B_STRUCTURED_PER_FIELD,Program-level value is correct as far as it goes but omits an institutional restriction.,NO
TX,1804800168,RISE-NEURO-0166,Texas Tech University HSC El Paso Program,US MD Step 1 Required,Yes,FREIDA survey received 2026-06-15 sets field_usmle_step_1_required = false,GENUINE_SOURCE_CONFLICT,https://freida.ama-assn.org/program/1804800168,MEDIUM,PRESERVE_BOTH_PENDING_PRIMARY_CONFIRMATION,STAGE_B_STRUCTURED_PER_FIELD,A false checkbox is not read as 'not required'. Preserved as a conflict.,NO
TX,1804800168,RISE-NEURO-0166,Texas Tech University HSC El Paso Program,IMG Step 2 Required,Yes,FREIDA 2026 field_usmle_step2_req_int = false; program document list implies Step 2 scores at submission; no minimum published,GENUINE_SOURCE_CONFLICT,https://freida.ama-assn.org/program/1804800168,MEDIUM,PRESERVE_BOTH_PENDING_PRIMARY_CONFIRMATION,STAGE_B_STRUCTURED_PER_FIELD,Central to domains 4 and 5 and to step2_timing.final_code.,NO
TX,1804800168,RISE-NEURO-0166,Texas Tech University HSC El Paso Program,US MD Step 2 Required,No,"FREIDA 2026 field_usmle_step_2_required = false, consistent; but the program's own required-document list asks for Step 2 CK scores",INSUFFICIENT_EVIDENCE,https://ttuhscep.edu/som/academics/departments/neurology/education/residency-program/application-process.aspx,MEDIUM,NO_ACTION_INSUFFICIENT_EVIDENCE,STAGE_B_STRUCTURED_PER_FIELD,Consistent with FREIDA but contradicted by the program page.,NO
TX,1804800168,RISE-NEURO-0166,Texas Tech University HSC El Paso Program,Step Preferences,US MD Step 1 passed: Yes; US MD Step 2 passed: No; IMG Step 1 passed: Yes; IMG Step 2 passed: Yes,"All four corresponding 2026 fields (usmle_us_md_pass_1, usmle_us_md_pass_ck, usmle_img_pass_1, usmle_img_pass_ck) are false",GENUINE_SOURCE_CONFLICT,https://freida.ama-assn.org/program/1804800168,MEDIUM,PRESERVE_BOTH_PENDING_PRIMARY_CONFIRMATION,STAGE_B_STRUCTURED_PER_FIELD,Whole-block reversal between survey years.,NO
TX,1804800168,RISE-NEURO-0166,Texas Tech University HSC El Paso Program,Program Faculty Count,9,11 physicians per FREIDA 2026; 9 named on the departmental faculty page,CONFIRMED_CORRECTION,https://freida.ama-assn.org/program/1804800168,MEDIUM,UPDATE_REGISTRY_VALUE,STAGE_B_STRUCTURED_PER_FIELD,"NOT the null-as-zero sentinel here - 9 was a real count matching the faculty page, now grown to 11.",NO
TX,1804800168,RISE-NEURO-0166,Texas Tech University HSC El Paso Program,Faculty Distribution,Physicians: 9; non-physicians: 2,"FREIDA 2026: 11 physicians, 0 non-physicians",CONFIRMED_CORRECTION,https://freida.ama-assn.org/program/1804800168,MEDIUM,UPDATE_REGISTRY_VALUE,STAGE_B_STRUCTURED_PER_FIELD,"The 2026 '0 non-physicians' IS likely the null-as-zero sentinel, since two faculty nurse practitioners are named on the department page.",NO
TX,1804800168,RISE-NEURO-0166,Texas Tech University HSC El Paso Program,Faculty Resident Ratio,0.50:1,0.70,CONFIRMED_CORRECTION,https://freida.ama-assn.org/program/1804800168,MEDIUM,UPDATE_REGISTRY_VALUE,STAGE_B_STRUCTURED_PER_FIELD,Consistent with 11 physicians against a 16-resident complement.,NO
TX,1804800168,RISE-NEURO-0166,Texas Tech University HSC El Paso Program,Female Faculty Percent,37.50%,"FREIDA 2026 field_pct_ft_female = 18.20%; 37.5 in the same record is field_pct_female, which refers to RESIDENTS",GENUINE_SOURCE_CONFLICT,https://freida.ama-assn.org/program/1804800168,MEDIUM,PRESERVE_BOTH_PENDING_PRIMARY_CONFIRMATION,STAGE_B_STRUCTURED_PER_FIELD,Possible field-mapping error in the registry hydration.,NO
TX,1804800168,RISE-NEURO-0166,Texas Tech University HSC El Paso Program,IMG Graduates Percent,72.7%,56.2%,CONFIRMED_CORRECTION,https://freida.ama-assn.org/program/1804800168,MEDIUM,UPDATE_REGISTRY_VALUE,STAGE_B_STRUCTURED_PER_FIELD,"Denominator also changed, 11 to 16.",NO
TX,1804800168,RISE-NEURO-0166,Texas Tech University HSC El Paso Program,US MD Graduates Percent,9.1%,18.8%,CONFIRMED_CORRECTION,https://freida.ama-assn.org/program/1804800168,MEDIUM,UPDATE_REGISTRY_VALUE,STAGE_B_STRUCTURED_PER_FIELD,Roughly doubled as the categorical conversion completed.,NO
TX,1804800168,RISE-NEURO-0166,Texas Tech University HSC El Paso Program,DO Graduates Percent,18.2%,25.0%,CONFIRMED_CORRECTION,https://freida.ama-assn.org/program/1804800168,MEDIUM,UPDATE_REGISTRY_VALUE,STAGE_B_STRUCTURED_PER_FIELD,As above.,NO
TX,1804800168,RISE-NEURO-0166,Texas Tech University HSC El Paso Program,Resident Gender Female Percent,45.5%,37.5%,CONFIRMED_CORRECTION,https://freida.ama-assn.org/program/1804800168,MEDIUM,UPDATE_REGISTRY_VALUE,STAGE_B_STRUCTURED_PER_FIELD,Denominator 11 to 16.,NO
TX,1804800168,RISE-NEURO-0166,Texas Tech University HSC El Paso Program,Medical Spanish Curriculum,Yes,"Traces to THIS adult program's own FREIDA checkbox field_resident_fellow_offer_2019 = 'Instruction in medical Spanish or other non-English language', still present in the 2026 survey; NOT corroborated by any program page, and the program's own FAQ says 'Do I need to speak Spanish? No.'",INSUFFICIENT_EVIDENCE,https://freida.ama-assn.org/program/1804800168,MEDIUM,NO_ACTION_INSUFFICIENT_EVIDENCE,STAGE_B_STRUCTURED_PER_FIELD,"EXPLICITLY NOT CROSS_PROGRAM_CONTAMINATION: this institution has no child neurology residency, and the checkbox belongs to program_id 1804800168's own survey record. But it is a bare disjunctive tick with no corroboration, and the institution's famous required Medical Spanish course is undergraduate",NO
TX,1804800168,RISE-NEURO-0166,Texas Tech University HSC El Paso Program,Call Schedule,Year 1: Once per week for 12 week(s); Year 2: Once per week for 12 week(s); Year 3: Once per week for 6 week(s); Year 4: Once per week for 6 week(s),Year 1: EVERY FIFTH NIGHT for 12 weeks; Years 2-4 as registry states,CONFIRMED_CORRECTION,https://freida.ama-assn.org/program/1804800168,MEDIUM,UPDATE_REGISTRY_VALUE,STAGE_B_STRUCTURED_PER_FIELD,The intern-year value appears to have been propagated from PGY-2. Materially different intern experience.,NO
TX,1804800168,RISE-NEURO-0166,Texas Tech University HSC El Paso Program,Board Certification Pass Rate Evaluation,Yes,The program USES graduates' board pass rates as an internal program-evaluation method; it publishes no rate,SEMANTIC_MISMATCH,https://freida.ama-assn.org/program/1804800168,MEDIUM,FIX_FIELD_SEMANTICS_OR_NULL_HANDLING,STAGE_B_STRUCTURED_PER_FIELD,Reads like an outcome field but is a methods field. See domain 20.,NO
TX,1804800168,RISE-NEURO-0166,Texas Tech University HSC El Paso Program,Educational Stipend,On-call meal allowance,"FREIDA field_program_offers_2021 is a single multi-select: free parking, on-call meal allowance, technology allowance",SEMANTIC_MISMATCH,https://freida.ama-assn.org/program/1804800168,MEDIUM,FIX_FIELD_SEMANTICS_OR_NULL_HANDLING,STAGE_B_STRUCTURED_PER_FIELD,"One multi-select copied into three differently-named registry fields (Meal Allowance, Educational Stipend, Technology Allowance), all reading 'On-call meal allowance'.",NO
TX,1804800168,RISE-NEURO-0166,Texas Tech University HSC El Paso Program,Technology Allowance,On-call meal allowance,as above,SEMANTIC_MISMATCH,https://freida.ama-assn.org/program/1804800168,MEDIUM,FIX_FIELD_SEMANTICS_OR_NULL_HANDLING,STAGE_B_STRUCTURED_PER_FIELD,Same hydration artefact.,NO
TX,1804800168,RISE-NEURO-0166,Texas Tech University HSC El Paso Program,Survey Received,2025-06-25,2026-06-15,STALE_REGISTRY_VALUE,https://freida.ama-assn.org/program/1804800168,MEDIUM,REFRESH_FROM_CURRENT_CYCLE,STAGE_B_STRUCTURED_PER_FIELD,"A full survey cycle newer, which is the root cause of most SUPERSEDED classifications above.",NO
TX,1804800168,RISE-NEURO-0166,Texas Tech University HSC El Paso Program,FREIDA Last Updated,2026-02-19,node changed 2026-08-20T01:18:01Z; survey node changed 2026-08-20T03:29:31Z,STALE_REGISTRY_VALUE,https://freida.ama-assn.org/program/1804800168,MEDIUM,REFRESH_FROM_CURRENT_CYCLE,STAGE_B_STRUCTURED_PER_FIELD,Six months newer.,NO
TX,1804800168,RISE-NEURO-0166,Texas Tech University HSC El Paso Program,Global Health Experience,No,No global health offering found at residency level; an institutional Border Health Program with a migrant clinic exists but is 2022-vintage news with no neurology involvement named,INSUFFICIENT_EVIDENCE,https://www.techtalkelpaso.com/home/teaching-during-a-crisis,MEDIUM,NO_ACTION_INSUFFICIENT_EVIDENCE,STAGE_B_STRUCTURED_PER_FIELD,"Registry value not contradicted, but the institutional border-health work is invisible in it.",NO
TX,1804800168,RISE-NEURO-0166,Texas Tech University HSC El Paso Program,Step 3 or COMLEX Level 3 Support,No,"No support offering found, but the institution imposes a Step 3 REQUIREMENT: 'Step 3 to be successfully passed by November in your PGY 2 year to receive your PGY 3 contract'",GENUINE_SOURCE_CONFLICT,https://ttuhscep.edu/som/academics/departments/neurology/education/residency-program/frequently-asked-questions.aspx,MEDIUM,PRESERVE_BOTH_PENDING_PRIMARY_CONFIRMATION,STAGE_B_STRUCTURED_PER_FIELD,No support plus a hard promotion deadline is a meaningful combination the registry does not surface.,NO
TX,1804811109,RISE-NEURO-0253,University of Texas Medical Branch Hospitals Program,Total Residents,27,Actual AY2026-27 census 29 (9/7/7/6); actual AY2025-26 census 26 (7/7/6/6),COMPLEMENT_VS_CENSUS,https://www.utmb.edu/neuro/education/residency-program/our-team,MEDIUM,SPLIT_INTO_TWO_FIELDS,STAGE_B_STRUCTURED_PER_FIELD,"THE HEADLINE DEFECT. 27 is the sum of FREIDA's four per-year survey answers [6,6,7,8], which splices one offered-positions figure (8) onto three head-counts (7/6/6). It matches no real census in any year. Complement and census are reported separately in domain 11. | RECLASSIFIED by orchestrator from SEMANTIC_MISMATCH: the underlying defect is approved complement stored where census is expected.",NO
TX,1804811109,RISE-NEURO-0253,University of Texas Medical Branch Hospitals Program,Residents Per Year,PGY-1: 8; PGY-2: 7; PGY-3: 6; PGY-4: 6,AY2026-27 actual: PGY-1 9; PGY-2 7; PGY-3 7; PGY-4 6,SEMANTIC_MISMATCH,https://www.utmb.edu/neuro/education/residency-program/our-team,MEDIUM,FIX_FIELD_SEMANTICS_OR_NULL_HANDLING,STAGE_B_STRUCTURED_PER_FIELD,"Same defect as Total Residents; the PGY-1 slot carries offered positions, not a head-count.",NO
TX,1804811109,RISE-NEURO-0253,University of Texas Medical Branch Hospitals Program,First Year Positions,8,FREIDA 8 / program page 'seven per year' / applicant page 'up to five' / actual entering class 9,GENUINE_SOURCE_CONFLICT,https://www.utmb.edu/neuro/education/residency-program/our-program,MEDIUM,PRESERVE_BOTH_PENDING_PRIMARY_CONFIRMATION,STAGE_B_STRUCTURED_PER_FIELD,Four incompatible published values; none reconciles the others. See conflicts.,NO
TX,1804811109,RISE-NEURO-0253,University of Texas Medical Branch Hospitals Program,Current Residents PGY1,8,9 (AY2026-27),STALE_REGISTRY_VALUE,https://www.utmb.edu/neuro/education/residency-program/our-team,MEDIUM,REFRESH_FROM_CURRENT_CYCLE,STAGE_B_STRUCTURED_PER_FIELD,FREIDA survey received 2025-06-11; superseded twice over.,NO
TX,1804811109,RISE-NEURO-0253,University of Texas Medical Branch Hospitals Program,Current Residents PGY3,6,7 (AY2026-27),STALE_REGISTRY_VALUE,https://www.utmb.edu/neuro/education/residency-program/our-team,MEDIUM,REFRESH_FROM_CURRENT_CYCLE,STAGE_B_STRUCTURED_PER_FIELD,,NO
TX,1804811109,RISE-NEURO-0253,University of Texas Medical Branch Hospitals Program,Salary PGY1,66405,69725 effective 2026-07-01,STALE_REGISTRY_VALUE,https://www.utmb.edu/gme/salaries,MEDIUM,REFRESH_FROM_CURRENT_CYCLE,STAGE_B_STRUCTURED_PER_FIELD,Registry carries the 2025-07-01 table; recovered current figure by reading the GME salary JPEG.,NO
TX,1804811109,RISE-NEURO-0253,University of Texas Medical Branch Hospitals Program,Salary PGY2,68654,72087 effective 2026-07-01,STALE_REGISTRY_VALUE,https://www.utmb.edu/gme/salaries,MEDIUM,REFRESH_FROM_CURRENT_CYCLE,STAGE_B_STRUCTURED_PER_FIELD,,NO
TX,1804811109,RISE-NEURO-0253,University of Texas Medical Branch Hospitals Program,Salary PGY3,70783,74322 effective 2026-07-01,STALE_REGISTRY_VALUE,https://www.utmb.edu/gme/salaries,MEDIUM,REFRESH_FROM_CURRENT_CYCLE,STAGE_B_STRUCTURED_PER_FIELD,,NO
TX,1804811109,RISE-NEURO-0253,University of Texas Medical Branch Hospitals Program,Salary PGY4,73229,76890 effective 2026-07-01,STALE_REGISTRY_VALUE,https://www.utmb.edu/gme/salaries,MEDIUM,REFRESH_FROM_CURRENT_CYCLE,STAGE_B_STRUCTURED_PER_FIELD,,NO
TX,1804811109,RISE-NEURO-0253,University of Texas Medical Branch Hospitals Program,Vacation,12,Program page advertises '4 weeks of PTO vacation',GENUINE_SOURCE_CONFLICT,https://www.utmb.edu/neuro/education/residency-program/applicant-info,MEDIUM,PRESERVE_BOTH_PENDING_PRIMARY_CONFIRMATION,STAGE_B_STRUCTURED_PER_FIELD,12 days vs 4 weeks cannot both be literal unless PTO aggregates vacation + sick (12+12=24). A third secondary figure (15 business days) also exists.,NO
TX,1804811109,RISE-NEURO-0253,University of Texas Medical Branch Hospitals Program,Sick Days,12,Not published by program or GME,INSUFFICIENT_EVIDENCE,https://www.utmb.edu/neuro/education/residency-program/applicant-info,MEDIUM,NO_ACTION_INSUFFICIENT_EVIDENCE,STAGE_B_STRUCTURED_PER_FIELD,FREIDA-only; no UTMB page corroborates.,NO
TX,1804811109,RISE-NEURO-0253,University of Texas Medical Branch Hospitals Program,International Graduates,96.0%,21 of 29 current residents (72%) graduated from schools outside the US,CONFIRMED_CORRECTION,https://www.utmb.edu/neuro/education/residency-program/our-team,MEDIUM,UPDATE_REGISTRY_VALUE,STAGE_B_STRUCTURED_PER_FIELD,FREIDA percentage is stale by one to two match cycles.,NO
TX,1804811109,RISE-NEURO-0253,University of Texas Medical Branch Hospitals Program,US Graduates,US MD: 4.0%; DO: 0.0%,"3 of 29 hold a US MD degree (10%, incl. 1 Puerto Rico LCME); 5 of 29 are DOs (17%)",CONFIRMED_CORRECTION,https://www.utmb.edu/neuro/education/residency-program/our-team,MEDIUM,UPDATE_REGISTRY_VALUE,STAGE_B_STRUCTURED_PER_FIELD,'DO 0.0%' is decisively wrong against a roster containing five DOs.,NO
TX,1804811109,RISE-NEURO-0253,University of Texas Medical Branch Hospitals Program,DO Graduates Percent,0.0%,17% (5 of 29),CONFIRMED_CORRECTION,https://www.utmb.edu/neuro/education/residency-program/our-team,MEDIUM,UPDATE_REGISTRY_VALUE,STAGE_B_STRUCTURED_PER_FIELD,"Not a FREIDA zero-sentinel — it is a genuinely stale survey answer, but the effect is the same kind of error.",NO
TX,1804811109,RISE-NEURO-0253,University of Texas Medical Branch Hospitals Program,US MD Graduates Percent,4.0%,10% (3 of 29),CONFIRMED_CORRECTION,https://www.utmb.edu/neuro/education/residency-program/our-team,MEDIUM,UPDATE_REGISTRY_VALUE,STAGE_B_STRUCTURED_PER_FIELD,,NO
TX,1804811109,RISE-NEURO-0253,University of Texas Medical Branch Hospitals Program,IMG Graduates Percent,96.0%,72% (21 of 29),CONFIRMED_CORRECTION,https://www.utmb.edu/neuro/education/residency-program/our-team,MEDIUM,UPDATE_REGISTRY_VALUE,STAGE_B_STRUCTURED_PER_FIELD,,NO
TX,1804811109,RISE-NEURO-0253,University of Texas Medical Branch Hospitals Program,Faculty Resident Ratio,0.70:1,~0.66:1 (19 physician faculty / 29 residents),STALE_REGISTRY_VALUE,https://www.utmb.edu/neuro/education/residency-program/our-team,MEDIUM,REFRESH_FROM_CURRENT_CYCLE,STAGE_B_STRUCTURED_PER_FIELD,Arithmetic consequence of the census correction.,NO
TX,1804811109,RISE-NEURO-0253,University of Texas Medical Branch Hospitals Program,Call Schedule,Year 1: Every fourth night; Year 2: Every fifth night; Year 3: Every sixth night for 6 week(s); Year 4: N/A,PGY-2 night float 6-8 weeks (17:00-06:30) plus 24h Saturday calls ~twice monthly; PGY-4 one 12-hour call per month,GENUINE_SOURCE_CONFLICT,https://www.utmb.edu/neuro/education/residency-program/our-program,MEDIUM,PRESERVE_BOTH_PENDING_PRIMARY_CONFIRMATION,STAGE_B_STRUCTURED_PER_FIELD,FREIDA's q4/q5/q6 description does not match the program's own narrative structure.,NO
TX,1804811109,RISE-NEURO-0253,University of Texas Medical Branch Hospitals Program,Moonlighting,Yes,Not addressed on any UTMB Neurology or GME page I retrieved,INSUFFICIENT_EVIDENCE,https://www.utmb.edu/neuro/education/residency-program/applicant-info,MEDIUM,NO_ACTION_INSUFFICIENT_EVIDENCE,STAGE_B_STRUCTURED_PER_FIELD,FREIDA-only.,NO
TX,1804811109,RISE-NEURO-0253,University of Texas Medical Branch Hospitals Program,Minimum LOR,3,Not published by program or GME,INSUFFICIENT_EVIDENCE,https://www.utmb.edu/neuro/education/residency-program/applicant-info,MEDIUM,NO_ACTION_INSUFFICIENT_EVIDENCE,STAGE_B_STRUCTURED_PER_FIELD,FREIDA-only; the program page states no LOR count.,NO
TX,1804811109,RISE-NEURO-0253,University of Texas Medical Branch Hospitals Program,Specialty Specific LOR Required,Letter(s) from someone within the specialty,Not published by program or GME,INSUFFICIENT_EVIDENCE,https://www.utmb.edu/neuro/education/residency-program/applicant-info,MEDIUM,NO_ACTION_INSUFFICIENT_EVIDENCE,STAGE_B_STRUCTURED_PER_FIELD,FREIDA-only.,NO
TX,1804811109,RISE-NEURO-0253,University of Texas Medical Branch Hospitals Program,Medical School Graduation Timeline,1,Not published by program or GME; FREIDA field could not be re-read at source,INSUFFICIENT_EVIDENCE,https://searchcloud-24-us-east-1.searchstax.com/29847/freidaprod-9307/emselect?q=1804811109,MEDIUM,NO_ACTION_INSUFFICIENT_EVIDENCE,STAGE_B_STRUCTURED_PER_FIELD,"The SearchStax projection the public SPA uses does not expose this field, FREIDA's JSON:API is behind an authenticated admin login, and the public program page is a JS shell. Semantics ('accepts graduates up to 1 year out') are inferred from FREIDA's question wording, not confirmed. Not binding on a",NO
TX,1804811109,RISE-NEURO-0253,University of Texas Medical Branch Hospitals Program,Gap Experience Requirement,Research or other medical education pursuits (clinical experience not required),Not published by program or GME,INSUFFICIENT_EVIDENCE,https://searchcloud-24-us-east-1.searchstax.com/29847/freidaprod-9307/emselect?q=1804811109,MEDIUM,NO_ACTION_INSUFFICIENT_EVIDENCE,STAGE_B_STRUCTURED_PER_FIELD,FREIDA-only; useful as the closest thing to a USCE statement but not corroborated.,NO
TX,1804811109,RISE-NEURO-0253,University of Texas Medical Branch Hospitals Program,Resident Gender Female Percent,48.0%,Not re-derived; no inference drawn from names,INSUFFICIENT_EVIDENCE,https://www.utmb.edu/neuro/education/residency-program/our-team,MEDIUM,NO_ACTION_INSUFFICIENT_EVIDENCE,STAGE_B_STRUCTURED_PER_FIELD,Governance law 4 respected.,NO
TX,1804811109,RISE-NEURO-0253,University of Texas Medical Branch Hospitals Program,Resident Gender Male Percent,52.0%,Not re-derived,INSUFFICIENT_EVIDENCE,https://www.utmb.edu/neuro/education/residency-program/our-team,MEDIUM,NO_ACTION_INSUFFICIENT_EVIDENCE,STAGE_B_STRUCTURED_PER_FIELD,,NO
TX,1804811109,RISE-NEURO-0253,University of Texas Medical Branch Hospitals Program,Program Start Date,June; July,"GME orientation employment start date June 22, 2026 for the 2026 cohort",CONFIRMED_CORRECTION,https://www.utmb.edu/gme/salaries,MEDIUM,UPDATE_REGISTRY_VALUE,STAGE_B_STRUCTURED_PER_FIELD,Read off the GME salary document; a precise date beats the month pair.,NO
TX,1804811109,RISE-NEURO-0253,University of Texas Medical Branch Hospitals Program,Global Health Experience,No,Not addressed on any program page,INSUFFICIENT_EVIDENCE,https://searchcloud-24-us-east-1.searchstax.com/29847/freidaprod-9307/emselect?q=1804811109,MEDIUM,NO_ACTION_INSUFFICIENT_EVIDENCE,STAGE_B_STRUCTURED_PER_FIELD,FREIDA-only.,NO
TX,1804811109,RISE-NEURO-0253,University of Texas Medical Branch Hospitals Program,Healthcare Economics Curriculum,Yes,Not identifiable in the published didactic grid or curriculum pages,INSUFFICIENT_EVIDENCE,https://www.utmb.edu/neuro/education/residency-program/didactics,MEDIUM,NO_ACTION_INSUFFICIENT_EVIDENCE,STAGE_B_STRUCTURED_PER_FIELD,FREIDA-only; the published weekly didactic grid contains no healthcare-economics session.,NO
TX,1804811109,RISE-NEURO-0253,University of Texas Medical Branch Hospitals Program,Debt Counseling,Yes,Not addressed on any program page,INSUFFICIENT_EVIDENCE,https://searchcloud-24-us-east-1.searchstax.com/29847/freidaprod-9307/emselect?q=1804811109,MEDIUM,NO_ACTION_INSUFFICIENT_EVIDENCE,STAGE_B_STRUCTURED_PER_FIELD,FREIDA-only.,NO
TX,1804811109,RISE-NEURO-0253,University of Texas Medical Branch Hospitals Program,Resident Retreats,Yes,"Program describes yearly departmental social events and a monthly Resident Wellness Session, but no 'retreat' as such",INSUFFICIENT_EVIDENCE,https://www.utmb.edu/neuro/education/residency-program/resident-life,MEDIUM,NO_ACTION_INSUFFICIENT_EVIDENCE,STAGE_B_STRUCTURED_PER_FIELD,Partially consistent.,NO
TX,1804812156,RISE-NEURO-0248,University of Texas at Austin Dell Medical School/Dell Seton Medical Center Program,Program Website,https://dellmed.utexas.edu/education/academics/graduate-medical-education,https://dellmed.utexas.edu/education/academics/graduate-medical-education/neurology-residency,SEMANTIC_MISMATCH,https://dellmed.utexas.edu/education/academics/graduate-medical-education/neurology-residency,MEDIUM,FIX_FIELD_SEMANTICS_OR_NULL_HANDLING,STAGE_B_STRUCTURED_PER_FIELD,"Registry stores the GME landing page (FREIDA field_website), not the neurology residency microsite. Technically the program's declared URL, but it is not the program page and a consumer following it lands two levels above the actual content.",NO
TX,1804812156,RISE-NEURO-0248,University of Texas at Austin Dell Medical School/Dell Seton Medical Center Program,Program Status,FREIDA: not accepting current year; accepting next year,"Actively recruiting: open Oct 15 deadline, interviews late Oct-Dec, named coordinators taking extension requests",SEMANTIC_MISMATCH,https://dellmed.utexas.edu/education/academics/graduate-medical-education/neurology-residency/application-details,MEDIUM,FIX_FIELD_SEMANTICS_OR_NULL_HANDLING,STAGE_B_STRUCTURED_PER_FIELD,Survey-cycle bookkeeping artifact (field_accepting_next_year). Reads as 'closed this year' and is misleading.,NO
TX,1804812156,RISE-NEURO-0248,University of Texas at Austin Dell Medical School/Dell Seton Medical Center Program,Salary PGY1,67503,"$69,528 (AY2026-2027)",STALE_REGISTRY_VALUE,https://dellmed.utexas.edu/education/academics/graduate-medical-education/salary-and-benefits,MEDIUM,REFRESH_FROM_CURRENT_CYCLE,STAGE_B_STRUCTURED_PER_FIELD,"Registry value is the AY2025-2026 table, exactly one cycle stale as the contract predicted.",NO
TX,1804812156,RISE-NEURO-0248,University of Texas at Austin Dell Medical School/Dell Seton Medical Center Program,Salary PGY2,69657,"$71,747 (AY2026-2027)",STALE_REGISTRY_VALUE,https://dellmed.utexas.edu/education/academics/graduate-medical-education/salary-and-benefits,MEDIUM,REFRESH_FROM_CURRENT_CYCLE,STAGE_B_STRUCTURED_PER_FIELD,One cycle stale.,NO
TX,1804812156,RISE-NEURO-0248,University of Texas at Austin Dell Medical School/Dell Seton Medical Center Program,Salary PGY3,72478,"$74,652 (AY2026-2027)",STALE_REGISTRY_VALUE,https://dellmed.utexas.edu/education/academics/graduate-medical-education/salary-and-benefits,MEDIUM,REFRESH_FROM_CURRENT_CYCLE,STAGE_B_STRUCTURED_PER_FIELD,One cycle stale.,NO
TX,1804812156,RISE-NEURO-0248,University of Texas at Austin Dell Medical School/Dell Seton Medical Center Program,Salary PGY4,75368,"$77,629 (AY2026-2027)",STALE_REGISTRY_VALUE,https://dellmed.utexas.edu/education/academics/graduate-medical-education/salary-and-benefits,MEDIUM,REFRESH_FROM_CURRENT_CYCLE,STAGE_B_STRUCTURED_PER_FIELD,One cycle stale.,NO
TX,1804812156,RISE-NEURO-0248,University of Texas at Austin Dell Medical School/Dell Seton Medical Center Program,Application Deadline,2025-09-24,October 15 (extensions available on request),GENUINE_SOURCE_CONFLICT,https://dellmed.utexas.edu/education/academics/graduate-medical-education/neurology-residency/application-details,MEDIUM,PRESERVE_BOTH_PENDING_PRIMARY_CONFIRMATION,STAGE_B_STRUCTURED_PER_FIELD,Disagrees with the official page by three weeks AND refers to the prior cycle. Double defect.,NO
TX,1804812156,RISE-NEURO-0248,University of Texas at Austin Dell Medical School/Dell Seton Medical Center Program,Applicant Interview Format,In Person,"VIRTUAL interviews, most Tuesdays late Oct-Dec; optional in-person second look only",CONFIRMED_CORRECTION,https://dellmed.utexas.edu/education/academics/graduate-medical-education/neurology-residency/application-details,MEDIUM,UPDATE_REGISTRY_VALUE,STAGE_B_STRUCTURED_PER_FIELD,Materially misleading for an applicant budgeting interview travel from Puerto Rico.,NO
TX,1804812156,RISE-NEURO-0248,University of Texas at Austin Dell Medical School/Dell Seton Medical Center Program,Interview Style,In Person,Virtual,CONFIRMED_CORRECTION,https://dellmed.utexas.edu/education/academics/graduate-medical-education/neurology-residency/application-details,MEDIUM,UPDATE_REGISTRY_VALUE,STAGE_B_STRUCTURED_PER_FIELD,"Same defect as above, duplicated in a second field.",NO
TX,1804812156,RISE-NEURO-0248,University of Texas at Austin Dell Medical School/Dell Seton Medical Center Program,US MD Step 1 Required,Yes,FREIDA field_usmle_step_1_required = False; what is True is field_usmle_us_md_pass_1 (must have PASSED),SEMANTIC_MISMATCH,https://freida.ama-assn.org/program/1804812156,MEDIUM,FIX_FIELD_SEMANTICS_OR_NULL_HANDLING,STAGE_B_STRUCTURED_PER_FIELD,"'Must have passed' collapsed into 'required'; reads as a stricter, earlier gate than published.",NO
TX,1804812156,RISE-NEURO-0248,University of Texas at Austin Dell Medical School/Dell Seton Medical Center Program,US MD Step 2 Required,Yes,FREIDA field_usmle_step_2_required = False and field_usmle_step2_req_int = False; pass required before rank list,SEMANTIC_MISMATCH,https://freida.ama-assn.org/program/1804812156,MEDIUM,FIX_FIELD_SEMANTICS_OR_NULL_HANDLING,STAGE_B_STRUCTURED_PER_FIELD,Most consequential semantic defect in the row for a late-Step-2 applicant.,NO
TX,1804812156,RISE-NEURO-0248,University of Texas at Austin Dell Medical School/Dell Seton Medical Center Program,DO COMLEX Level 1 Required,Yes,field_comlex_lvl1_req_int = False; field_comlex_do_pass_1 = True,SEMANTIC_MISMATCH,https://freida.ama-assn.org/program/1804812156,MEDIUM,FIX_FIELD_SEMANTICS_OR_NULL_HANDLING,STAGE_B_STRUCTURED_PER_FIELD,Same pass-vs-required conflation.,NO
TX,1804812156,RISE-NEURO-0248,University of Texas at Austin Dell Medical School/Dell Seton Medical Center Program,DO COMLEX Level 2 Required,Yes,field_comlex_lvl2_req_int = False; field_comlex_do_pass_ce = True,SEMANTIC_MISMATCH,https://freida.ama-assn.org/program/1804812156,MEDIUM,FIX_FIELD_SEMANTICS_OR_NULL_HANDLING,STAGE_B_STRUCTURED_PER_FIELD,Same conflation.,NO
TX,1804812156,RISE-NEURO-0248,University of Texas at Austin Dell Medical School/Dell Seton Medical Center Program,Minimum LOR,2,'At least three letters of recommendation' (official ERAS checklist),GENUINE_SOURCE_CONFLICT,https://dellmed.utexas.edu/education/academics/graduate-medical-education/neurology-residency/application-details,MEDIUM,PRESERVE_BOTH_PENDING_PRIMARY_CONFIRMATION,STAGE_B_STRUCTURED_PER_FIELD,An applicant relying on the registry minimum would under-submit.,NO
TX,1804812156,RISE-NEURO-0248,University of Texas at Austin Dell Medical School/Dell Seton Medical Center Program,Medical School Graduation Timeline,3,"3 years, published ONLY under the IMG section on the program page; sister program 1804800001 reports 5",GENUINE_SOURCE_CONFLICT,https://dellmed.utexas.edu/education/academics/graduate-medical-education/neurology-residency/application-details,MEDIUM,PRESERVE_BOTH_PENDING_PRIMARY_CONFIRMATION,STAGE_B_STRUCTURED_PER_FIELD,Scope disputed and sibling programs disagree. Immaterial to Alejandra (0 years at matriculation).,NO
TX,1804812156,RISE-NEURO-0248,University of Texas at Austin Dell Medical School/Dell Seton Medical Center Program,Female Faculty Percent,29.40%,FREIDA field_pct_ft_female = 29.40,INSUFFICIENT_EVIDENCE,https://freida.ama-assn.org/program/1804812156,MEDIUM,NO_ACTION_INSUFFICIENT_EVIDENCE,STAGE_B_STRUCTURED_PER_FIELD,Faithfully reproduces FREIDA but no independent source exists; full faculty roster unreachable.,NO
TX,1804812156,RISE-NEURO-0248,University of Texas at Austin Dell Medical School/Dell Seton Medical Center Program,Program Director,(empty),"Kent Ellington, M.D., PD since 2011",SEMANTIC_MISMATCH,https://dellmed.utexas.edu/education/academics/graduate-medical-education/neurology-residency/directors-welcome,MEDIUM,FIX_FIELD_SEMANTICS_OR_NULL_HANDLING,STAGE_B_STRUCTURED_PER_FIELD,Schema gap confirmed exactly as the contract predicted for all 16 TX Neurology rows - not a research gap. Recovered in one fetch.,NO
TX,1804812156,RISE-NEURO-0248,University of Texas at Austin Dell Medical School/Dell Seton Medical Center Program,Family Medical Leave Paid Days,35,One-time six-week term of paid parental/medical/caregiver leave (~30 working days),SEMANTIC_MISMATCH,https://dellmed.utexas.edu/education/academics/graduate-medical-education/salary-and-benefits,MEDIUM,FIX_FIELD_SEMANTICS_OR_NULL_HANDLING,STAGE_B_STRUCTURED_PER_FIELD,"FREIDA field_leave_paid = 35 approximates but does not match the published policy, and omits that it is one-time.",NO
TX,1804812156,RISE-NEURO-0248,University of Texas at Austin Dell Medical School/Dell Seton Medical Center Program,Educational Stipend,On-call meal allowance,$650/yr institutional books-and-technology allowance plus a neurology-specific education fund,CROSS_PROGRAM_CONTAMINATION,https://dellmed.utexas.edu/education/academics/graduate-medical-education/salary-and-benefits,MEDIUM,REMOVE_VALUE_WRONG_PROGRAM,STAGE_B_STRUCTURED_PER_FIELD,"Field-level mis-mapping: FREIDA field_program_offers_2021 is a three-item list ['Free parking','On-call meal allowance','iPads/tablets or technology allowance'] and the registry collapsed it into the wrong single value here.",NO
TX,1804812156,RISE-NEURO-0248,University of Texas at Austin Dell Medical School/Dell Seton Medical Center Program,Technology Allowance,On-call meal allowance,iPads/tablets or technology allowance (separate list item); meal cards are a distinct benefit,CROSS_PROGRAM_CONTAMINATION,https://dellmed.utexas.edu/education/academics/graduate-medical-education/salary-and-benefits,MEDIUM,REMOVE_VALUE_WRONG_PROGRAM,STAGE_B_STRUCTURED_PER_FIELD,Same list-collapse defect duplicated into a second field.,NO
TX,1804812156,RISE-NEURO-0248,University of Texas at Austin Dell Medical School/Dell Seton Medical Center Program,Step 3 or COMLEX Level 3 Support,No,'The cost of in-training exams and Step 3 of the USMLE will be paid by the program',CONFIRMED_CORRECTION,https://dellmed.utexas.edu/education/academics/graduate-medical-education/salary-and-benefits,MEDIUM,UPDATE_REGISTRY_VALUE,STAGE_B_STRUCTURED_PER_FIELD,Directly contradicted by the official GME benefits page.,NO
TX,1804812156,RISE-NEURO-0248,University of Texas at Austin Dell Medical School/Dell Seton Medical Center Program,Call Schedule,Year 1: Every fourth night for 4 week(s); Year 2: Other for 2 week(s); Year 3/4: Every eleventh night or more,"'The program has no 24-hour call'; home call only in PGY-3/4 (field_beeper_home_call = [0,0,10,10])",SEMANTIC_MISMATCH,https://dellmed.utexas.edu/education/academics/graduate-medical-education/neurology-residency/curriculum,MEDIUM,FIX_FIELD_SEMANTICS_OR_NULL_HANDLING,STAGE_B_STRUCTURED_PER_FIELD,Registry string describes call FREQUENCY; the program's salient published fact is call DURATION. Reconcilable but easily misread.,NO
TX,1804812156,RISE-NEURO-0248,University of Texas at Austin Dell Medical School/Dell Seton Medical Center Program,Board Certification Pass Rate Evaluation,Yes,Program uses graduates' board pass rates as an internal evaluation METHOD; no pass rate is published,SEMANTIC_MISMATCH,https://freida.ama-assn.org/program/1804812156,MEDIUM,FIX_FIELD_SEMANTICS_OR_NULL_HANDLING,STAGE_B_STRUCTURED_PER_FIELD,"An evaluation-methods checkbox, not an outcome. Must not be rendered as a pass rate.",NO
TX,1804813163,RISE-NEURO-0165,Texas Tech University Health Sciences Center at Lubbock Program,Program Website,https://www.ttuhsc.edu/medicine/neurology/residency/default.aspx,Redirects to https://www.ttuhsc.edu/programs/neurology-residency-lubbock which returns HTTP 403 Access Denied; content live at https://bittaxi.ttuhsc.edu/medicine/neurology/residency/default.aspx,STALE_REGISTRY_VALUE,https://www.ttuhsc.edu/sitemap.xml,MEDIUM,REFRESH_FROM_CURRENT_CYCLE,STAGE_B_STRUCTURED_PER_FIELD,"The URL of record is broken and the replacement path is absent from the institution's 11,761-URL sitemap.",NO
TX,1804813163,RISE-NEURO-0165,Texas Tech University Health Sciences Center at Lubbock Program,Program Status,FREIDA: not accepting current year; accepting next year,Accepting current year = TRUE; accepting next year = FALSE,CONFIRMED_CORRECTION,https://freida.ama-assn.org/program/1804813163,MEDIUM,UPDATE_REGISTRY_VALUE,STAGE_B_STRUCTURED_PER_FIELD,"field_accepting_current_year=true, field_accepting_next_year=false in the 2026-06-15 survey - the flags are inverted relative to the registry.",NO
TX,1804813163,RISE-NEURO-0165,Texas Tech University Health Sciences Center at Lubbock Program,Total Residents,20,"Approved complement 20; ACTUAL CENSUS 19 (4 PGY-1, 5 PGY-2, 5 PGY-3, 5 PGY-4)",COMPLEMENT_VS_CENSUS,https://www.ttuhsc.edu/faculty-staff-directory?keys=Neurology%20Department%20-%20Lubbock,MEDIUM,SPLIT_INTO_TWO_FIELDS,STAGE_B_STRUCTURED_PER_FIELD,Exactly the complement-for-census defect the contract predicts. | RECLASSIFIED by orchestrator from SEMANTIC_MISMATCH: the underlying defect is approved complement stored where census is expected.,NO
TX,1804813163,RISE-NEURO-0165,Texas Tech University Health Sciences Center at Lubbock Program,Residents Per Year,PGY-1: 5; PGY-2: 5; PGY-3: 5; PGY-4: 5,Positions 5/5/5/5; people 4/5/5/5,SEMANTIC_MISMATCH,https://www.ttuhsc.edu/faculty-staff-directory?keys=Neurology%20Department%20-%20Lubbock,MEDIUM,FIX_FIELD_SEMANTICS_OR_NULL_HANDLING,STAGE_B_STRUCTURED_PER_FIELD,"Describes approved positions, not occupied seats.",NO
TX,1804813163,RISE-NEURO-0165,Texas Tech University Health Sciences Center at Lubbock Program,Current Residents PGY1,5,4,STALE_REGISTRY_VALUE,https://www.ttuhsc.edu/faculty-staff-directory?keys=Neurology%20Department%20-%20Lubbock,MEDIUM,REFRESH_FROM_CURRENT_CYCLE,STAGE_B_STRUCTURED_PER_FIELD,Only four PGY-1s appear in TTUHSC's own employee directory for AY2026-27.,NO
TX,1804813163,RISE-NEURO-0165,Texas Tech University Health Sciences Center at Lubbock Program,Salary PGY1,65764,"$65,764.23 for AY2025-2026; no AY2026-27 rate published as of 2026-09-11",STALE_REGISTRY_VALUE,https://bittaxi.ttuhsc.edu/medicine/graduate-medical-education/salaries-benefits.aspx,MEDIUM,REFRESH_FROM_CURRENT_CYCLE,STAGE_B_STRUCTURED_PER_FIELD,"Correct number, one cycle old as a forward-looking figure for a July 2027 start.",NO
TX,1804813163,RISE-NEURO-0165,Texas Tech University Health Sciences Center at Lubbock Program,Salary PGY2,67250,"$67,250.96 (AY2025-2026)",STALE_REGISTRY_VALUE,https://bittaxi.ttuhsc.edu/medicine/graduate-medical-education/salaries-benefits.aspx,MEDIUM,REFRESH_FROM_CURRENT_CYCLE,STAGE_B_STRUCTURED_PER_FIELD,,NO
TX,1804813163,RISE-NEURO-0165,Texas Tech University Health Sciences Center at Lubbock Program,Salary PGY3,69374,"$69,374.62 (AY2025-2026)",STALE_REGISTRY_VALUE,https://bittaxi.ttuhsc.edu/medicine/graduate-medical-education/salaries-benefits.aspx,MEDIUM,REFRESH_FROM_CURRENT_CYCLE,STAGE_B_STRUCTURED_PER_FIELD,,NO
TX,1804813163,RISE-NEURO-0165,Texas Tech University Health Sciences Center at Lubbock Program,Salary PGY4,72532,"$72,532.92 (AY2025-2026)",STALE_REGISTRY_VALUE,https://bittaxi.ttuhsc.edu/medicine/graduate-medical-education/salaries-benefits.aspx,MEDIUM,REFRESH_FROM_CURRENT_CYCLE,STAGE_B_STRUCTURED_PER_FIELD,,NO
TX,1804813163,RISE-NEURO-0165,Texas Tech University Health Sciences Center at Lubbock Program,Salary Paid By,Non-profit institution,field_salary_paid_nonprofit = 'No',GENUINE_SOURCE_CONFLICT,https://freida.ama-assn.org/program/1804813163,MEDIUM,PRESERVE_BOTH_PENDING_PRIMARY_CONFIRMATION,STAGE_B_STRUCTURED_PER_FIELD,TTUHSC is a state institution; the registry value contradicts the program's own 2026 survey answer.,NO
TX,1804813163,RISE-NEURO-0165,Texas Tech University Health Sciences Center at Lubbock Program,Vacation,15,15 working days for PGY-1 and PGY-2; 20 working days for PGY-3 and PGY-4,SEMANTIC_MISMATCH,https://bittaxi.ttuhsc.edu/medicine/graduate-medical-education/salaries-benefits.aspx,MEDIUM,FIX_FIELD_SEMANTICS_OR_NULL_HANDLING,STAGE_B_STRUCTURED_PER_FIELD,A four-level schedule flattened to one number.,NO
TX,1804813163,RISE-NEURO-0165,Texas Tech University Health Sciences Center at Lubbock Program,Educational Stipend,On-call meal allowance,No educational stipend is published,SEMANTIC_MISMATCH,https://freida.ama-assn.org/program/1804813163,MEDIUM,FIX_FIELD_SEMANTICS_OR_NULL_HANDLING,STAGE_B_STRUCTURED_PER_FIELD,Hydration artefact - the meal-allowance string was copied into unrelated fields.,NO
TX,1804813163,RISE-NEURO-0165,Texas Tech University Health Sciences Center at Lubbock Program,Technology Allowance,On-call meal allowance,No technology allowance is published,SEMANTIC_MISMATCH,https://freida.ama-assn.org/program/1804813163,MEDIUM,FIX_FIELD_SEMANTICS_OR_NULL_HANDLING,STAGE_B_STRUCTURED_PER_FIELD,Same hydration artefact.,NO
TX,1804813163,RISE-NEURO-0165,Texas Tech University Health Sciences Center at Lubbock Program,US Graduates,US MD: 5.3%; DO: 5.3%,US MD 0.0%; DO 10.5%,CONFIRMED_CORRECTION,https://freida.ama-assn.org/program/1804813163,MEDIUM,UPDATE_REGISTRY_VALUE,STAGE_B_STRUCTURED_PER_FIELD,"field_pct_usmd=0.0, field_pct_do=10.5 in the newer survey.",NO
TX,1804813163,RISE-NEURO-0165,Texas Tech University Health Sciences Center at Lubbock Program,US MD Graduates Percent,5.3,0.0,CONFIRMED_CORRECTION,https://freida.ama-assn.org/program/1804813163,MEDIUM,UPDATE_REGISTRY_VALUE,STAGE_B_STRUCTURED_PER_FIELD,,NO
TX,1804813163,RISE-NEURO-0165,Texas Tech University Health Sciences Center at Lubbock Program,DO Graduates Percent,5.3,10.5,CONFIRMED_CORRECTION,https://freida.ama-assn.org/program/1804813163,MEDIUM,UPDATE_REGISTRY_VALUE,STAGE_B_STRUCTURED_PER_FIELD,Two DOs verified by name: Akash Raola (program roster) and Kenneth Harbour (NPPES).,NO
TX,1804813163,RISE-NEURO-0165,Texas Tech University Health Sciences Center at Lubbock Program,Resident Gender Female Percent,42.1%,47.4%,CONFIRMED_CORRECTION,https://freida.ama-assn.org/program/1804813163,MEDIUM,UPDATE_REGISTRY_VALUE,STAGE_B_STRUCTURED_PER_FIELD,field_pct_female=47.4.,NO
TX,1804813163,RISE-NEURO-0165,Texas Tech University Health Sciences Center at Lubbock Program,Program Faculty Count,9,8 full-time physicians,CONFIRMED_CORRECTION,https://freida.ama-assn.org/program/1804813163,MEDIUM,UPDATE_REGISTRY_VALUE,STAGE_B_STRUCTURED_PER_FIELD,"field_total_physician=8. Not the zero-sentinel defect here, but a genuine one-person decrease.",NO
TX,1804813163,RISE-NEURO-0165,Texas Tech University Health Sciences Center at Lubbock Program,Faculty Distribution,Physicians: 9; non-physicians: 2,Physicians: 8; non-physicians: 1,CONFIRMED_CORRECTION,https://freida.ama-assn.org/program/1804813163,MEDIUM,UPDATE_REGISTRY_VALUE,STAGE_B_STRUCTURED_PER_FIELD,,NO
TX,1804813163,RISE-NEURO-0165,Texas Tech University Health Sciences Center at Lubbock Program,Female Faculty Percent,37.50%,42.90%,CONFIRMED_CORRECTION,https://freida.ama-assn.org/program/1804813163,MEDIUM,UPDATE_REGISTRY_VALUE,STAGE_B_STRUCTURED_PER_FIELD,field_pct_ft_female=42.90.,NO
TX,1804813163,RISE-NEURO-0165,Texas Tech University Health Sciences Center at Lubbock Program,Application Deadline,2025-12-31,Rolling 1 September to 31 December (program page); FREIDA field_latest_date_current_year='2026-09-01',STALE_REGISTRY_VALUE,https://bittaxi.ttuhsc.edu/medicine/neurology/residency/application-process.aspx,MEDIUM,REFRESH_FROM_CURRENT_CYCLE,STAGE_B_STRUCTURED_PER_FIELD,"Right month and day, one cycle stale; and the FREIDA field disagrees with the program page - see conflicts.",NO
TX,1804813163,RISE-NEURO-0165,Texas Tech University Health Sciences Center at Lubbock Program,Offers Preliminary Positions,Yes,No,CONFIRMED_CORRECTION,https://freida.ama-assn.org/program/1804813163,MEDIUM,UPDATE_REGISTRY_VALUE,STAGE_B_STRUCTURED_PER_FIELD,field_offers_preliminary_positio=false in the 2026 survey.,NO
TX,1804813163,RISE-NEURO-0165,Texas Tech University Health Sciences Center at Lubbock Program,Required Away Rotations,Yes,No,CONFIRMED_CORRECTION,https://freida.ama-assn.org/program/1804813163,MEDIUM,UPDATE_REGISTRY_VALUE,STAGE_B_STRUCTURED_PER_FIELD,field_next_away_rotation_in=false in the 2026 survey.,NO
TX,1804813163,RISE-NEURO-0165,Texas Tech University Health Sciences Center at Lubbock Program,Required Supplemental Information,Yes,No,CONFIRMED_CORRECTION,https://freida.ama-assn.org/program/1804813163,MEDIUM,UPDATE_REGISTRY_VALUE,STAGE_B_STRUCTURED_PER_FIELD,field_nxt_supplement=false in the 2026 survey.,NO
TX,1804813163,RISE-NEURO-0165,Texas Tech University Health Sciences Center at Lubbock Program,Interviews Conducted Last Year,60,50,CONFIRMED_CORRECTION,https://freida.ama-assn.org/program/1804813163,MEDIUM,UPDATE_REGISTRY_VALUE,STAGE_B_STRUCTURED_PER_FIELD,field_interviews_conducted=50.,NO
TX,1804813163,RISE-NEURO-0165,Texas Tech University Health Sciences Center at Lubbock Program,Interviews Per First Year Position,12.0:1,10:1,CONFIRMED_CORRECTION,https://freida.ama-assn.org/program/1804813163,MEDIUM,UPDATE_REGISTRY_VALUE,STAGE_B_STRUCTURED_PER_FIELD,50 interviews for 5 positions.,NO
TX,1804813163,RISE-NEURO-0165,Texas Tech University Health Sciences Center at Lubbock Program,US MD Step 1 Required,Yes,A Step 1 PASS is required; no score threshold and no interview gate,SEMANTIC_MISMATCH,https://bittaxi.ttuhsc.edu/medicine/neurology/residency/application-process.aspx,MEDIUM,FIX_FIELD_SEMANTICS_OR_NULL_HANDLING,STAGE_B_STRUCTURED_PER_FIELD,field_usmle_us_md_pass_1=true is a pass flag; field_usmle_step1_req_int=false. 'Required' conflates the two.,NO
TX,1804813163,RISE-NEURO-0165,Texas Tech University Health Sciences Center at Lubbock Program,US MD Step 2 Required,Yes,"A Step 2 CK PASS is required by the end of the PGY-1 contract year; NOT required for application, review, interview or ranking",SEMANTIC_MISMATCH,https://freida.ama-assn.org/program/1804813163,MEDIUM,FIX_FIELD_SEMANTICS_OR_NULL_HANDLING,STAGE_B_STRUCTURED_PER_FIELD,field_usmle_us_md_pass_ck=true but field_usmle_step2_req_int=false and field_usmle_step_2_required=false. The most decision-critical semantic mismatch in the registry for this candidate.,NO
TX,1804813163,RISE-NEURO-0165,Texas Tech University Health Sciences Center at Lubbock Program,IMG Step 1 Required,Yes,Pass required; no score threshold,SEMANTIC_MISMATCH,https://freida.ama-assn.org/program/1804813163,MEDIUM,FIX_FIELD_SEMANTICS_OR_NULL_HANDLING,STAGE_B_STRUCTURED_PER_FIELD,Same pass-vs-gate conflation.,NO
TX,1804813163,RISE-NEURO-0165,Texas Tech University Health Sciences Center at Lubbock Program,IMG Step 2 Required,Yes,Pass required; timing per House Staff P&P 03.01.02(A),SEMANTIC_MISMATCH,https://freida.ama-assn.org/program/1804813163,MEDIUM,FIX_FIELD_SEMANTICS_OR_NULL_HANDLING,STAGE_B_STRUCTURED_PER_FIELD,Same conflation.,NO
TX,1804813163,RISE-NEURO-0165,Texas Tech University Health Sciences Center at Lubbock Program,Primary Care Track,Yes,field_special_tracks=['Primary care'] - present as a survey answer but semantically odd for a neurology residency,SEMANTIC_MISMATCH,https://freida.ama-assn.org/program/1804813163,MEDIUM,FIX_FIELD_SEMANTICS_OR_NULL_HANDLING,STAGE_B_STRUCTURED_PER_FIELD,Should not be read as a meaningful offering.,NO
TX,1804813163,RISE-NEURO-0165,Texas Tech University Health Sciences Center at Lubbock Program,Survey Received,2025-07-16,2026-06-15,CONFIRMED_CORRECTION,https://freida.ama-assn.org/program/1804813163,MEDIUM,UPDATE_REGISTRY_VALUE,STAGE_B_STRUCTURED_PER_FIELD,A full survey cycle newer; this is the field that drives most of the SUPERSEDED entries above.,NO
TX,1804813163,RISE-NEURO-0165,Texas Tech University Health Sciences Center at Lubbock Program,FREIDA Last Updated,2026-02-19,Node changed 2026-08-20,CONFIRMED_CORRECTION,https://freida.ama-assn.org/program/1804813163,MEDIUM,UPDATE_REGISTRY_VALUE,STAGE_B_STRUCTURED_PER_FIELD,,NO
TX,1804813163,RISE-NEURO-0165,Texas Tech University Health Sciences Center at Lubbock Program,Clinic Structure,Hospital outpatient: 10%; Non-hospital ambulatory care: NGO,"10% hospital outpatient; non-hospital ambulatory reported as the 999 sentinel (negotiable/unreported), NOT zero",SEMANTIC_MISMATCH,https://freida.ama-assn.org/program/1804813163,MEDIUM,FIX_FIELD_SEMANTICS_OR_NULL_HANDLING,STAGE_B_STRUCTURED_PER_FIELD,The registry renders the sentinel as 'NGO'; a naive reader could take it as a value.,NO
TX,1804813163,RISE-NEURO-0165,Texas Tech University Health Sciences Center at Lubbock Program,Call Schedule,Year 1: N/A; Year 2: N/A; Year 3: N/A; Year 4: N/A,"Unchanged; home/beeper call values [0,44,22,14] by year offer no reconstructable frequency",INSUFFICIENT_EVIDENCE,https://freida.ama-assn.org/program/1804813163,MEDIUM,NO_ACTION_INSUFFICIENT_EVIDENCE,STAGE_B_STRUCTURED_PER_FIELD,Call frequency genuinely cannot be determined from published sources.,NO
TX,1804821112,RISE-NEURO-0252,University of Texas Health Science Center San Antonio Joe and Teresa Lozano Long School of Medicine Program,Program Website,http://www.uthscsa.edu/neurology,301 redirect to https://lsom.uthscsa.edu/neurology/,STALE_REGISTRY_VALUE,https://lsom.uthscsa.edu/neurology/,MEDIUM,REFRESH_FROM_CURRENT_CYCLE,STAGE_B_STRUCTURED_PER_FIELD,Registry URL resolves but only via a permanent redirect; the live canonical URL differs.,NO
TX,1804821112,RISE-NEURO-0252,University of Texas Health Science Center San Antonio Joe and Teresa Lozano Long School of Medicine Program,Program Status,FREIDA: not accepting current year; accepting next year,field_accepting_current_year = True; field_accepting_next_year = False,CONFIRMED_CORRECTION,https://freida.ama-assn.org/program/1804821112,MEDIUM,UPDATE_REGISTRY_VALUE,STAGE_B_STRUCTURED_PER_FIELD,Exactly reversed in the survey received 2026-07-08.,NO
TX,1804821112,RISE-NEURO-0252,University of Texas Health Science Center San Antonio Joe and Teresa Lozano Long School of Medicine Program,Total Residents,40,"Census 37 (roster, 2026-07-08); prior-year census 34 (Annual Report); complement 36 (Annual Report timeline) or 48 (FREIDA field_total_positions)",COMPLEMENT_VS_CENSUS,https://lsom.uthscsa.edu/neurology/education/residency-program/current-residents/,MEDIUM,SPLIT_INTO_TWO_FIELDS,STAGE_B_STRUCTURED_PER_FIELD,40 matches no observed figure. Complement and census resolved separately in domain 11. | RECLASSIFIED by orchestrator from SEMANTIC_MISMATCH: the underlying defect is approved complement stored where census is expected.,NO
TX,1804821112,RISE-NEURO-0252,University of Texas Health Science Center San Antonio Joe and Teresa Lozano Long School of Medicine Program,Residents Per Year,PGY-1: 10; PGY-2: 10; PGY-3: 10; PGY-4: 10,"Actual roster PGY-1 11, PGY-2 9, PGY-3 10, PGY-4 7",CONFIRMED_CORRECTION,https://lsom.uthscsa.edu/neurology/education/residency-program/current-residents/,MEDIUM,UPDATE_REGISTRY_VALUE,STAGE_B_STRUCTURED_PER_FIELD,Class sizes are uneven because the program is mid-expansion.,NO
TX,1804821112,RISE-NEURO-0252,University of Texas Health Science Center San Antonio Joe and Teresa Lozano Long School of Medicine Program,First Year Positions,10,field_first_year_positions = 12,CONFIRMED_CORRECTION,https://freida.ama-assn.org/program/1804821112,MEDIUM,UPDATE_REGISTRY_VALUE,STAGE_B_STRUCTURED_PER_FIELD,10 was the 2025 cycle figure; the 2026 survey reports 12.,NO
TX,1804821112,RISE-NEURO-0252,University of Texas Health Science Center San Antonio Joe and Teresa Lozano Long School of Medicine Program,Current Residents PGY1,10,11 named PGY-1 residents,CONFIRMED_CORRECTION,https://lsom.uthscsa.edu/neurology/education/residency-program/current-residents/,MEDIUM,UPDATE_REGISTRY_VALUE,STAGE_B_STRUCTURED_PER_FIELD,,NO
TX,1804821112,RISE-NEURO-0252,University of Texas Health Science Center San Antonio Joe and Teresa Lozano Long School of Medicine Program,Current Residents PGY2,10,9 named PGY-2 residents,CONFIRMED_CORRECTION,https://lsom.uthscsa.edu/neurology/education/residency-program/current-residents/,MEDIUM,UPDATE_REGISTRY_VALUE,STAGE_B_STRUCTURED_PER_FIELD,,NO
TX,1804821112,RISE-NEURO-0252,University of Texas Health Science Center San Antonio Joe and Teresa Lozano Long School of Medicine Program,Salary PGY1,67556,"AY2026-27 field_first_year_salary = 68908; $67,556.67 is the AY2025-26 figure still on the department page",STALE_REGISTRY_VALUE,https://freida.ama-assn.org/program/1804821112,MEDIUM,REFRESH_FROM_CURRENT_CYCLE,STAGE_B_STRUCTURED_PER_FIELD,"Registry accurate to AY2025-26, one cycle behind.",NO
TX,1804821112,RISE-NEURO-0252,University of Texas Health Science Center San Antonio Joe and Teresa Lozano Long School of Medicine Program,Salary PGY2,70085,71487,STALE_REGISTRY_VALUE,https://freida.ama-assn.org/program/1804821112,MEDIUM,REFRESH_FROM_CURRENT_CYCLE,STAGE_B_STRUCTURED_PER_FIELD,,NO
TX,1804821112,RISE-NEURO-0252,University of Texas Health Science Center San Antonio Joe and Teresa Lozano Long School of Medicine Program,Salary PGY3,71980,73420,STALE_REGISTRY_VALUE,https://freida.ama-assn.org/program/1804821112,MEDIUM,REFRESH_FROM_CURRENT_CYCLE,STAGE_B_STRUCTURED_PER_FIELD,,NO
TX,1804821112,RISE-NEURO-0252,University of Texas Health Science Center San Antonio Joe and Teresa Lozano Long School of Medicine Program,Salary PGY4,74888,76386,STALE_REGISTRY_VALUE,https://freida.ama-assn.org/program/1804821112,MEDIUM,REFRESH_FROM_CURRENT_CYCLE,STAGE_B_STRUCTURED_PER_FIELD,,NO
TX,1804821112,RISE-NEURO-0252,University of Texas Health Science Center San Antonio Joe and Teresa Lozano Long School of Medicine Program,US MD Step 1 Required,Yes,field_usmle_step_1_required = False but field_usmle_us_md_pass_1 = True,GENUINE_SOURCE_CONFLICT,https://freida.ama-assn.org/program/1804821112,MEDIUM,PRESERVE_BOTH_PENDING_PRIMARY_CONFIRMATION,STAGE_B_STRUCTURED_PER_FIELD,FREIDA publishes no field glossary; semantics of 'required' vs 'pass' unresolved.,NO
TX,1804821112,RISE-NEURO-0252,University of Texas Health Science Center San Antonio Joe and Teresa Lozano Long School of Medicine Program,US MD Step 2 Required,Yes,field_usmle_step_2_required = False AND field_usmle_us_md_pass_ck = False,GENUINE_SOURCE_CONFLICT,https://freida.ama-assn.org/program/1804821112,MEDIUM,PRESERVE_BOTH_PENDING_PRIMARY_CONFIRMATION,STAGE_B_STRUCTURED_PER_FIELD,Materially favourable to Alejandra if the newer survey is right. Preserved unresolved.,NO
TX,1804821112,RISE-NEURO-0252,University of Texas Health Science Center San Antonio Joe and Teresa Lozano Long School of Medicine Program,Step Preferences,US MD Step 1 passed: Yes; US MD Step 2 passed: Yes; IMG Step 1 passed: Yes; IMG Step 2 passed: Yes,us_md_pass_1 True; us_md_pass_ck FALSE; img_pass_1 True; img_pass_ck True,GENUINE_SOURCE_CONFLICT,https://freida.ama-assn.org/program/1804821112,MEDIUM,PRESERVE_BOTH_PENDING_PRIMARY_CONFIRMATION,STAGE_B_STRUCTURED_PER_FIELD,One of the four flags flipped between surveys.,NO
TX,1804821112,RISE-NEURO-0252,University of Texas Health Science Center San Antonio Joe and Teresa Lozano Long School of Medicine Program,COMLEX Accepted,COMLEX Level 1 passed: Yes; COMLEX Level 2 passed: Yes,field_comlex_do_pass_1 = True; field_comlex_do_pass_ce = False; field_do_usmle_req_ind = False,GENUINE_SOURCE_CONFLICT,https://freida.ama-assn.org/program/1804821112,MEDIUM,PRESERVE_BOTH_PENDING_PRIMARY_CONFIRMATION,STAGE_B_STRUCTURED_PER_FIELD,Level 2-CE flag flipped to False in the newer survey.,NO
TX,1804821112,RISE-NEURO-0252,University of Texas Health Science Center San Antonio Joe and Teresa Lozano Long School of Medicine Program,Application Deadline,2025-11-15,field_univ_spec_app_date_use = True; field_latest_date_current_year = null; no deadline published on any program page,STALE_REGISTRY_VALUE,https://freida.ama-assn.org/program/1804821112,MEDIUM,REFRESH_FROM_CURRENT_CYCLE,STAGE_B_STRUCTURED_PER_FIELD,Registry date is one cycle old and currently unsupported.,NO
TX,1804821112,RISE-NEURO-0252,University of Texas Health Science Center San Antonio Joe and Teresa Lozano Long School of Medicine Program,Interviews Conducted Last Year,130,132 for the 2025 cycle (field_interviews_conducted); 130 was the 2024 cycle,CONFIRMED_CORRECTION,https://freida.ama-assn.org/program/1804821112,MEDIUM,UPDATE_REGISTRY_VALUE,STAGE_B_STRUCTURED_PER_FIELD,,NO
TX,1804821112,RISE-NEURO-0252,University of Texas Health Science Center San Antonio Joe and Teresa Lozano Long School of Medicine Program,Interviews Per First Year Position,13.0:1,13.2:1 for the 2025 cycle (132 interviews / 10 positions),CONFIRMED_CORRECTION,https://freida.ama-assn.org/program/1804821112,MEDIUM,UPDATE_REGISTRY_VALUE,STAGE_B_STRUCTURED_PER_FIELD,,NO
TX,1804821112,RISE-NEURO-0252,University of Texas Health Science Center San Antonio Joe and Teresa Lozano Long School of Medicine Program,Historical Interview Stats,2019: 106/6; 2020: 112/7; 2021: 83/7; 2022: 108/9; 2023: 102/9; 2024: 130/9,Same series plus a new 2025 entry: 132 interviews / 10 first-year positions,CONFIRMED_CORRECTION,https://freida.ama-assn.org/program/1804821112,MEDIUM,UPDATE_REGISTRY_VALUE,STAGE_B_STRUCTURED_PER_FIELD,The 2025 row is new in the current survey and shows the expansion.,NO
TX,1804821112,RISE-NEURO-0252,University of Texas Health Science Center San Antonio Joe and Teresa Lozano Long School of Medicine Program,Female Faculty Percent,42.90%,field_pct_ft_female = 44.00,CONFIRMED_CORRECTION,https://freida.ama-assn.org/program/1804821112,MEDIUM,UPDATE_REGISTRY_VALUE,STAGE_B_STRUCTURED_PER_FIELD,,NO
TX,1804821112,RISE-NEURO-0252,University of Texas Health Science Center San Antonio Joe and Teresa Lozano Long School of Medicine Program,Faculty Resident Ratio,1.20:1,field_ratio_ft_faculty = 1.10,CONFIRMED_CORRECTION,https://freida.ama-assn.org/program/1804821112,MEDIUM,UPDATE_REGISTRY_VALUE,STAGE_B_STRUCTURED_PER_FIELD,,NO
TX,1804821112,RISE-NEURO-0252,University of Texas Health Science Center San Antonio Joe and Teresa Lozano Long School of Medicine Program,IMG Graduates Percent,46.9%,field_pct_img = 44.1 (15 of 34),CONFIRMED_CORRECTION,https://freida.ama-assn.org/program/1804821112,MEDIUM,UPDATE_REGISTRY_VALUE,STAGE_B_STRUCTURED_PER_FIELD,,NO
TX,1804821112,RISE-NEURO-0252,University of Texas Health Science Center San Antonio Joe and Teresa Lozano Long School of Medicine Program,US MD Graduates Percent,46.9%,field_pct_usmd = 47.1 (16 of 34),CONFIRMED_CORRECTION,https://freida.ama-assn.org/program/1804821112,MEDIUM,UPDATE_REGISTRY_VALUE,STAGE_B_STRUCTURED_PER_FIELD,,NO
TX,1804821112,RISE-NEURO-0252,University of Texas Health Science Center San Antonio Joe and Teresa Lozano Long School of Medicine Program,DO Graduates Percent,6.2%,field_pct_do = 8.8 (3 of 34),CONFIRMED_CORRECTION,https://freida.ama-assn.org/program/1804821112,MEDIUM,UPDATE_REGISTRY_VALUE,STAGE_B_STRUCTURED_PER_FIELD,"Independently, 4 of 37 residents on the current roster publish a DO degree (10.8%).",NO
TX,1804821112,RISE-NEURO-0252,University of Texas Health Science Center San Antonio Joe and Teresa Lozano Long School of Medicine Program,Resident Gender Female Percent,56.2%,field_pct_female = 52.9,CONFIRMED_CORRECTION,https://freida.ama-assn.org/program/1804821112,MEDIUM,UPDATE_REGISTRY_VALUE,STAGE_B_STRUCTURED_PER_FIELD,,NO
TX,1804821112,RISE-NEURO-0252,University of Texas Health Science Center San Antonio Joe and Teresa Lozano Long School of Medicine Program,Medical Spanish Curriculum,Yes,"No language-instruction item appears in the 2026 survey's offerings list, on any neurology page, or in the 2025 Annual Report. The two candidate origins are an Internal Medicine resident-created elective at this institution and a UTHealth Houston medical-Spanish program.",CROSS_PROGRAM_CONTAMINATION,https://freida.ama-assn.org/program/1804821112,MEDIUM,REMOVE_VALUE_WRONG_PROGRAM,STAGE_B_STRUCTURED_PER_FIELD,"The registry's single most misleading field for this ticket. The program's genuine Spanish/Latino strength is clinical and research-based, not curricular.",NO
TX,1804821112,RISE-NEURO-0252,University of Texas Health Science Center San Antonio Joe and Teresa Lozano Long School of Medicine Program,Healthcare Economics Curriculum,Yes,Not present in the 2026 survey's nine-item field_resident_fellow_offer_2019 list,CONFIRMED_CORRECTION,https://freida.ama-assn.org/program/1804821112,MEDIUM,UPDATE_REGISTRY_VALUE,STAGE_B_STRUCTURED_PER_FIELD,"Dropped between surveys, like the Medical Spanish flag.",NO
TX,1804821112,RISE-NEURO-0252,University of Texas Health Science Center San Antonio Joe and Teresa Lozano Long School of Medicine Program,Research Track,Yes,"field_special_tracks includes 'Research track/fellowship (non-ACGME accredited)', but the 2025 Annual Report says 'we ANTICIPATE having a Research Track and a Leadership Track available to residents this next academic year'",GENUINE_SOURCE_CONFLICT,https://lsom.uthscsa.edu/neurology/wp-content/uploads/sites/105/2026/04/2026_02-12969586-LSOM-2025-Neurology-Annual-Report_DIGITAL.pdf,MEDIUM,PRESERVE_BOTH_PENDING_PRIMARY_CONFIRMATION,STAGE_B_STRUCTURED_PER_FIELD,FREIDA reports it as existing; the department reports it as forthcoming.,NO
TX,1804821112,RISE-NEURO-0252,University of Texas Health Science Center San Antonio Joe and Teresa Lozano Long School of Medicine Program,Call Schedule,Year 3: Every eleventh night or more for 5 week(s),PGY-3 entry is now 'Every tenth night' for 5 weeks,CONFIRMED_CORRECTION,https://freida.ama-assn.org/program/1804821112,MEDIUM,UPDATE_REGISTRY_VALUE,STAGE_B_STRUCTURED_PER_FIELD,PGY-2 and PGY-4 entries are unchanged.,NO
TX,1804821112,RISE-NEURO-0252,University of Texas Health Science Center San Antonio Joe and Teresa Lozano Long School of Medicine Program,Program Start Date,July; August; January; Negotiable,field_program_start_dates = ['July'] only,SEMANTIC_MISMATCH,https://freida.ama-assn.org/program/1804821112,MEDIUM,FIX_FIELD_SEMANTICS_OR_NULL_HANDLING,STAGE_B_STRUCTURED_PER_FIELD,The registry's own evidence note acknowledges rendering FREIDA 999 sentinels as 'Negotiable'; this field appears to be a sentinel artifact.,NO
TX,1804821112,RISE-NEURO-0252,University of Texas Health Science Center San Antonio Joe and Teresa Lozano Long School of Medicine Program,Board Certification Pass Rate Evaluation,Yes,field_program_evaluation_2019 includes “Graduates’ board certification pass rates” as an evaluation INSTRUMENT the program uses; no pass rate is published,SEMANTIC_MISMATCH,https://freida.ama-assn.org/program/1804821112,MEDIUM,FIX_FIELD_SEMANTICS_OR_NULL_HANDLING,STAGE_B_STRUCTURED_PER_FIELD,A reader could misread this Yes as a performance figure. It is not one.,NO
TX,1804821112,RISE-NEURO-0252,University of Texas Health Science Center San Antonio Joe and Teresa Lozano Long School of Medicine Program,Group Life Insurance,Institution & Resident Share Cost,FREIDA agrees ('Institution & Resident Share Cost') but the department benefits page says 'paid by the institution',GENUINE_SOURCE_CONFLICT,https://lsom.uthscsa.edu/neurology/education/residency-program/benefits-compensation/,MEDIUM,PRESERVE_BOTH_PENDING_PRIMARY_CONFIRMATION,STAGE_B_STRUCTURED_PER_FIELD,Live disagreement between the department page and FREIDA.,NO
TX,1804821112,RISE-NEURO-0252,University of Texas Health Science Center San Antonio Joe and Teresa Lozano Long School of Medicine Program,Disability Insurance,Institution & Resident Share Cost,FREIDA agrees but the department benefits page says 'paid by the institution',GENUINE_SOURCE_CONFLICT,https://lsom.uthscsa.edu/neurology/education/residency-program/benefits-compensation/,MEDIUM,PRESERVE_BOTH_PENDING_PRIMARY_CONFIRMATION,STAGE_B_STRUCTURED_PER_FIELD,,NO
TX,1804821112,RISE-NEURO-0252,University of Texas Health Science Center San Antonio Joe and Teresa Lozano Long School of Medicine Program,Educational Stipend,On-call meal allowance,"The real educational stipend is $1,000 per academic year with unused balance rolling over, plus AAN junior membership and PGY-4 AAN meeting reimbursement",SEMANTIC_MISMATCH,https://lsom.uthscsa.edu/neurology/education/residency-program/benefits-compensation/,MEDIUM,FIX_FIELD_SEMANTICS_OR_NULL_HANDLING,STAGE_B_STRUCTURED_PER_FIELD,"The registry copied the meal-allowance string into the stipend, technology-allowance and educational-stipend fields alike; the actual book/device allowance is a separate and larger benefit.",NO
TX,1804821112,RISE-NEURO-0252,University of Texas Health Science Center San Antonio Joe and Teresa Lozano Long School of Medicine Program,Technology Allowance,On-call meal allowance,"Same $1,000/yr CME fund covers electronic devices; no separate technology allowance is published",SEMANTIC_MISMATCH,https://lsom.uthscsa.edu/neurology/education/residency-program/benefits-compensation/,MEDIUM,FIX_FIELD_SEMANTICS_OR_NULL_HANDLING,STAGE_B_STRUCTURED_PER_FIELD,Same string-copy artifact.,NO
TX,1804821112,RISE-NEURO-0252,University of Texas Health Science Center San Antonio Joe and Teresa Lozano Long School of Medicine Program,FREIDA Last Updated,2026-02-19,Program node changed 2026-08-20T01:18:01Z; survey_2026 node changed 2026-08-20T03:29:31Z with field_date_received 2026-07-08,STALE_REGISTRY_VALUE,https://freida.ama-assn.org/program/1804821112,MEDIUM,REFRESH_FROM_CURRENT_CYCLE,STAGE_B_STRUCTURED_PER_FIELD,The live FREIDA record is roughly six months newer than the registry snapshot - the single most productive finding of this ticket.,NO
TX,1804821112,RISE-NEURO-0252,University of Texas Health Science Center San Antonio Joe and Teresa Lozano Long School of Medicine Program,Survey Received,2025-07-09,field_date_received = 2026-07-08,CONFIRMED_CORRECTION,https://freida.ama-assn.org/program/1804821112,MEDIUM,UPDATE_REGISTRY_VALUE,STAGE_B_STRUCTURED_PER_FIELD,A full survey cycle newer.,NO
TX,1804821127,RISE-NEURO-0147,San Antonio Uniformed Services Health Education Consortium Program,Zip,78234-4504,78234-4504 (sponsor/GME office) vs 78234 (program contact block) vs 78234-6200 (archived legacy page),GENUINE_SOURCE_CONFLICT,https://www.health.mil/Education-and-Training/DHA-GME/Institutions/SAUSHEC/Programs/neuro,MEDIUM,PRESERVE_BOTH_PENDING_PRIMARY_CONFIRMATION,STAGE_B_STRUCTURED_PER_FIELD,"Same street address, three ZIP+4 conventions.",NO
TX,1804821127,RISE-NEURO-0147,San Antonio Uniformed Services Health Education Consortium Program,Program Status,FREIDA: accepting current year; accepting next year,Accepting applications ONLY from commissioned active-duty U.S. military officers via JGMESB,SEMANTIC_MISMATCH,https://www.health.mil/Education-and-Training/DHA-GME/Institutions/SAUSHEC/Programs/neuro,MEDIUM,FIX_FIELD_SEMANTICS_OR_NULL_HANDLING,STAGE_B_STRUCTURED_PER_FIELD,"Literally true, but reads as 'open' in a civilian-match schema. Most consequential misleading field in the row.",NO
TX,1804821127,RISE-NEURO-0147,San Antonio Uniformed Services Health Education Consortium Program,Residents Per Year,PGY-1: 3; PGY-2: 3; PGY-3: 2,PGY-2: 3; PGY-3: 3; PGY-4: 2 (FREIDA in-program year labels carried through untranslated),SEMANTIC_MISMATCH,https://www.health.mil/Education-and-Training/DHA-GME/Institutions/SAUSHEC/Programs/neuro,MEDIUM,FIX_FIELD_SEMANTICS_OR_NULL_HANDLING,STAGE_B_STRUCTURED_PER_FIELD,Program starts at PGY-2; there is no PGY-1 resident.,NO
TX,1804821127,RISE-NEURO-0147,San Antonio Uniformed Services Health Education Consortium Program,Salary PGY1,0,N/A - no PGY-1 year exists in this advanced program,SEMANTIC_MISMATCH,https://www.health.mil/Education-and-Training/DHA-GME/Institutions/SAUSHEC/Programs/neuro,MEDIUM,FIX_FIELD_SEMANTICS_OR_NULL_HANDLING,STAGE_B_STRUCTURED_PER_FIELD,Looks like the FREIDA zero-sentinel defect and is also structurally N/A. Must not be read as a $0 salary.,NO
TX,1804821127,RISE-NEURO-0147,San Antonio Uniformed Services Health Education Consortium Program,Salary PGY2,69252,Approximates O-3 basic pay; excludes non-taxable BAH and BAS,SEMANTIC_MISMATCH,https://www.health.mil/Education-and-Training/DHA-GME/Pay-and-Benefits,MEDIUM,FIX_FIELD_SEMANTICS_OR_NULL_HANDLING,STAGE_B_STRUCTURED_PER_FIELD,Understates total compensation.,NO
TX,1804821127,RISE-NEURO-0147,San Antonio Uniformed Services Health Education Consortium Program,Salary PGY3,75000,Approximates O-3 basic pay; excludes BAH/BAS,SEMANTIC_MISMATCH,https://www.health.mil/Education-and-Training/DHA-GME/Pay-and-Benefits,MEDIUM,FIX_FIELD_SEMANTICS_OR_NULL_HANDLING,STAGE_B_STRUCTURED_PER_FIELD,Same.,NO
TX,1804821127,RISE-NEURO-0147,San Antonio Uniformed Services Health Education Consortium Program,Salary PGY4,79352,Approximates O-3 basic pay; excludes BAH/BAS,SEMANTIC_MISMATCH,https://www.health.mil/Education-and-Training/DHA-GME/Pay-and-Benefits,MEDIUM,FIX_FIELD_SEMANTICS_OR_NULL_HANDLING,STAGE_B_STRUCTURED_PER_FIELD,Note a PGY4 salary is listed while PGY1 is 0 - itself a tell that the program runs PGY2-PGY4.,NO
TX,1804821127,RISE-NEURO-0147,San Antonio Uniformed Services Health Education Consortium Program,Call Schedule,Year 1: Two times per week for 12 week(s); Year 2: Every sixth night for 12 week(s); Year 3: Every tenth night for 12 week(s),"FREIDA live text reads '12 month(s)', not '12 week(s)'",GENUINE_SOURCE_CONFLICT,https://freida.ama-assn.org/program/1804821127/program-work-schedule,MEDIUM,PRESERVE_BOTH_PENDING_PRIMARY_CONFIRMATION,STAGE_B_STRUCTURED_PER_FIELD,Registry converted months to weeks. Program narrative (PGY2 6-7 calls per 4-week block) supports the 12-month reading.,NO
TX,1804821127,RISE-NEURO-0147,San Antonio Uniformed Services Health Education Consortium Program,Program Length,3 years,3 ACGME-accredited years starting at PGY-2; 4 years total including a separately obtained Internal Medicine PGY-1,SEMANTIC_MISMATCH,https://www.health.mil/Education-and-Training/DHA-GME/Institutions/SAUSHEC/Programs/neuro,MEDIUM,FIX_FIELD_SEMANTICS_OR_NULL_HANDLING,STAGE_B_STRUCTURED_PER_FIELD,The single most important structural correction after eligibility.,NO
TX,1804821127,RISE-NEURO-0147,San Antonio Uniformed Services Health Education Consortium Program,Osteopathic Recognition,No,Not addressed on any official page reached,INSUFFICIENT_EVIDENCE,https://freida.ama-assn.org/program/1804821127/program-work-schedule,MEDIUM,NO_ACTION_INSUFFICIENT_EVIDENCE,STAGE_B_STRUCTURED_PER_FIELD,"DOs are eligible for DHA GME generally (AOA-accredited degree is an accepted criterion), but ACGME Osteopathic Recognition status was not independently confirmed.",NO
TX,1804821127,RISE-NEURO-0147,San Antonio Uniformed Services Health Education Consortium Program,Female Faculty Percent,28.60%,"28.6% per FREIDA, but 28.6% = 2/7 and is not expressible over 11",GENUINE_SOURCE_CONFLICT,https://freida.ama-assn.org/program/1804821127/program-work-schedule,MEDIUM,PRESERVE_BOTH_PENDING_PRIMARY_CONFIRMATION,STAGE_B_STRUCTURED_PER_FIELD,Survey denominator appears to differ from the 11-physician headcount.,NO
TX,1804821127,RISE-NEURO-0147,San Antonio Uniformed Services Health Education Consortium Program,Current Residents PGY1,3,3 residents in year 1 of the program = PGY-2,SEMANTIC_MISMATCH,https://www.health.mil/Education-and-Training/DHA-GME/Institutions/SAUSHEC/Programs/neuro,MEDIUM,FIX_FIELD_SEMANTICS_OR_NULL_HANDLING,STAGE_B_STRUCTURED_PER_FIELD,No PGY-1 exists.,NO
TX,1804821127,RISE-NEURO-0147,San Antonio Uniformed Services Health Education Consortium Program,Current Residents PGY2,3,3 residents in year 2 = PGY-3,SEMANTIC_MISMATCH,https://www.health.mil/Education-and-Training/DHA-GME/Institutions/SAUSHEC/Programs/neuro,MEDIUM,FIX_FIELD_SEMANTICS_OR_NULL_HANDLING,STAGE_B_STRUCTURED_PER_FIELD,,NO
TX,1804821127,RISE-NEURO-0147,San Antonio Uniformed Services Health Education Consortium Program,Current Residents PGY3,2,2 residents in year 3 = PGY-4 (chief residents),SEMANTIC_MISMATCH,https://www.health.mil/Education-and-Training/DHA-GME/Institutions/SAUSHEC/Programs/neuro,MEDIUM,FIX_FIELD_SEMANTICS_OR_NULL_HANDLING,STAGE_B_STRUCTURED_PER_FIELD,,NO
TX,1804821127,RISE-NEURO-0147,San Antonio Uniformed Services Health Education Consortium Program,Family Medical Leave Paid Days,NGO,"Up to 12 weeks non-chargeable parental leave, additive to maternity convalescent leave for the birth parent; 30 days annual ordinary leave",SEMANTIC_MISMATCH,https://www.health.mil/Education-and-Training/DHA-GME/Pay-and-Benefits,MEDIUM,FIX_FIELD_SEMANTICS_OR_NULL_HANDLING,STAGE_B_STRUCTURED_PER_FIELD,FREIDA's 999-sentinel 'Negotiable' badly understates a statutory military benefit.,NO
TX,1804821127,RISE-NEURO-0147,San Antonio Uniformed Services Health Education Consortium Program,Non Hospital Ambulatory Care Percent,NGO,FREIDA 999 sentinel rendered as Negotiable; no real value,SEMANTIC_MISMATCH,https://freida.ama-assn.org/program/1804821127/program-work-schedule,MEDIUM,FIX_FIELD_SEMANTICS_OR_NULL_HANDLING,STAGE_B_STRUCTURED_PER_FIELD,"Sentinel, not data.",NO
TX,1804821127,RISE-NEURO-0147,San Antonio Uniformed Services Health Education Consortium Program,Structured Didactic Activities PGY1 Hours,6,6 hours/week of structured didactics in year 1 of the program (= PGY-2): Mon-Thurs 0800-0900 plus Thursday 1200-1300,SEMANTIC_MISMATCH,https://www.health.mil/Education-and-Training/DHA-GME/Institutions/SAUSHEC/Programs/neuro,MEDIUM,FIX_FIELD_SEMANTICS_OR_NULL_HANDLING,STAGE_B_STRUCTURED_PER_FIELD,Label says PGY1; the cohort is PGY-2.,NO
TX,1804821127,RISE-NEURO-0147,San Antonio Uniformed Services Health Education Consortium Program,Program Director,(empty - schema gap across all 16 TX Neurology rows),"Lt Col Alexis E. Nelson, MD, PD since 2021; alexis.e.nelson.mil@health.mil; (210) 916-2203",INSUFFICIENT_EVIDENCE,https://freida.ama-assn.org/program/1804821127,MEDIUM,NO_ACTION_INSUFFICIENT_EVIDENCE,STAGE_B_STRUCTURED_PER_FIELD,"Filled by research. Also identified APD Lt Col Paul M. Elsbernd, MD, MS and coordinator Chelsea A. Perez.",NO
TX,1804800005,RISE-NEURO-0039,Doctors Hospital at Renaissance,Total Residents,"Total Residents (16 -> complement, actual census 6)","Total Residents (16 -> complement, actual census 6)",CONFIRMED_CORRECTION,see 006A/dossiers/1804800005_dossier.json domain records,HIGH,UPDATE_REGISTRY_VALUE,STAGE_A_STRUCTURED_PER_FIELD,Stage A recorded this program's supersessions as a structured list.,NO
TX,1804800005,RISE-NEURO-0039,Doctors Hospital at Renaissance,Current Residents PGY1/PGY2/PGY3,Current Residents PGY1/PGY2/PGY3 (4/4/4 -> 4/2/0),Current Residents PGY1/PGY2/PGY3 (4/4/4 -> 4/2/0),CONFIRMED_CORRECTION,see 006A/dossiers/1804800005_dossier.json domain records,HIGH,UPDATE_REGISTRY_VALUE,STAGE_A_STRUCTURED_PER_FIELD,Stage A recorded this program's supersessions as a structured list.,NO
TX,1804800005,RISE-NEURO-0039,Doctors Hospital at Renaissance,Residents Per Year,"Residents Per Year (complement, not census)","Residents Per Year (complement, not census)",CONFIRMED_CORRECTION,see 006A/dossiers/1804800005_dossier.json domain records,HIGH,UPDATE_REGISTRY_VALUE,STAGE_A_STRUCTURED_PER_FIELD,Stage A recorded this program's supersessions as a structured list.,NO
TX,1804800005,RISE-NEURO-0039,Doctors Hospital at Renaissance,ERAS Participates,ERAS Participates (No -> Yes),ERAS Participates (No -> Yes),CONFIRMED_CORRECTION,see 006A/dossiers/1804800005_dossier.json domain records,HIGH,UPDATE_REGISTRY_VALUE,STAGE_A_STRUCTURED_PER_FIELD,Stage A recorded this program's supersessions as a structured list.,NO
TX,1804800005,RISE-NEURO-0039,Doctors Hospital at Renaissance,NRMP Main Match Participation,NRMP Main Match Participation (No -> Yes),NRMP Main Match Participation (No -> Yes),CONFIRMED_CORRECTION,see 006A/dossiers/1804800005_dossier.json domain records,HIGH,UPDATE_REGISTRY_VALUE,STAGE_A_STRUCTURED_PER_FIELD,Stage A recorded this program's supersessions as a structured list.,NO
TX,1804800005,RISE-NEURO-0039,Doctors Hospital at Renaissance,Salary Paid By,Salary Paid By (Non-profit institution -> for-profit physician-owned),Salary Paid By (Non-profit institution -> for-profit physician-owned),CONFIRMED_CORRECTION,see 006A/dossiers/1804800005_dossier.json domain records,HIGH,UPDATE_REGISTRY_VALUE,STAGE_A_STRUCTURED_PER_FIELD,Stage A recorded this program's supersessions as a structured list.,NO
TX,1804800005,RISE-NEURO-0039,Doctors Hospital at Renaissance,Program Faculty Count,Program Faculty Count (0 -> 7 FREIDA / 8 named),Program Faculty Count (0 -> 7 FREIDA / 8 named),CONFIRMED_CORRECTION,see 006A/dossiers/1804800005_dossier.json domain records,HIGH,UPDATE_REGISTRY_VALUE,STAGE_A_STRUCTURED_PER_FIELD,Stage A recorded this program's supersessions as a structured list.,NO
TX,1804800005,RISE-NEURO-0039,Doctors Hospital at Renaissance,Faculty Resident Ratio,Faculty Resident Ratio (0.00:1 -> 0.40),Faculty Resident Ratio (0.00:1 -> 0.40),CONFIRMED_CORRECTION,see 006A/dossiers/1804800005_dossier.json domain records,HIGH,UPDATE_REGISTRY_VALUE,STAGE_A_STRUCTURED_PER_FIELD,Stage A recorded this program's supersessions as a structured list.,NO
TX,1804800005,RISE-NEURO-0039,Doctors Hospital at Renaissance,Female Faculty Percent,Female Faculty Percent (0.00% -> 28.60%),Female Faculty Percent (0.00% -> 28.60%),CONFIRMED_CORRECTION,see 006A/dossiers/1804800005_dossier.json domain records,HIGH,UPDATE_REGISTRY_VALUE,STAGE_A_STRUCTURED_PER_FIELD,Stage A recorded this program's supersessions as a structured list.,NO
TX,1804800005,RISE-NEURO-0039,Doctors Hospital at Renaissance,Faculty Distribution,Faculty Distribution (0/0 -> 7 physicians),Faculty Distribution (0/0 -> 7 physicians),CONFIRMED_CORRECTION,see 006A/dossiers/1804800005_dossier.json domain records,HIGH,UPDATE_REGISTRY_VALUE,STAGE_A_STRUCTURED_PER_FIELD,Stage A recorded this program's supersessions as a structured list.,NO
TX,1804800005,RISE-NEURO-0039,Doctors Hospital at Renaissance,Average Work Hours,Average Work Hours (0 -> 40 h/wk PGY-1),Average Work Hours (0 -> 40 h/wk PGY-1),CONFIRMED_CORRECTION,see 006A/dossiers/1804800005_dossier.json domain records,HIGH,UPDATE_REGISTRY_VALUE,STAGE_A_STRUCTURED_PER_FIELD,Stage A recorded this program's supersessions as a structured list.,NO
TX,1804800005,RISE-NEURO-0039,Doctors Hospital at Renaissance,Average Hours Per Week First Year,Average Hours Per Week First Year (0 -> 40),Average Hours Per Week First Year (0 -> 40),CONFIRMED_CORRECTION,see 006A/dossiers/1804800005_dossier.json domain records,HIGH,UPDATE_REGISTRY_VALUE,STAGE_A_STRUCTURED_PER_FIELD,Stage A recorded this program's supersessions as a structured list.,NO
TX,1804800005,RISE-NEURO-0039,Doctors Hospital at Renaissance,Maximum Consecutive Hours First Year,Maximum Consecutive Hours First Year (0 -> 12),Maximum Consecutive Hours First Year (0 -> 12),CONFIRMED_CORRECTION,see 006A/dossiers/1804800005_dossier.json domain records,HIGH,UPDATE_REGISTRY_VALUE,STAGE_A_STRUCTURED_PER_FIELD,Stage A recorded this program's supersessions as a structured list.,NO
TX,1804800005,RISE-NEURO-0039,Doctors Hospital at Renaissance,Interviews Conducted Last Year,Interviews Conducted Last Year (0 -> 80 in 2025),Interviews Conducted Last Year (0 -> 80 in 2025),CONFIRMED_CORRECTION,see 006A/dossiers/1804800005_dossier.json domain records,HIGH,UPDATE_REGISTRY_VALUE,STAGE_A_STRUCTURED_PER_FIELD,Stage A recorded this program's supersessions as a structured list.,NO
TX,1804800005,RISE-NEURO-0039,Doctors Hospital at Renaissance,Historical Interview Stats,Historical Interview Stats (2024: 0 -> 2025: 80/4),Historical Interview Stats (2024: 0 -> 2025: 80/4),CONFIRMED_CORRECTION,see 006A/dossiers/1804800005_dossier.json domain records,HIGH,UPDATE_REGISTRY_VALUE,STAGE_A_STRUCTURED_PER_FIELD,Stage A recorded this program's supersessions as a structured list.,NO
TX,1804800005,RISE-NEURO-0039,Doctors Hospital at Renaissance,Additional Training Beyond Accredited Length,Additional Training Beyond Accredited Length (No -> true),Additional Training Beyond Accredited Length (No -> true),CONFIRMED_CORRECTION,see 006A/dossiers/1804800005_dossier.json domain records,HIGH,UPDATE_REGISTRY_VALUE,STAGE_A_STRUCTURED_PER_FIELD,Stage A recorded this program's supersessions as a structured list.,NO
TX,1804800005,RISE-NEURO-0039,Doctors Hospital at Renaissance,Program Website,Program Website (DHR homepage -> actual program page URL),Program Website (DHR homepage -> actual program page URL),CONFIRMED_CORRECTION,see 006A/dossiers/1804800005_dossier.json domain records,HIGH,UPDATE_REGISTRY_VALUE,STAGE_A_STRUCTURED_PER_FIELD,Stage A recorded this program's supersessions as a structured list.,NO
TX,1804800005,RISE-NEURO-0039,Doctors Hospital at Renaissance,Program Type,Program Type (BLANK -> 'Community-based university affiliated'),Program Type (BLANK -> 'Community-based university affiliated'),CONFIRMED_CORRECTION,see 006A/dossiers/1804800005_dossier.json domain records,HIGH,UPDATE_REGISTRY_VALUE,STAGE_A_STRUCTURED_PER_FIELD,Stage A recorded this program's supersessions as a structured list.,NO
TX,MULTIPLE,MULTIPLE,5 of 6 Stage A programs,Salary schedule (PGY1-4),AY2025-26 values,AY2026-27 values,STALE_REGISTRY_VALUE,006A/08_STAGE_A_QUALITY_AUDIT.md,HIGH,REFRESH_FROM_CURRENT_CYCLE,STAGE_A_AUDIT_AGGREGATED,Stage A was not instrumented for per-field classification; this row aggregates the documented defect across the programs named in 'program'.,NO
TX,MULTIPLE,MULTIPLE,5 of 6 Stage A programs,Application deadline,prior-cycle dates e.g. 2025-11-30 / 2025-11-01 / 2025-10-13,current-cycle dates,STALE_REGISTRY_VALUE,006A/08_STAGE_A_QUALITY_AUDIT.md,HIGH,REFRESH_FROM_CURRENT_CYCLE,STAGE_A_AUDIT_AGGREGATED,Stage A was not instrumented for per-field classification; this row aggregates the documented defect across the programs named in 'program'.,NO
TX,MULTIPLE,MULTIPLE,3 Stage A programs,Interview format,In Person,virtual,CONFIRMED_CORRECTION,006A/08_STAGE_A_QUALITY_AUDIT.md,HIGH,UPDATE_REGISTRY_VALUE,STAGE_A_AUDIT_AGGREGATED,Stage A was not instrumented for per-field classification; this row aggregates the documented defect across the programs named in 'program'.,NO
TX,MULTIPLE,MULTIPLE,"Houston Methodist, UT Rio Grande Valley",Program Faculty Count / Faculty Resident Ratio / Faculty Distribution,0 / 0.00:1 / 0-0,non-zero actuals (e.g. 37-member faculty),SEMANTIC_MISMATCH,006A/08_STAGE_A_QUALITY_AUDIT.md,HIGH,FIX_FIELD_SEMANTICS_OR_NULL_HANDLING,STAGE_A_AUDIT_AGGREGATED,Stage A was not instrumented for per-field classification; this row aggregates the documented defect across the programs named in 'program'.,NO
TX,MULTIPLE,MULTIPLE,Baylor COM Houston,Program Website,HTTP 404,live program URL,CONFIRMED_CORRECTION,006A/08_STAGE_A_QUALITY_AUDIT.md,HIGH,UPDATE_REGISTRY_VALUE,STAGE_A_AUDIT_AGGREGATED,Stage A was not instrumented for per-field classification; this row aggregates the documented defect across the programs named in 'program'.,NO
TX,MULTIPLE,MULTIPLE,"Doctors Hosp. Renaissance, UT Rio Grande Valley",Total Residents,approved complement (16 / 8),actual census (6 / 2),COMPLEMENT_VS_CENSUS,006A/08_STAGE_A_QUALITY_AUDIT.md,HIGH,SPLIT_INTO_TWO_FIELDS,STAGE_A_AUDIT_AGGREGATED,Stage A was not instrumented for per-field classification; this row aggregates the documented defect across the programs named in 'program'.,NO
TX,MULTIPLE,MULTIPLE,UT Rio Grande Valley,Recruiting status,not accepting current year,NRMP live status ACTIVE,STALE_REGISTRY_VALUE,006A/08_STAGE_A_QUALITY_AUDIT.md,HIGH,REFRESH_FROM_CURRENT_CYCLE,STAGE_A_AUDIT_AGGREGATED,Stage A was not instrumented for per-field classification; this row aggregates the documented defect across the programs named in 'program'.,NO
TX,MULTIPLE,MULTIPLE,UT Rio Grande Valley,Medical Spanish Curriculum,Yes,FREIDA now reports No,CONFIRMED_CORRECTION,006A/08_STAGE_A_QUALITY_AUDIT.md,MEDIUM,UPDATE_REGISTRY_VALUE,STAGE_A_AUDIT_AGGREGATED,Stage A was not instrumented for per-field classification; this row aggregates the documented defect across the programs named in 'program'.,NO
TX,MULTIPLE,MULTIPLE,Baylor College of Medicine Houston,Medical Spanish Curriculum,Yes,"belongs to the CHILD Neurology program 1854821018, adult value is No",ADULT_CHILD_CONTAMINATION,006A/08_STAGE_A_QUALITY_AUDIT.md,HIGH,REMOVE_VALUE_WRONG_PROGRAM,STAGE_A_AUDIT_AGGREGATED,Stage A was not instrumented for per-field classification; this row aggregates the documented defect across the programs named in 'program'.,NO
TX,MULTIPLE,MULTIPLE,UT Rio Grande Valley,COMLEX policy,not accepted,COMLEX is accepted,CONFIRMED_CORRECTION,006A/08_STAGE_A_QUALITY_AUDIT.md,HIGH,UPDATE_REGISTRY_VALUE,STAGE_A_AUDIT_AGGREGATED,Stage A was not instrumented for per-field classification; this row aggregates the documented defect across the programs named in 'program'.,NO
TX,ALL_16,ALL_16_TX_NEUROLOGY,All 16 Texas Adult Neurology programs,Program Director,(empty),"Stage A+B filled 16/16 by research (e.g. Creel/Temple, Horn/UTHSCSA, Patel/UTMB, Ferdous/TTU Lubbock, Nelson/SAUSHEC, Rahman/Baylor Dallas, Meltzer/Ascension Seton)",SEMANTIC_MISMATCH,per-program dossiers domain 14_leadership,HIGH,FIX_FIELD_SEMANTICS_OR_NULL_HANDLING,ALL16_SYSTEMIC,"Schema-population gap, not a research gap: the field exists and is empty for every Texas Neurology row. Research supplied a PD for all 16.",NO
TX,ALL_16,ALL_16_TX_NEUROLOGY,Entire 196-field registry schema,Step 2 timing (no such field exists),FIELD DOES NOT EXIST,6 distinct published timing regimes observed across 16 programs,SEMANTIC_MISMATCH,per-program dossiers step2_timing,HIGH,FIX_FIELD_SEMANTICS_OR_NULL_HANDLING,ALL16_SYSTEMIC,The single most decision-relevant field for an applicant with a delayed Step 2 is structurally unstorable in the canonical schema.,NO
FL,1801100001,RISE-NEURO-0057,HCA Florida Healthcare/Westside/Northwest Hospital Program,Survey Received,2025-07-09,2026-07-21 (FREIDA field_date_received on node--survey_2026),CONFIRMED_CORRECTION,https://freida.ama-assn.org/program/1801100001,HIGH,UPDATE_REGISTRY_VALUE,FL_STAGE_STRUCTURED_PER_FIELD,"The governing finding of this dossier. A full survey cycle newer than the registry snapshot, and newer than the registry release date of 2026-07-09 itself, so it supersedes the registry on every field both carry.",YES_WAVE2
FL,1801100001,RISE-NEURO-0057,HCA Florida Healthcare/Westside/Northwest Hospital Program,City,Margate,"Program mailing address Margate (2801 N State Rd 7 = HCA Florida Northwest Hospital); PRIMARY TEACHING SITE is HCA Florida Westside Hospital, 8201 W Broward Blvd, Plantation",SEMANTIC_MISMATCH,https://freida.ama-assn.org/program/1801100001,HIGH,FIX_FIELD_SEMANTICS_OR_NULL_HANDLING,FL_STAGE_STRUCTURED_PER_FIELD,"Not wrong, but incomplete in a way that matters. FREIDA's field_primary_teaching_site and field_institution both resolve to Westside in Plantation; Margate is where the program's correspondence goes. A reader taking 'Margate' as the training location would be misled about the principal clinical site.",YES_WAVE2
FL,1801100001,RISE-NEURO-0057,HCA Florida Healthcare/Westside/Northwest Hospital Program,Total Residents,16,"Actual census 17 ([4,4,5,4]); nominal 16 from 4 positions x 4 years; ACGME approved complement not obtainable",COMPLEMENT_VS_CENSUS,https://freida.ama-assn.org/program/1801100001,MEDIUM,SPLIT_INTO_TWO_FIELDS,FL_STAGE_STRUCTURED_PER_FIELD,"The registry's 16 is the PRIOR cycle's census ([4,4,5,3]) sitting in a field a reader may take for approved complement. Superseded by 17, which is itself a head-count and not a complement.",YES_WAVE2
FL,1801100001,RISE-NEURO-0057,HCA Florida Healthcare/Westside/Northwest Hospital Program,Residents Per Year,PGY-1: 4; PGY-2: 4; PGY-3: 5; PGY-4: 3,PGY-1: 4; PGY-2: 4; PGY-3: 5; PGY-4: 4,CONFIRMED_CORRECTION,https://freida.ama-assn.org/program/1801100001,HIGH,UPDATE_REGISTRY_VALUE,FL_STAGE_STRUCTURED_PER_FIELD,"field_program_size = [4,4,5,4] in the survey received 2026-07-21. The PGY-4 cohort moved from 3 to 4.",YES_WAVE2
FL,1801100001,RISE-NEURO-0057,HCA Florida Healthcare/Westside/Northwest Hospital Program,US MD Graduates Percent / DO Graduates Percent / IMG Graduates Percent,25.0% / 16.7% / 58.3%,6.2% / 31.2% / 62.5%,CONFIRMED_CORRECTION,https://freida.ama-assn.org/program/1801100001,MEDIUM,UPDATE_REGISTRY_VALUE,FL_STAGE_STRUCTURED_PER_FIELD,Both sets are internally inconsistent with their own stated totals. The registry's percentages resolve only on a denominator of 12 (3/2/7) while the registry claims 16 residents; the newer survey's resolve only on 16 (1/5/10) while that survey reports 17. A substantial real change either way: the US MD share fell from roughly a quarter to a single resident.,YES_WAVE2
FL,1801100001,RISE-NEURO-0057,HCA Florida Healthcare/Westside/Northwest Hospital Program,Salary PGY1 / PGY2 / PGY3 / PGY4,63149 / 65354 / 67642 / 71032,65042 / 67309 / 69659 / 73133 (AY 2026-27),STALE_REGISTRY_VALUE,https://hcahealthcaregme.com/locations/hca-florida-westside-hospital/neurology-residency/,HIGH,REFRESH_FROM_CURRENT_CYCLE,FL_STAGE_STRUCTURED_PER_FIELD,"One cycle stale, roughly 3% low. The new figures are confirmed twice over: the program page's table headed 'Salary AY 26-27' and FREIDA field_graduate_year_statistics, which agree to the dollar.",YES_WAVE2
FL,1801100001,RISE-NEURO-0057,HCA Florida Healthcare/Westside/Northwest Hospital Program,Salary Paid By,Non-profit institution,Not paid by a non-profit institution (field_salary_paid_nonprofit = 'No'),SEMANTIC_MISMATCH,https://freida.ama-assn.org/program/1801100001,HIGH,FIX_FIELD_SEMANTICS_OR_NULL_HANDLING,FL_STAGE_STRUCTURED_PER_FIELD,"The registry stored the field's LABEL where FREIDA's answer was negative. HCA Healthcare, Inc. is a for-profit publicly traded company; the program page footer reads 'Copyright 1995-2026, HCA Management Services, L.P.' Materially misleading as stored.",YES_WAVE2
FL,1801100001,RISE-NEURO-0057,HCA Florida Healthcare/Westside/Northwest Hospital Program,Program Faculty Count,15,20 named individuals published; FREIDA field_total_physician = 0 is a null sentinel,SEMANTIC_MISMATCH,https://hcahealthcaregme.com/locations/hca-florida-westside-hospital/neurology-residency/faculty.dot,MEDIUM,FIX_FIELD_SEMANTICS_OR_NULL_HANDLING,FL_STAGE_STRUCTURED_PER_FIELD,"Exactly the defect pattern the contract warns about, in both directions: the newer survey stores 0 (a null sentinel that must not be read as zero faculty) while the registry carries a prior-cycle 15, against 20 people actually named on the program's own page.",YES_WAVE2
FL,1801100001,RISE-NEURO-0057,HCA Florida Healthcare/Westside/Northwest Hospital Program,Faculty Resident Ratio,0.90:1,field_ratio_ft_faculty = '0.00' (null sentinel); not computable,SEMANTIC_MISMATCH,https://freida.ama-assn.org/program/1801100001,MEDIUM,FIX_FIELD_SEMANTICS_OR_NULL_HANDLING,FL_STAGE_STRUCTURED_PER_FIELD,"The 0.00 is an unanswered-question sentinel, not a ratio. With no verified core-faculty count, no ratio can be stated.",YES_WAVE2
FL,1801100001,RISE-NEURO-0057,HCA Florida Healthcare/Westside/Northwest Hospital Program,Female Faculty Percent,33.30%,Not published in the current cycle (field_pct_ft_female = None),STALE_REGISTRY_VALUE,https://freida.ama-assn.org/program/1801100001,MEDIUM,REFRESH_FROM_CURRENT_CYCLE,FL_STAGE_STRUCTURED_PER_FIELD,Prior-cycle value with no current counterpart.,YES_WAVE2
FL,1801100001,RISE-NEURO-0057,HCA Florida Healthcare/Westside/Northwest Hospital Program,Program Status,FREIDA: accepting current year; accepting next year,Accepting current year: Yes. Accepting NEXT year: No (field_accepting_next_year = False),CONFIRMED_CORRECTION,https://freida.ama-assn.org/program/1801100001,HIGH,UPDATE_REGISTRY_VALUE,FL_STAGE_STRUCTURED_PER_FIELD,"A change of state in the newer survey, flagged for direct confirmation with the program rather than interpreted.",YES_WAVE2
FL,1801100001,RISE-NEURO-0057,HCA Florida Healthcare/Westside/Northwest Hospital Program,Minimum LOR,1,3 (field_min_letters_req),CONFIRMED_CORRECTION,https://freida.ama-assn.org/program/1801100001,HIGH,UPDATE_REGISTRY_VALUE,FL_STAGE_STRUCTURED_PER_FIELD,A real increase in requirement; planning on one letter would be wrong.,YES_WAVE2
FL,1801100001,RISE-NEURO-0057,HCA Florida Healthcare/Westside/Northwest Hospital Program,Maximum LOR,4,Not published (field_max_letters_req = None),STALE_REGISTRY_VALUE,https://freida.ama-assn.org/program/1801100001,MEDIUM,REFRESH_FROM_CURRENT_CYCLE,FL_STAGE_STRUCTURED_PER_FIELD,No maximum in the current cycle.,YES_WAVE2
FL,1801100001,RISE-NEURO-0057,HCA Florida Healthcare/Westside/Northwest Hospital Program,Specialty Specific LOR Required,Letter(s) from someone within the specialty,"Not reproduced in the current survey; only a generic faculty letter is flagged required (field_faculty_letter = True, field_spec_stand_letter = None, field_required_letter_writers = [])",CONFIRMED_CORRECTION,https://freida.ama-assn.org/program/1801100001,MEDIUM,UPDATE_REGISTRY_VALUE,FL_STAGE_STRUCTURED_PER_FIELD,"A neurology letter remains sensible practice, but it is no longer a published requirement.",YES_WAVE2
FL,1801100001,RISE-NEURO-0057,HCA Florida Healthcare/Westside/Northwest Hospital Program,Interviews Conducted Last Year,63,70 (field_interviews_conducted),CONFIRMED_CORRECTION,https://freida.ama-assn.org/program/1801100001,HIGH,UPDATE_REGISTRY_VALUE,FL_STAGE_STRUCTURED_PER_FIELD,Also makes the registry's derived 'Interviews Per First Year Position: 15.8:1' stale; 70/4 = 17.5:1.,YES_WAVE2
FL,1801100001,RISE-NEURO-0057,HCA Florida Healthcare/Westside/Northwest Hospital Program,Application Deadline,2026-03-19,"No deadline published (field_application_period = None, field_latest_date_current_year = None)",INSUFFICIENT_EVIDENCE,https://freida.ama-assn.org/program/1801100001,MEDIUM,NO_ACTION_INSUFFICIENT_EVIDENCE,FL_STAGE_STRUCTURED_PER_FIELD,"Unsupported in the newer survey and independently implausible for a Main Match program, since 19 March falls after Match Week. Should not be planned around.",YES_WAVE2
FL,1801100001,RISE-NEURO-0057,HCA Florida Healthcare/Westside/Northwest Hospital Program,Program Type / University Affiliated,Community-based university affiliated / Yes,Community-based university affiliated (self-reported); NO affiliated university is named anywhere,INSUFFICIENT_EVIDENCE,https://freida.ama-assn.org/program/1801100001,MEDIUM,NO_ACTION_INSUFFICIENT_EVIDENCE,FL_STAGE_STRUCTURED_PER_FIELD,"The descriptor is confirmed as the program's own self-report, but the substance behind 'university affiliated' could not be verified - no university partner appears on any program, GME or institutional page located, and the program name contains none.",YES_WAVE2
FL,1801100001,RISE-NEURO-0057,HCA Florida Healthcare/Westside/Northwest Hospital Program,Board Certification Pass Rate Evaluation,No,No - the program does not use board pass rate among its self-evaluation measures (field_program_evaluation_2019),SEMANTIC_MISMATCH,https://freida.ama-assn.org/program/1801100001,HIGH,FIX_FIELD_SEMANTICS_OR_NULL_HANDLING,FL_STAGE_STRUCTURED_PER_FIELD,"Correctly transcribed but easily misread. This field describes which measures the program uses to evaluate itself, NOT the program's actual board pass rate, which is unpublished.",YES_WAVE2
FL,1801100002,RISE-NEURO-0046,Florida International University/Baptist Health Program,Total Residents,16,"Actual census 8 (PGY-1: 4, PGY-2: 4). Approved complement 16 (4 x 4 years).",COMPLEMENT_VS_CENSUS,https://medicine.fiu.edu/academics/residencies-and-fellowships/neurology-residency-bhsf/residents/,HIGH,SPLIT_INTO_TWO_FIELDS,FL_STAGE_STRUCTURED_PER_FIELD,"Exactly the Texas defect pattern. FREIDA's 2026-07-21 survey renders 'Program Size 8 / Current Residents Year 1: 4, Year 2: 4'. The named roster lists 8 people. 16 is the complement.",YES_WAVE1
FL,1801100002,RISE-NEURO-0046,Florida International University/Baptist Health Program,Residents Per Year,PGY-1: 4; PGY-2: 4; PGY-3: 4; PGY-4: 4,4 first-year positions per year; only PGY-1 and PGY-2 classes exist in AY2026-27,SEMANTIC_MISMATCH,https://freida.ama-assn.org/program/1801100002,HIGH,FIX_FIELD_SEMANTICS_OR_NULL_HANDLING,FL_STAGE_STRUCTURED_PER_FIELD,"Reads as a current per-year census but is really the steady-state complement. FREIDA's field_program_size for 2026 is [4, 4], i.e. two classes.",YES_WAVE1
FL,1801100002,RISE-NEURO-0046,Florida International University/Baptist Health Program,Current Residents PGY1 / PGY2 / PGY3,4 / 4 / 4,4 / 4 / 0 — no PGY-3 class has ever existed,CONFIRMED_CORRECTION,https://medicine.fiu.edu/academics/residencies-and-fellowships/neurology-residency-bhsf/residents/,HIGH,UPDATE_REGISTRY_VALUE,FL_STAGE_STRUCTURED_PER_FIELD,"Internet Archive captures of the official roster on 2025-10-28 and 2026-05-20 show the current PGY-2s listed as PGY1, and NRMP shows no match before 2025. The PGY-3 figure has no real-world referent.",YES_WAVE1
FL,1801100002,RISE-NEURO-0046,Florida International University/Baptist Health Program,Program Director,(field absent from the registry row),"Diego Rafael Torres-Russotto, MD",INSUFFICIENT_EVIDENCE,https://freida.ama-assn.org/program/1801100002,HIGH,NO_ACTION_INSUFFICIENT_EVIDENCE,FL_STAGE_STRUCTURED_PER_FIELD,"Known registry schema gap rather than a research gap. Filled from the program page and FREIDA's program_individual record (Diego.Torres@baptisthealth.net, 786-596-3876).",YES_WAVE1
FL,1801100002,RISE-NEURO-0046,Florida International University/Baptist Health Program,Program Faculty Count,0,30 named faculty published by the program; FREIDA's own count fields are empty,SEMANTIC_MISMATCH,https://medicine.fiu.edu/academics/residencies-and-fellowships/neurology-residency-bhsf/faculty/,HIGH,FIX_FIELD_SEMANTICS_OR_NULL_HANDLING,FL_STAGE_STRUCTURED_PER_FIELD,FREIDA null sentinel stored as 0. FREIDA renders 'Program Faculty --' and 'Physicians (--)'.,YES_WAVE1
FL,1801100002,RISE-NEURO-0046,Florida International University/Baptist Health Program,Faculty Resident Ratio,0.00:1,Not published. FREIDA renders '0:1' from a null field.,SEMANTIC_MISMATCH,https://freida.ama-assn.org/program/1801100002,HIGH,FIX_FIELD_SEMANTICS_OR_NULL_HANDLING,FL_STAGE_STRUCTURED_PER_FIELD,Same sentinel defect as Program Faculty Count.,YES_WAVE1
FL,1801100002,RISE-NEURO-0046,Florida International University/Baptist Health Program,US MD Step 2 Required,No,A passed USMLE Step 2 CK IS required for interview consideration for U.S. MD applicants per the 2026-07-21 survey,CONFIRMED_CORRECTION,https://freida.ama-assn.org/program/1801100002,HIGH,UPDATE_REGISTRY_VALUE,FL_STAGE_STRUCTURED_PER_FIELD,"Two compounding defects. The registry label is attached to FREIDA's minimum-SCORE flag (field_usmle_step_2_required, still false, meaning no numeric threshold), not to the pass-for-interview flag. And the pass-for-interview answer for U.S. MD applicants changed from No in the 2025 survey to Yes in the 2026 survey. Highest-consequence registry error in this row.",YES_WAVE1
FL,1801100002,RISE-NEURO-0046,Florida International University/Baptist Health Program,Step Preferences,US MD Step 1 passed: Yes; US MD Step 2 passed: No; IMG Step 1 passed: Yes; IMG Step 2 passed: Yes,All four are Yes in the 2026-07-21 survey,CONFIRMED_CORRECTION,https://freida.ama-assn.org/program/1801100002,HIGH,UPDATE_REGISTRY_VALUE,FL_STAGE_STRUCTURED_PER_FIELD,field_usmle_us_md_pass_ck moved from false to true between survey cycles.,YES_WAVE1
FL,1801100002,RISE-NEURO-0046,Florida International University/Baptist Health Program,Minimum LOR,3,"FREIDA 2026 says minimum 2, maximum 3. The program's own page asks for three.",GENUINE_SOURCE_CONFLICT,https://freida.ama-assn.org/program/1801100002,MEDIUM,PRESERVE_BOTH_PENDING_PRIMARY_CONFIRMATION,FL_STAGE_STRUCTURED_PER_FIELD,field_min_letters_req moved from 3 to 2 between cycles while the program page still says three. Practical advice: submit three.,YES_WAVE1
FL,1801100002,RISE-NEURO-0046,Florida International University/Baptist Health Program,Application Deadline,2026-02-27,No deadline date is published in the current cycle. The program states applications are accepted September through December.,STALE_REGISTRY_VALUE,https://medicine.fiu.edu/academics/residencies-and-fellowships/neurology-residency-bhsf/,HIGH,REFRESH_FROM_CURRENT_CYCLE,FL_STAGE_STRUCTURED_PER_FIELD,"field_application_period, field_latest_date_current_year and field_univ_spec_app_date_use are all null in the 2026 survey.",YES_WAVE1
FL,1801100002,RISE-NEURO-0046,Florida International University/Baptist Health Program,Applicant Interview Format / Interview Style,In Person,FREIDA's own rendered page for the 2026 survey displays 'Applicant Interview Format: Virtual',GENUINE_SOURCE_CONFLICT,https://freida.ama-assn.org/program/1801100002,LOW,PRESERVE_BOTH_PENDING_PRIMARY_CONFIRMATION,FL_STAGE_STRUCTURED_PER_FIELD,Both readings trace to field_interview_type = 1 (with field_video_interview = false). FREIDA's public rendering and the registry's mapping disagree. Not resolved; ask the coordinator.,YES_WAVE1
FL,1801100002,RISE-NEURO-0046,Florida International University/Baptist Health Program,Interviews Conducted Last Year / Historical Interview Stats,0; 2023: 0/null; 2024: 0/4,Not published. FREIDA renders '--'.,SEMANTIC_MISMATCH,https://freida.ama-assn.org/program/1801100002,HIGH,FIX_FIELD_SEMANTICS_OR_NULL_HANDLING,FL_STAGE_STRUCTURED_PER_FIELD,FREIDA null sentinels stored as 0. The program obviously interviewed: it filled 4/4 in both the 2025 and 2026 Matches. The '2024' row corresponds to the recruitment season for the 2025 appointment year.,YES_WAVE1
FL,1801100002,RISE-NEURO-0046,Florida International University/Baptist Health Program,Vacation,20,28 paid vacation days at every PGY level,CONFIRMED_CORRECTION,https://freida.ama-assn.org/program/1801100002,HIGH,UPDATE_REGISTRY_VALUE,FL_STAGE_STRUCTURED_PER_FIELD,field_graduate_year_statistics in the 2026 survey gives paid_vacation 28 for PGY1-4.,YES_WAVE1
FL,1801100002,RISE-NEURO-0046,Florida International University/Baptist Health Program,Salary PGY1-PGY4,64000 / 66000 / 68000 / 71000,FREIDA 2026 agrees (64/66/68/71). FIU Medicine's GME salary page publishes 68/71/74/77.,GENUINE_SOURCE_CONFLICT,https://medicine.fiu.edu/academics/graduate-medical-education/salary-and-benefits/,MEDIUM,PRESERVE_BOTH_PENDING_PRIMARY_CONFIRMATION,FL_STAGE_STRUCTURED_PER_FIELD,"Registry matches FREIDA exactly, so it is not stale relative to FREIDA — but the institution's own published scale is higher and marked 'Subject to review each spring'. Preserved as a live conflict.",YES_WAVE1
FL,1801100002,RISE-NEURO-0046,Florida International University/Baptist Health Program,Meal Allowance / Educational Stipend / Technology Allowance,all three = 'On-call meal allowance',"The program offers an on-call meal allowance and a technology allowance ('iPads, tablets, etc., or technology allowance'). No educational stipend amount is published.",SEMANTIC_MISMATCH,https://freida.ama-assn.org/program/1801100002,HIGH,FIX_FIELD_SEMANTICS_OR_NULL_HANDLING,FL_STAGE_STRUCTURED_PER_FIELD,"One FREIDA offerings array was rendered into three differently labelled registry fields, creating a false 'Educational Stipend' value.",YES_WAVE1
FL,1801100002,RISE-NEURO-0046,Florida International University/Baptist Health Program,Healthcare Economics Curriculum,Yes,Not supported by the 2026-07-21 survey,INSUFFICIENT_EVIDENCE,https://freida.ama-assn.org/program/1801100002,MEDIUM,NO_ACTION_INSUFFICIENT_EVIDENCE,FL_STAGE_STRUCTURED_PER_FIELD,No corresponding entry in field_resident_fellow_offer_2019 for 2026.,YES_WAVE1
FL,1801100002,RISE-NEURO-0046,Florida International University/Baptist Health Program,Required Away Rotations,No,"No required away rotation, but FREIDA lists an away-rotation physician preceptor among REQUIRED letter writers",SEMANTIC_MISMATCH,https://freida.ama-assn.org/program/1801100002,MEDIUM,FIX_FIELD_SEMANTICS_OR_NULL_HANDLING,FL_STAGE_STRUCTURED_PER_FIELD,"The registry's 'No' is literally correct but omits the letter-writer requirement, which has the same practical effect of rewarding an away rotation.",YES_WAVE1
FL,1801100002,RISE-NEURO-0046,Florida International University/Baptist Health Program,Program Status,FREIDA: accepting current year; accepting next year,"2026 survey: accepting current year TRUE, accepting next year FALSE. FREIDA still badges the program 'ACCEPTING APPLICATIONS' with Key Dates for 2026-2027.",CONFIRMED_CORRECTION,https://freida.ama-assn.org/program/1801100002,MEDIUM,UPDATE_REGISTRY_VALUE,FL_STAGE_STRUCTURED_PER_FIELD,The 2026-2027 cycle — the one a June 2027 graduate applies in — is the 'current year' and is open. The 'next year' flag (2027-2028) is unanswered/false and should not be read as a closure of the current cycle.,YES_WAVE1
FL,1801100002,RISE-NEURO-0046,Florida International University/Baptist Health Program,Survey Received / FREIDA Last Updated,2025-06-11 / 2026-02-19,Survey received 2026-07-21; FREIDA record last updated 2026-08-20,CONFIRMED_CORRECTION,https://freida.ama-assn.org/program/1801100002,HIGH,UPDATE_REGISTRY_VALUE,FL_STAGE_STRUCTURED_PER_FIELD,The registry snapshot (release 2026-07-09) predates the current survey by 12 days of receipt and by a full cycle of content. This single fact drives most of the reconciliation above.,YES_WAVE1
FL,1801100003,RISE-NEURO-0135,Orlando Health Program (Adult Neurology),Program Website,https://www.orlandohealth.com,https://www.orlandohealth.com/medical-professionals/graduate-medical-education/residency-programs/neurology-residency,CONFIRMED_CORRECTION,https://www.orlandohealth.com/medical-professionals/graduate-medical-education/residency-programs/neurology-residency,HIGH,UPDATE_REGISTRY_VALUE,FL_STAGE_STRUCTURED_PER_FIELD,"Registry stored the health system's homepage rather than the residency's page. The residency site has seven distinct pages plus sub-pages, all reachable from that path.",YES_WAVE3
FL,1801100003,RISE-NEURO-0135,Orlando Health Program (Adult Neurology),Program Status,FREIDA: not accepting current year; accepting next year,"FREIDA 2026: NOT accepting current year AND not accepting next year (field_accepting_current_year false, field_accepting_next_year false; page banner 'NOT ACCEPTING APPLICATIONS'). NRMP directory: 'Active - The program track is participating in the Match.'",GENUINE_SOURCE_CONFLICT,https://freida.ama-assn.org/program/1801100003,MEDIUM,PRESERVE_BOTH_PENDING_PRIMARY_CONFIRMATION,FL_STAGE_STRUCTURED_PER_FIELD,"The next-year flag flipped from true to false between survey cycles, and FREIDA now renders a NOT ACCEPTING APPLICATIONS banner - directly contradicted by NRMP's current directory, by a filled 2026 Match, and by a live recruiting program page with a published deadline. The single most consequential registry change; must be confirmed with the program.",YES_WAVE3
FL,1801100003,RISE-NEURO-0135,Orlando Health Program (Adult Neurology),Program Director,(empty),"Amy (Amparo) Gutierrez, MD, FAAN",CONFIRMED_CORRECTION,https://freida.ama-assn.org/program/1801100003,HIGH,UPDATE_REGISTRY_VALUE,FL_STAGE_STRUCTURED_PER_FIELD,"The contract identifies this empty field as a schema gap rather than a research gap. Filled from three concurring sources: FREIDA field_program_director, the NRMP directory, and the program's own welcome-page byline.",YES_WAVE3
FL,1801100003,RISE-NEURO-0135,Orlando Health Program (Adult Neurology),Residents Per Year,PGY-1: 2; PGY-2: 3; PGY-3: 2; PGY-4: 2,"Program roster (AY2025-26): PGY-1 2, PGY-2 3, PGY-3 2, PGY-4 2. FREIDA 2026: Year 1 2, Year 2 2, Year 3 2, Year 4 3.",GENUINE_SOURCE_CONFLICT,https://www.orlandohealth.com/medical-professionals/graduate-medical-education/residency-programs/neurology-residency/people/residents,MEDIUM,PRESERVE_BOTH_PENDING_PRIMARY_CONFIRMATION,FL_STAGE_STRUCTURED_PER_FIELD,The registry value matches the program's own named roster and NOT FREIDA's current array order. Both total 9. Preserved on both sides.,YES_WAVE3
FL,1801100003,RISE-NEURO-0135,Orlando Health Program (Adult Neurology),Total Residents,9,"Actual named census AY2025-26 = 9. FREIDA field_total_positions = 9, which FREIDA labels 'Program Size 9 Current Residents'. NRMP quota = 2 categorical PGY-1 positions per year (8 across four years). ACGME-approved complement not publicly available.",COMPLEMENT_VS_CENSUS,https://www.orlandohealth.com/medical-professionals/graduate-medical-education/residency-programs/neurology-residency/people/residents,HIGH,SPLIT_INTO_TWO_FIELDS,FL_STAGE_STRUCTURED_PER_FIELD,"The 9 happens to be right as a census, but FREIDA's field is a positions field labelled as current residents, so the registry inherited an ambiguity. The named roster independently confirms 9 - and shows one resident above the 8-position matched pattern (a third PGY-2).",YES_WAVE3
FL,1801100003,RISE-NEURO-0135,Orlando Health Program (Adult Neurology),Current Residents PGY1 / PGY2 / PGY3,2 / 3 / 2 (no PGY4 value),2 / 3 / 2 / 2 - the PGY-4 value exists and is 2,SEMANTIC_MISMATCH,https://www.orlandohealth.com/medical-professionals/graduate-medical-education/residency-programs/neurology-residency/people/residents,HIGH,FIX_FIELD_SEMANTICS_OR_NULL_HANDLING,FL_STAGE_STRUCTURED_PER_FIELD,"The registry transcribed only the first three elements of a four-element array, leaving PGY-4 blank and making the roster look like 7 residents in those fields while 'Total Residents' said 9.",YES_WAVE3
FL,1801100003,RISE-NEURO-0135,Orlando Health Program (Adult Neurology),Salary PGY1 / PGY2 / PGY3 / PGY4,62603 / 65112 / 67708 / 70931,65107 / 67717 / 70416 / 73769,STALE_REGISTRY_VALUE,https://freida.ama-assn.org/program/1801100003,HIGH,REFRESH_FROM_CURRENT_CYCLE,FL_STAGE_STRUCTURED_PER_FIELD,One full survey cycle behind. The registry drew on a survey received 2025-06-11; FREIDA now serves one received 2026-06-15 and published 2026-08-20. Roughly a 4% increase at every level. This is the exact 'salary one cycle stale' defect the contract flags.,YES_WAVE3
FL,1801100003,RISE-NEURO-0135,Orlando Health Program (Adult Neurology),Meal Allowance / Educational Stipend / Technology Allowance,'On-call meal allowance' in all three fields,"FREIDA field_program_offers_2021 = ['Free parking','On-call meal allowance','iPads, tablets, etc., or technology allowance']. The program's Benefits page separately documents an 'Education stipend for conferences, books and other materials' and 'Free meals when working & on call'.",SEMANTIC_MISMATCH,https://freida.ama-assn.org/program/1801100003,HIGH,FIX_FIELD_SEMANTICS_OR_NULL_HANDLING,FL_STAGE_STRUCTURED_PER_FIELD,"A single FREIDA array was fanned out into three registry fields, so the identical string 'On-call meal allowance' now appears as the value for meal allowance, educational stipend AND technology allowance. The program does not have three benefits by that name.",YES_WAVE3
FL,1801100003,RISE-NEURO-0135,Orlando Health Program (Adult Neurology),Application Deadline,2025-11-30,Program page: 'Submit completed application by October 23rd' (no year). FREIDA 2026: no deadline published (field_latest_date_current_year null).,CONFIRMED_CORRECTION,https://www.orlandohealth.com/medical-professionals/graduate-medical-education/residency-programs/neurology-residency/application-information,HIGH,UPDATE_REGISTRY_VALUE,FL_STAGE_STRUCTURED_PER_FIELD,One cycle stale AND inconsistent with the program's own published date. The October 23rd date is materially earlier than 2025-11-30 and matters directly to a mid-October Step 2 result.,YES_WAVE3
FL,1801100003,RISE-NEURO-0135,Orlando Health Program (Adult Neurology),Applicant Interview Format / Interview Style,In Person,Virtual (FREIDA 2026 field_interview_type = 1; field_video_interview = false),CONFIRMED_CORRECTION,https://freida.ama-assn.org/program/1801100003,HIGH,UPDATE_REGISTRY_VALUE,FL_STAGE_STRUCTURED_PER_FIELD,"Changed between cycles, and the program's own page supports the virtual reading by describing a 'virtual tour of our facilities' on interview day. Practically relevant: interviewing here costs Alejandra no travel from Houston.",YES_WAVE3
FL,1801100003,RISE-NEURO-0135,Orlando Health Program (Adult Neurology),Interviews Conducted Last Year / Interviews Per First Year Position,32 / 16.0:1,24 / 12:1,CONFIRMED_CORRECTION,https://freida.ama-assn.org/program/1801100003,HIGH,UPDATE_REGISTRY_VALUE,FL_STAGE_STRUCTURED_PER_FIELD,"FREIDA 2026 adds a 2025 row to field_historical_interview_stats (24 interviews, 2 positions). The registry's 32 was the 2024 figure.",YES_WAVE3
FL,1801100003,RISE-NEURO-0135,Orlando Health Program (Adult Neurology),Historical Interview Stats,2020: 10/null; 2021: 10/2; 2022: 16/2; 2023: 32/2; 2024: 32/2,2020: 10/null; 2021: 10/2; 2022: 16/2; 2023: 32/2; 2024: 32/2; 2025: 24/2,CONFIRMED_CORRECTION,https://freida.ama-assn.org/program/1801100003,HIGH,UPDATE_REGISTRY_VALUE,FL_STAGE_STRUCTURED_PER_FIELD,"A sixth year was added in the newer survey. Note that FREIDA reports interviews for 2021 against 2 first-year positions although NRMP shows no 2021 quota, so FREIDA's year labels and NRMP's appointment years are not aligned; not resolvable.",YES_WAVE3
FL,1801100003,RISE-NEURO-0135,Orlando Health Program (Adult Neurology),Program Faculty Count / Faculty Resident Ratio / Female Faculty Percent,15 / 1.70:1 / 33.30%,18 physicians and 0 non-physicians / 2:1 / 38.9%. The residency's own page names 19 people.,CONFIRMED_CORRECTION,https://freida.ama-assn.org/program/1801100003,HIGH,UPDATE_REGISTRY_VALUE,FL_STAGE_STRUCTURED_PER_FIELD,"Updated in the newer survey cycle. Not the FREIDA-null-sentinel defect: 15 was a real prior-cycle answer, not a 0 standing in for a real faculty.",YES_WAVE3
FL,1801100003,RISE-NEURO-0135,Orlando Health Program (Adult Neurology),Resident Gender Female / Male Percent,50.0% / 50.0%,66.7% / 33.3%,CONFIRMED_CORRECTION,https://freida.ama-assn.org/program/1801100003,HIGH,UPDATE_REGISTRY_VALUE,FL_STAGE_STRUCTURED_PER_FIELD,"field_pct_female 66.7, field_pct_male 33.3 in the 2026 survey.",YES_WAVE3
FL,1801100003,RISE-NEURO-0135,Orlando Health Program (Adult Neurology),US MD Graduates Percent / DO Graduates Percent / IMG Graduates Percent,12.5% / 37.5% / 50.0%,22.2% / 44.4% / 33.3% (FREIDA labels these three-year averages),CONFIRMED_CORRECTION,https://freida.ama-assn.org/program/1801100003,HIGH,UPDATE_REGISTRY_VALUE,FL_STAGE_STRUCTURED_PER_FIELD,"The registry's percentages imply a denominator of 8; the newer survey's imply 9, matching the named roster count. Roster-derived counts independently agree on US MD (2) and IMG (3).",YES_WAVE3
FL,1801100003,RISE-NEURO-0135,Orlando Health Program (Adult Neurology),Board Certification Pass Rate Evaluation,Yes,No - FREIDA 2026 renders 'Graduates board certification pass rates No' under Program Evaluations,CONFIRMED_CORRECTION,https://freida.ama-assn.org/program/1801100003,HIGH,UPDATE_REGISTRY_VALUE,FL_STAGE_STRUCTURED_PER_FIELD,Changed between cycles. Either way this field is about evaluation METHODOLOGY and is not a pass rate; no pass rate is published for this program.,YES_WAVE3
FL,1801100003,RISE-NEURO-0135,Orlando Health Program (Adult Neurology),Required Away Rotations,Yes,Not published. FREIDA 2026 renders no away-rotation row at all and field_next_away_rotation_in is false; the program's own pages never mention one.,CONFIRMED_CORRECTION,https://freida.ama-assn.org/program/1801100003,MEDIUM,UPDATE_REGISTRY_VALUE,FL_STAGE_STRUCTURED_PER_FIELD,"Searched the full rendered FREIDA text for 'Away Rotation', 'away rotation' and 'Rotations Required' - none present - and field_nxt_min_rotations_req / field_nxt_max_rotations_req are both null.",YES_WAVE3
FL,1801100003,RISE-NEURO-0135,Orlando Health Program (Adult Neurology),Minimum LOR / Maximum LOR / Specialty Specific LOR Required,3 / 4 / Letter(s) from someone within the specialty,"FREIDA 2026: minimum 3, maximum 4, with required writers 'Letter from a department chair' and 'Letter(s) from someone within the specialty'. The program's own page instead asks for 'Two Letters of Recommendation'.",GENUINE_SOURCE_CONFLICT,https://www.orlandohealth.com/medical-professionals/graduate-medical-education/residency-programs/neurology-residency/application-information,HIGH,PRESERVE_BOTH_PENDING_PRIMARY_CONFIRMATION,FL_STAGE_STRUCTURED_PER_FIELD,The registry matches FREIDA. The program page disagrees on count and omits the chair-letter requirement entirely. An applicant following only the program page would under-submit.,YES_WAVE3
FL,1801100003,RISE-NEURO-0135,Orlando Health Program (Adult Neurology),Medical School Graduation Timeline,5,FREIDA 2026: 5 years. Program page: 'within three years of applying'.,GENUINE_SOURCE_CONFLICT,https://www.orlandohealth.com/medical-professionals/graduate-medical-education/residency-programs/neurology-residency/application-information,HIGH,PRESERVE_BOTH_PENDING_PRIMARY_CONFIRMATION,FL_STAGE_STRUCTURED_PER_FIELD,Registry matches FREIDA; the program's own page is stricter at three years. Not binding on a 2027 senior either way.,YES_WAVE3
FL,1801100003,RISE-NEURO-0135,Orlando Health Program (Adult Neurology),Step Preferences / US MD Step 2 Required / IMG Step 2 Required / DO Step 2 Required,Yes (all),"Yes as to the REQUIREMENT. But FREIDA files these answers under the heading 'Medical Exam Licensing Requirements for Interview Consideration', which the registry did not capture, and the program's own page says Steps 1 and 2 are only 'preferred prior to the start of residency training'.",SEMANTIC_MISMATCH,https://freida.ama-assn.org/program/1801100003,HIGH,FIX_FIELD_SEMANTICS_OR_NULL_HANDLING,FL_STAGE_STRUCTURED_PER_FIELD,The registry captured the requirement and dropped the timing frame. This is the crux of Domain 5 and the reason the final code is PUBLISHED_SOURCES_CONFLICT. No policy CHANGE occurred between cycles - the pass-CK fields are true in both - only the framing the registry omitted.,YES_WAVE3
FL,1801100003,RISE-NEURO-0135,Orlando Health Program (Adult Neurology),IMG Friendly Indicators,FREIDA IMG graduates 50.0%; visas: (blank),"IMG share now 33.3%. Visa: field_visa_status is an EMPTY array, which FREIDA renders as J-1 No / H-1B No / F-1 No - while institutional policy 4799-4016 says 'A J-1 visa is the preferred visa type accepted'.",GENUINE_SOURCE_CONFLICT,https://www.arnoldpalmerhospital.com/-/media/files/orlando-health/graduate-medical-education/resident-eligibility-and-selection-process-rev-2022-_508.pdf?la=en,MEDIUM,PRESERVE_BOTH_PENDING_PRIMARY_CONFIRMATION,FL_STAGE_STRUCTURED_PER_FIELD,"The registry's blank visa value faithfully reflects FREIDA's empty array. The conflict is between that empty set, FREIDA's 'No' rendering of it, and the institution's own written policy.",YES_WAVE3
FL,1801100003,RISE-NEURO-0135,Orlando Health Program (Adult Neurology),Survey Received / FREIDA Last Updated,2025-06-11 / 2026-02-19,"Survey received 2026-06-15; FREIDA page last updated 2026-08-20 (node--survey_2026, created and changed 2026-08-20)",CONFIRMED_CORRECTION,https://freida.ama-assn.org/program/1801100003,HIGH,UPDATE_REGISTRY_VALUE,FL_STAGE_STRUCTURED_PER_FIELD,The registry snapshot (release 2026-07-09) predates the publication of the newer survey by six weeks. This single fact explains most of the SUPERSEDED and STALE rows above.,YES_WAVE3
FL,1801100003,RISE-NEURO-0135,Orlando Health Program (Adult Neurology),Evidence URL / Evidence Notes / Primary Source / Secondary Source,FREIDA program-work-schedule URL and orlandohealth.com homepage,"Superseded by 57 official sources opened in this session, including the FREIDA survey payload, the program's own seven-page site, 16 physician profiles, the institutional GME eligibility policy, two NRMP results editions, the Florida AHCA stroke registry and the NAEC and NMSS awarding-body pages",CONFIRMED_CORRECTION,,HIGH,UPDATE_REGISTRY_VALUE,FL_STAGE_STRUCTURED_PER_FIELD,The registry's Evidence Notes correctly disclose that Residency Explorer fields were left blank and that FREIDA 999 sentinels were rendered as NGO - both statements held up.,YES_WAVE3
FL,1801100004,RISE-NEURO-0015,Broward Health Program (Adult Neurology); the program styles itself the 'Broward Health North Program' and the 'Broward Health Neurology Residency Program',Institution / Hospital,Broward Health,"Sponsor: Broward Health (North Broward Hospital District), 1600 S Andrews Ave, Fort Lauderdale. Primary teaching site: Broward Health North, 201 E Sample Rd, Deerfield Beach",SEMANTIC_MISMATCH,https://freida.ama-assn.org/program/1801100004,HIGH,FIX_FIELD_SEMANTICS_OR_NULL_HANDLING,FL_STAGE_STRUCTURED_PER_FIELD,"The registry collapses sponsor and site into one string. FREIDA distinguishes them: field_sponsor_institution = Broward Health (id 110114, Fort Lauderdale) and field_institution / field_primary_teaching_site = Broward Health North (id 110106). Participating institutions also include Broward Health Medical Center, Broward Health Imperial Point and a 'Neurology Institute' at 5441 N University Dr Ste",YES_WAVE2
FL,1801100004,RISE-NEURO-0015,Broward Health Program (Adult Neurology); the program styles itself the 'Broward Health North Program' and the 'Broward Health Neurology Residency Program',Program Name,Broward Health Program,Broward Health Program (FREIDA/NRMP registry name); the program calls itself the 'Broward Health North Program' in its application block and the 'Broward Health Neurology Residency Program' in prose,SEMANTIC_MISMATCH,https://www.browardhealth.org/gme/training-programs/residency/neurology,HIGH,FIX_FIELD_SEMANTICS_OR_NULL_HANDLING,FL_STAGE_STRUCTURED_PER_FIELD,Not an error - FREIDA's canonical title is 'Broward Health Program' - but a student searching for 'Broward Health North Program' or comparing against the NRMP institution name 'Broward Health Med Ctr-FL' will see three different labels for one program.,YES_WAVE2
FL,1801100004,RISE-NEURO-0015,Broward Health Program (Adult Neurology); the program styles itself the 'Broward Health North Program' and the 'Broward Health Neurology Residency Program',Total Residents,12,Approved complement 12; actual current census 9,COMPLEMENT_VS_CENSUS,https://www.browardhealth.org/gme/training-programs/residency/neurology/residents,HIGH,SPLIT_INTO_TWO_FIELDS,FL_STAGE_STRUCTURED_PER_FIELD,"The classic defect. 12 is 3 positions x 4 years and is what the program page means by '12 Total'. The real head count is 9 because there is no PGY-4 class yet. The registry's own 'Current Residents PGY1/PGY2/PGY3 = 3/3/3' fields already encode the census of 9 and carry no PGY-4 value, so both numbers were present but the complement was labelled as a total.",YES_WAVE2
FL,1801100004,RISE-NEURO-0015,Broward Health Program (Adult Neurology); the program styles itself the 'Broward Health North Program' and the 'Broward Health Neurology Residency Program',Residents Per Year,PGY-1: 3; PGY-2: 3; PGY-3: 3; PGY-4: 3,"Positions per year 3 at every level (FREIDA field_program_size [3,3,3,3]); but no PGY-4 resident exists yet",SEMANTIC_MISMATCH,https://freida.ama-assn.org/program/1801100004,HIGH,FIX_FIELD_SEMANTICS_OR_NULL_HANDLING,FL_STAGE_STRUCTURED_PER_FIELD,"This field reports approved positions per year, not occupied ones. Reading 'PGY-4: 3' as three fourth-year residents would be wrong.",YES_WAVE2
FL,1801100004,RISE-NEURO-0015,Broward Health Program (Adult Neurology); the program styles itself the 'Broward Health North Program' and the 'Broward Health Neurology Residency Program',Salary PGY1-PGY4,59847 / 62127 / 64451 / 66158,"Broward Health's own published table, labelled AY2025-26, gives exactly these figures; FREIDA's 2026 survey gives 61295 / 63561 / 66037 / 68660",STALE_REGISTRY_VALUE,https://www.browardhealth.org/gme/become-a-resident,HIGH,REFRESH_FROM_CURRENT_CYCLE,FL_STAGE_STRUCTURED_PER_FIELD,"The registry matches the institution's published table to the cent, so it was accurate for AY2025-26 and is one cycle behind for AY2026-27. Broward Health has not updated its own page, which is why the conflict cannot be cleanly resolved.",YES_WAVE2
FL,1801100004,RISE-NEURO-0015,Broward Health Program (Adult Neurology); the program styles itself the 'Broward Health North Program' and the 'Broward Health Neurology Residency Program',Vacation,15,PGY-1 15 days; PGY-2 and above 20 days,SEMANTIC_MISMATCH,https://www.browardhealth.org/gme/become-a-resident,HIGH,FIX_FIELD_SEMANTICS_OR_NULL_HANDLING,FL_STAGE_STRUCTURED_PER_FIELD,"The GME page's table reads 'PGY-1 15 days; PGY-2 & Above 20 days', matching FREIDA's [15,20,20,20]. Storing only the PGY-1 value understates the benefit by five days for three of the four years.",YES_WAVE2
FL,1801100004,RISE-NEURO-0015,Broward Health Program (Adult Neurology); the program styles itself the 'Broward Health North Program' and the 'Broward Health Neurology Residency Program',Program Status,FREIDA: not accepting current year; accepting next year,Accepting current year: Yes; accepting next year: No,CONFIRMED_CORRECTION,https://freida.ama-assn.org/program/1801100004,HIGH,UPDATE_REGISTRY_VALUE,FL_STAGE_STRUCTURED_PER_FIELD,"FREIDA's 2026 survey (received 2026-07-21, after the 2026-07-09 registry release) sets field_accepting_current_year = true and field_accepting_next_year = false - both flags inverted relative to the registry.",YES_WAVE2
FL,1801100004,RISE-NEURO-0015,Broward Health Program (Adult Neurology); the program styles itself the 'Broward Health North Program' and the 'Broward Health Neurology Residency Program',Program Faculty Count / Faculty Distribution,18 (physicians 18; non-physicians 0),"FREIDA 2026: 9 physicians, 0 non-physicians; program's published roster: 17 names, 9 of them core-titled",CONFIRMED_CORRECTION,https://www.browardhealth.org/gme/training-programs/residency/neurology/faculty,HIGH,UPDATE_REGISTRY_VALUE,FL_STAGE_STRUCTURED_PER_FIELD,"Not a null-sentinel case - the registry value is a real 18 from the prior survey. The current survey halves it, and the 9 reconciles with the nine core-titled entries on the faculty page.",YES_WAVE2
FL,1801100004,RISE-NEURO-0015,Broward Health Program (Adult Neurology); the program styles itself the 'Broward Health North Program' and the 'Broward Health Neurology Residency Program',Faculty Resident Ratio,1.50:1,FREIDA 2026 field_ratio_ft_faculty = 0.80,CONFIRMED_CORRECTION,https://freida.ama-assn.org/program/1801100004,HIGH,UPDATE_REGISTRY_VALUE,FL_STAGE_STRUCTURED_PER_FIELD,Consistent with the faculty count falling from 18 to 9 while the census rose from 6 to 9.,YES_WAVE2
FL,1801100004,RISE-NEURO-0015,Broward Health Program (Adult Neurology); the program styles itself the 'Broward Health North Program' and the 'Broward Health Neurology Residency Program',Female Faculty Percent,27.80%,FREIDA 2026 field_pct_ft_female = 33.30%,CONFIRMED_CORRECTION,https://freida.ama-assn.org/program/1801100004,MEDIUM,UPDATE_REGISTRY_VALUE,FL_STAGE_STRUCTURED_PER_FIELD,Newer survey value.,YES_WAVE2
FL,1801100004,RISE-NEURO-0015,Broward Health Program (Adult Neurology); the program styles itself the 'Broward Health North Program' and the 'Broward Health Neurology Residency Program',Survey Received,2025-07-16,2026-07-21,CONFIRMED_CORRECTION,https://freida.ama-assn.org/program/1801100004,HIGH,UPDATE_REGISTRY_VALUE,FL_STAGE_STRUCTURED_PER_FIELD,"The single most consequential reconciliation. FREIDA's node--survey_2026 for this program carries field_date_received = 2026-07-21T00:00:00-05:00, twelve days after the registry release of 2026-07-09, so every FREIDA-derived registry field is potentially one cycle stale. This is the mechanism that had to be checked for the Step 2 policy-change pattern found in Wave 1 - and here it confirms rather ",YES_WAVE2
FL,1801100004,RISE-NEURO-0015,Broward Health Program (Adult Neurology); the program styles itself the 'Broward Health North Program' and the 'Broward Health Neurology Residency Program',FREIDA Last Updated,2026-02-19,FREIDA program node 'changed' 2026-08-20T01:18:01+00:00; survey node created/changed 2026-08-20,CONFIRMED_CORRECTION,https://freida.ama-assn.org/program/1801100004,HIGH,UPDATE_REGISTRY_VALUE,FL_STAGE_STRUCTURED_PER_FIELD,"The FREIDA record was revised in August 2026, after the registry snapshot.",YES_WAVE2
FL,1801100004,RISE-NEURO-0015,Broward Health Program (Adult Neurology); the program styles itself the 'Broward Health North Program' and the 'Broward Health Neurology Residency Program',US MD Step 2 Required / IMG Step 2 Required,Yes / Yes,"A passing Step 2 CK is required (must-have-passed), but Step 2 is NOT required for interview consideration and no minimum score is required",SEMANTIC_MISMATCH,https://freida.ama-assn.org/program/1801100004,HIGH,FIX_FIELD_SEMANTICS_OR_NULL_HANDLING,FL_STAGE_STRUCTURED_PER_FIELD,"The registry renders FREIDA's field_usmle_us_md_pass_ck / field_usmle_img_pass_ck ('must have passed') as 'Step 2 Required: Yes', while FREIDA's distinct fields field_usmle_step2_req_int (interview consideration) and field_usmle_step_2_required (minimum score required) are both false. Reading the registry's 'Yes' as a timing rule would wrongly turn this into a late-Step-2 risk program.",YES_WAVE2
FL,1801100004,RISE-NEURO-0015,Broward Health Program (Adult Neurology); the program styles itself the 'Broward Health North Program' and the 'Broward Health Neurology Residency Program',US MD Step 1 Required / IMG Step 1 Required,Yes / Yes,A passing Step 1 is required; field_usmle_step_1_required (minimum score) = false and field_usmle_step1_req_int = false,SEMANTIC_MISMATCH,https://freida.ama-assn.org/program/1801100004,HIGH,FIX_FIELD_SEMANTICS_OR_NULL_HANDLING,FL_STAGE_STRUCTURED_PER_FIELD,Same mapping issue as Step 2.,YES_WAVE2
FL,1801100004,RISE-NEURO-0015,Broward Health Program (Adult Neurology); the program styles itself the 'Broward Health North Program' and the 'Broward Health Neurology Residency Program',Resident Retreats,Yes,Not present in FREIDA's 2026 offerings checklist,GENUINE_SOURCE_CONFLICT,https://freida.ama-assn.org/program/1801100004,MEDIUM,PRESERVE_BOTH_PENDING_PRIMARY_CONFIRMATION,FL_STAGE_STRUCTURED_PER_FIELD,Either dropped between surveys or drawn from the 2025 survey; not currently supported.,YES_WAVE2
FL,1801100004,RISE-NEURO-0015,Broward Health Program (Adult Neurology); the program styles itself the 'Broward Health North Program' and the 'Broward Health Neurology Residency Program',Healthcare Economics Curriculum,Yes,Not present in FREIDA's 2026 offerings checklist,GENUINE_SOURCE_CONFLICT,https://freida.ama-assn.org/program/1801100004,MEDIUM,PRESERVE_BOTH_PENDING_PRIMARY_CONFIRMATION,FL_STAGE_STRUCTURED_PER_FIELD,Same pattern as Resident Retreats.,YES_WAVE2
FL,1801100004,RISE-NEURO-0015,Broward Health Program (Adult Neurology); the program styles itself the 'Broward Health North Program' and the 'Broward Health Neurology Residency Program',"Technology Allowance / Benefits ('iPads, tablets, etc., or technology allowance')",On-call meal allowance / listed among benefits,"FREIDA 2026 field_program_offers_2021 = Free parking; On-call meal allowance; Placement assistance upon completion of program into practice, fellowship or academia",SEMANTIC_MISMATCH,https://freida.ama-assn.org/program/1801100004,HIGH,FIX_FIELD_SEMANTICS_OR_NULL_HANDLING,FL_STAGE_STRUCTURED_PER_FIELD,"Two defects at once: the technology-allowance item is absent from the current survey, and the registry's 'Technology Allowance' and 'Educational Stipend' fields were both populated with the string 'On-call meal allowance', which is a mapping error rather than a finding.",YES_WAVE2
FL,1801100004,RISE-NEURO-0015,Broward Health Program (Adult Neurology); the program styles itself the 'Broward Health North Program' and the 'Broward Health Neurology Residency Program',Benefits (group life / disability / outpatient mental health / domestic partners),"Group life: Available, Not Paid By Institution; Disability: Available, Not Paid By Institution; Outpatient mental health: Institution & Resident Share Cost; Domestic partners: Institution & Resident Share Cost",FREIDA 2026: group life Fully Paid by Institution; disability Institution & Resident Share Cost; outpatient mental health Fully Paid by Institution; domestic partners Not Available,CONFIRMED_CORRECTION,https://freida.ama-assn.org/program/1801100004,HIGH,UPDATE_REGISTRY_VALUE,FL_STAGE_STRUCTURED_PER_FIELD,"Four codes changed between surveys, three improving and one - major medical for domestic partners moving from shared-cost to Not Available - materially worse.",YES_WAVE2
FL,1801100004,RISE-NEURO-0015,Broward Health Program (Adult Neurology); the program styles itself the 'Broward Health North Program' and the 'Broward Health Neurology Residency Program',Visa Sponsorship / J1 / H1B,J-1 through ECFMG / Yes / No,J-1 was required-eligibility per the program's July 2025 page; that statement was removed by October 2025 and FREIDA 2026 reports field_visa_status = [],STALE_REGISTRY_VALUE,http://web.archive.org/web/20250712005336/https://www.browardhealth.org/gme/training-programs/residency/neurology,MEDIUM,REFRESH_FROM_CURRENT_CYCLE,FL_STAGE_STRUCTURED_PER_FIELD,The registry's value is traceable to the 2025 survey and to the program's own then-published text. Nothing current supports or contradicts it; the program simply no longer publishes a visa position.,YES_WAVE2
FL,1801100004,RISE-NEURO-0015,Broward Health Program (Adult Neurology); the program styles itself the 'Broward Health North Program' and the 'Broward Health Neurology Residency Program',International Graduates / US Graduates,IMG 100.0%; US MD 0.0%; DO 0.0%,"Current named roster of 9: 0 US MD, 1 US DO, 3 Caribbean, 5 other IMG",CONFIRMED_CORRECTION,https://www.browardhealth.org/gme/training-programs/residency/neurology/residents,HIGH,UPDATE_REGISTRY_VALUE,FL_STAGE_STRUCTURED_PER_FIELD,"A U.S. osteopathic graduate is on the current PGY-1 roster, so DO = 0.0% is no longer true. The percentages describe the earlier six-resident cohort.",YES_WAVE2
FL,1801100004,RISE-NEURO-0015,Broward Health Program (Adult Neurology); the program styles itself the 'Broward Health North Program' and the 'Broward Health Neurology Residency Program',Resident Gender Female Percent / Male Percent,100.0% / 0.0%,"FREIDA 2026 repeats 100.0% / 0.0%, but these describe the pre-July-2026 cohort of six and cannot be verified against the current nine-resident roster without inferring gender from names, which was not done",INSUFFICIENT_EVIDENCE,https://freida.ama-assn.org/program/1801100004,LOW,NO_ACTION_INSUFFICIENT_EVIDENCE,FL_STAGE_STRUCTURED_PER_FIELD,Recorded as unverified on principle: no gender is inferred from any name.,YES_WAVE2
FL,1801100004,RISE-NEURO-0015,Broward Health Program (Adult Neurology); the program styles itself the 'Broward Health North Program' and the 'Broward Health Neurology Residency Program',Application Deadline,2025-12-31,Not published for the current cycle; FREIDA 2026 leaves field_application_period and field_latest_date_current_year null,STALE_REGISTRY_VALUE,https://freida.ama-assn.org/program/1801100004,HIGH,REFRESH_FROM_CURRENT_CYCLE,FL_STAGE_STRUCTURED_PER_FIELD,Prior-cycle value.,YES_WAVE2
FL,1801100004,RISE-NEURO-0015,Broward Health Program (Adult Neurology); the program styles itself the 'Broward Health North Program' and the 'Broward Health Neurology Residency Program',Applicant Interview Format / Interview Style,In Person,FREIDA 2026 field_interview_type = 1 (In Person) but the program's own live page says interviews 'will be conducted virtually throughout the application cycle',GENUINE_SOURCE_CONFLICT,https://www.browardhealth.org/gme/training-programs/residency/neurology,MEDIUM,PRESERVE_BOTH_PENDING_PRIMARY_CONFIRMATION,FL_STAGE_STRUCTURED_PER_FIELD,"The registry faithfully reproduces FREIDA; FREIDA and the program's website disagree, and have disagreed since at least July 2025.",YES_WAVE2
FL,1801100004,RISE-NEURO-0015,Broward Health Program (Adult Neurology); the program styles itself the 'Broward Health North Program' and the 'Broward Health Neurology Residency Program',Historical Interview Stats,2023: 20/null; 2024: 64/3,2023: 20/null; 2024: 64/3; 2025: 64/3,CONFIRMED_CORRECTION,https://freida.ama-assn.org/program/1801100004,HIGH,UPDATE_REGISTRY_VALUE,FL_STAGE_STRUCTURED_PER_FIELD,"The 2026 survey adds a third year, 2025 with 64 interviews for 3 first-year positions.",YES_WAVE2
FL,1801100004,RISE-NEURO-0015,Broward Health Program (Adult Neurology); the program styles itself the 'Broward Health North Program' and the 'Broward Health Neurology Residency Program',Maximum Consecutive Hours First Year,14,FREIDA 2026 field_max_hours_on_duty_y1 = 16,CONFIRMED_CORRECTION,https://freida.ama-assn.org/program/1801100004,HIGH,UPDATE_REGISTRY_VALUE,FL_STAGE_STRUCTURED_PER_FIELD,Newer survey value.,YES_WAVE2
FL,1801100004,RISE-NEURO-0015,Broward Health Program (Adult Neurology); the program styles itself the 'Broward Health North Program' and the 'Broward Health Neurology Residency Program',Board Certification Pass Rate Evaluation,Yes,"A FREIDA program-evaluation methodology checkbox ('Graduates' board certification pass rates'), not a pass rate - and the program has no graduates",SEMANTIC_MISMATCH,https://freida.ama-assn.org/program/1801100004,HIGH,FIX_FIELD_SEMANTICS_OR_NULL_HANDLING,FL_STAGE_STRUCTURED_PER_FIELD,Flagged because a reader could easily take this as evidence that board results exist for a program that will not graduate anyone until June 2028.,YES_WAVE2
FL,1801100005,RISE-NEURO-0056,"HCA Florida Healthcare/Kendall Hospital Program - Neurology Residency Program, HCA Florida Kendall Hospital",Program Name,HCA Florida Healthcare Program,"HCA Florida Healthcare/Kendall Hospital Program (FREIDA current node title); 'Neurology Residency Program, HCA Florida Kendall Hospital' (program's own site); 'Neurology/Kendall' (NRMP track name)",CONFIRMED_CORRECTION,https://freida.ama-assn.org/program/1801100005,HIGH,UPDATE_REGISTRY_VALUE,FL_STAGE_STRUCTURED_PER_FIELD,"The registry name identifies the system and no hospital, which is the exact hazard this ticket was built around. FREIDA's own node title was updated to include 'Kendall Hospital'. All three specific names agree on Kendall.",YES_WAVE2
FL,1801100005,RISE-NEURO-0056,"HCA Florida Healthcare/Kendall Hospital Program - Neurology Residency Program, HCA Florida Kendall Hospital",Institution,HCA Florida Healthcare,"Sponsoring system HCA Florida Healthcare (FREIDA institution 110180); sponsoring GME entity 'HCA Healthcare East FL Division GME-FL', NRMP institution code 2232; primary teaching hospital HCA Florida Kendall Hospital (FREIDA institution 119100)",SEMANTIC_MISMATCH,https://programdirectory.nrmp.org/hca-healthcare-east-fl-division-gme-fl-2232180c1/,HIGH,FIX_FIELD_SEMANTICS_OR_NULL_HANDLING,FL_STAGE_STRUCTURED_PER_FIELD,The registry stores the system where a reader expects the teaching hospital. Both are true at different levels; the distinction is what separates this program from its two siblings.,YES_WAVE2
FL,1801100005,RISE-NEURO-0056,"HCA Florida Healthcare/Kendall Hospital Program - Neurology Residency Program, HCA Florida Kendall Hospital",Hospital,11750 SW 40th St,"HCA Florida Kendall Hospital, 11750 SW 40th St, Miami FL 33175",SEMANTIC_MISMATCH,https://hcahealthcaregme.com/locations/hca-florida-kendall-hospital/neurology-residency-program,HIGH,FIX_FIELD_SEMANTICS_OR_NULL_HANDLING,FL_STAGE_STRUCTURED_PER_FIELD,"The registry's Hospital field contains a street address, not a hospital name. The address is correct and is Kendall's.",YES_WAVE2
FL,1801100005,RISE-NEURO-0056,"HCA Florida Healthcare/Kendall Hospital Program - Neurology Residency Program, HCA Florida Kendall Hospital",Program Website,https://hcahealthcaregme.com/locations/hca-florida-kendall-hospital/,https://hcahealthcaregme.com/locations/hca-florida-kendall-hospital/neurology-residency-program,CONFIRMED_CORRECTION,https://hcahealthcaregme.com/locations/hca-florida-kendall-hospital/neurology-residency-program,HIGH,UPDATE_REGISTRY_VALUE,FL_STAGE_STRUCTURED_PER_FIELD,"The registry stores the hospital's GME landing page, not the neurology program page. The program page is where the ACGME ID, NRMP code, salary table, FAQ and rotation grid actually live.",YES_WAVE2
FL,1801100005,RISE-NEURO-0056,"HCA Florida Healthcare/Kendall Hospital Program - Neurology Residency Program, HCA Florida Kendall Hospital",Total Residents,12,Approved complement 12. Actual census not established (no public roster).,COMPLEMENT_VS_CENSUS,https://hcahealthcaregme.com/locations/hca-florida-kendall-hospital/neurology-residency-program/curriculum.dot,HIGH,SPLIT_INTO_TWO_FIELDS,FL_STAGE_STRUCTURED_PER_FIELD,"12 is the approved complement, confirmed by FREIDA field_total_positions and by the program's own 'Categorical four-year program with 3 residents per year (12 total)'. It is not a head count and was not used as a roster denominator.",YES_WAVE2
FL,1801100005,RISE-NEURO-0056,"HCA Florida Healthcare/Kendall Hospital Program - Neurology Residency Program, HCA Florida Kendall Hospital",Current Residents PGY1/PGY2/PGY3,3 / 3 / 3,"Not establishable. This field does not exist in either FREIDA survey payload retrieved (survey_2025 or survey_2026), so its provenance could not be confirmed.",INSUFFICIENT_EVIDENCE,https://freida.ama-assn.org/program/1801100005,LOW,NO_ACTION_INSUFFICIENT_EVIDENCE,FL_STAGE_STRUCTURED_PER_FIELD,Its three-PGY-level shape (no PGY-4) is at least consistent with a first class entering July 2024 and roughly 9 residents in training during AY2026-27. But it is not a FREIDA census field and it is not treated as a census.,YES_WAVE2
FL,1801100005,RISE-NEURO-0056,"HCA Florida Healthcare/Kendall Hospital Program - Neurology Residency Program, HCA Florida Kendall Hospital",Salary PGY1/2/3/4,63149 / 65354 / 67642 / 71032,"AY2026-27 published by the program: 65042 / 67309 / 69659 / 73133, each plus a $950 annual on-call meal stipend",STALE_REGISTRY_VALUE,https://hcahealthcaregme.com/locations/hca-florida-kendall-hospital/neurology-residency-program,HIGH,REFRESH_FROM_CURRENT_CYCLE,FL_STAGE_STRUCTURED_PER_FIELD,"Registry figures match FREIDA's field_graduate_year_statistics, which still carries AY2025-26. A three-point timeline proves the staleness: the 9 July 2025 archived page showed 61318/63461/65686/68973, the registry shows the middle year, and the live page shows AY2026-27.",YES_WAVE2
FL,1801100005,RISE-NEURO-0056,"HCA Florida Healthcare/Kendall Hospital Program - Neurology Residency Program, HCA Florida Kendall Hospital",Salary Paid By,Non-profit institution,NOT a non-profit institution. FREIDA field_salary_paid_nonprofit = 'No' in BOTH survey cycles. HCA Healthcare is for-profit and publicly traded.,SEMANTIC_MISMATCH,http://web.archive.org/web/20260317161553id_/https://freida.ama-assn.org/program/1801100005,HIGH,FIX_FIELD_SEMANTICS_OR_NULL_HANDLING,FL_STAGE_STRUCTURED_PER_FIELD,The registry appears to have printed the field label as the value. Independently corroborated by the program's own 'Employee Stock Purchase Plan' benefit.,YES_WAVE2
FL,1801100005,RISE-NEURO-0056,"HCA Florida Healthcare/Kendall Hospital Program - Neurology Residency Program, HCA Florida Kendall Hospital",US MD Step 1 Required / IMG Step 1 Required / DO Step 1 Required,Yes / Yes / Yes,FREIDA field_usmle_step_1_required = false in both cycles; field_usmle_step1_req_int = false; no minimum score published,SEMANTIC_MISMATCH,http://web.archive.org/web/20260317161553id_/https://freida.ama-assn.org/program/1801100005,HIGH,FIX_FIELD_SEMANTICS_OR_NULL_HANDLING,FL_STAGE_STRUCTURED_PER_FIELD,FREIDA's actual 'required' fields were false in the very survey the registry read. The registry appears to have mapped the '<exam> passed' preference fields onto a 'Required' label. A material defect: it makes the program look as though it imposes a requirement it has never published.,YES_WAVE2
FL,1801100005,RISE-NEURO-0056,"HCA Florida Healthcare/Kendall Hospital Program - Neurology Residency Program, HCA Florida Kendall Hospital",US MD Step 2 Required / IMG Step 2 Required / DO Step 2 Required,Yes / Yes / Yes,FREIDA field_usmle_step_2_required = false in both cycles; field_usmle_step2_req_int = false; no minimum score published,SEMANTIC_MISMATCH,http://web.archive.org/web/20260317161553id_/https://freida.ama-assn.org/program/1801100005,HIGH,FIX_FIELD_SEMANTICS_OR_NULL_HANDLING,FL_STAGE_STRUCTURED_PER_FIELD,Same defect pattern as Step 1. This is the single most consequential registry error in this row for an applicant with a pending Step 2 result.,YES_WAVE2
FL,1801100005,RISE-NEURO-0056,"HCA Florida Healthcare/Kendall Hospital Program - Neurology Residency Program, HCA Florida Kendall Hospital",Step Preferences,US MD Step 1 passed: Yes; US MD Step 2 passed: Yes; IMG Step 1 passed: Yes; IMG Step 2 passed: Yes,Step 1 passed still Yes for both; Step 2 CK passed now NO for both (field_usmle_us_md_pass_ck and field_usmle_img_pass_ck moved true -> false between the survey received 2025-07-16 and the survey received 2026-06-16),CONFIRMED_CORRECTION,https://freida.ama-assn.org/program/1801100005,HIGH,UPDATE_REGISTRY_VALUE,FL_STAGE_STRUCTURED_PER_FIELD,"The registry faithfully reflected the older survey. The newer survey, published to FREIDA on 2026-08-20 (after the 2026-07-09 registry release), loosens the Step 2 CK preference. A genuine cycle-over-cycle change, not a defect.",YES_WAVE2
FL,1801100005,RISE-NEURO-0056,"HCA Florida Healthcare/Kendall Hospital Program - Neurology Residency Program, HCA Florida Kendall Hospital",Medical School Graduation Timeline,2,"5 years (field_years_since_graduation = 5), plus a stated gap condition 'Clinical experience in the US or outside the US'",CONFIRMED_CORRECTION,https://freida.ama-assn.org/program/1801100005,HIGH,UPDATE_REGISTRY_VALUE,FL_STAGE_STRUCTURED_PER_FIELD,More than doubled between cycles. Neither value constrains a June 2027 senior.,YES_WAVE2
FL,1801100005,RISE-NEURO-0056,"HCA Florida Healthcare/Kendall Hospital Program - Neurology Residency Program, HCA Florida Kendall Hospital",Moonlighting,Yes,No - field_allows_moonlighting moved true -> false between cycles,CONFIRMED_CORRECTION,https://freida.ama-assn.org/program/1801100005,HIGH,UPDATE_REGISTRY_VALUE,FL_STAGE_STRUCTURED_PER_FIELD,"A real reversal in the newer survey, not a mapping error.",YES_WAVE2
FL,1801100005,RISE-NEURO-0056,"HCA Florida Healthcare/Kendall Hospital Program - Neurology Residency Program, HCA Florida Kendall Hospital",Program Status,FREIDA: accepting current year; accepting next year,CONFLICT. FREIDA's newer survey sets accepting_next_year = FALSE; the live NRMP directory entry (2026-09-12) says Program Status 'Active' and 'participating in the Match'.,GENUINE_SOURCE_CONFLICT,https://programdirectory.nrmp.org/hca-healthcare-east-fl-division-gme-fl-2232180c1/,MEDIUM,PRESERVE_BOTH_PENDING_PRIMARY_CONFIRMATION,FL_STAGE_STRUCTURED_PER_FIELD,"The registry faithfully reflected the older survey, in which both were true. The newer survey disagrees with NRMP. Weighted toward NRMP but preserved as an open conflict requiring direct confirmation.",YES_WAVE2
FL,1801100005,RISE-NEURO-0056,"HCA Florida Healthcare/Kendall Hospital Program - Neurology Residency Program, HCA Florida Kendall Hospital",Program Faculty Count,22,"20 physician faculty (field_total_physician), 0 non-physician",CONFIRMED_CORRECTION,https://freida.ama-assn.org/program/1801100005,HIGH,UPDATE_REGISTRY_VALUE,FL_STAGE_STRUCTURED_PER_FIELD,"Down two between cycles. Note that only 5 faculty are actually named publicly, so neither number is a verifiable roster.",YES_WAVE2
FL,1801100005,RISE-NEURO-0056,"HCA Florida Healthcare/Kendall Hospital Program - Neurology Residency Program, HCA Florida Kendall Hospital",Faculty Resident Ratio,1.80:1,1.70:1,CONFIRMED_CORRECTION,https://freida.ama-assn.org/program/1801100005,HIGH,UPDATE_REGISTRY_VALUE,FL_STAGE_STRUCTURED_PER_FIELD,Consistent with the faculty count dropping from 22 to 20 against an unchanged complement.,YES_WAVE2
FL,1801100005,RISE-NEURO-0056,"HCA Florida Healthcare/Kendall Hospital Program - Neurology Residency Program, HCA Florida Kendall Hospital",Female Faculty Percent,27.30%,"Not establishable. field_pct_ft_female moved 27.30 -> 0.00, and 0.00 cannot be true because the program director is a woman and a faculty member.",STALE_REGISTRY_VALUE,https://freida.ama-assn.org/program/1801100005,MEDIUM,REFRESH_FROM_CURRENT_CYCLE,FL_STAGE_STRUCTURED_PER_FIELD,"A FREIDA null-sentinel-as-zero case, internally disproved by the program's own faculty page. The registry's 27.30% is marked stale rather than replaced by a false zero.",YES_WAVE2
FL,1801100005,RISE-NEURO-0056,"HCA Florida Healthcare/Kendall Hospital Program - Neurology Residency Program, HCA Florida Kendall Hospital",Interviews Conducted Last Year / Interviews Per First Year Position,40 / 13.3:1,60 / 20:1 for the 2025 cycle,STALE_REGISTRY_VALUE,https://freida.ama-assn.org/program/1801100005,HIGH,REFRESH_FROM_CURRENT_CYCLE,FL_STAGE_STRUCTURED_PER_FIELD,"field_historical_interview_stats in the newer survey adds the 2025 row (60 interviews, 3 positions). The registry's own Historical Interview Stats row ('2023: 0/null; 2024: 40/3') is confirmed as far as it goes and is simply one cycle short.",YES_WAVE2
FL,1801100005,RISE-NEURO-0056,"HCA Florida Healthcare/Kendall Hospital Program - Neurology Residency Program, HCA Florida Kendall Hospital",Applicant Interview Format,Hybrid,"Changed. FREIDA field_interview_type moved 3 -> 1. The registry rendered code 3 as 'Hybrid', so code 1 is a different format; the new label is not decodable from the payload.",CONFIRMED_CORRECTION,https://freida.ama-assn.org/program/1801100005,LOW,UPDATE_REGISTRY_VALUE,FL_STAGE_STRUCTURED_PER_FIELD,Recorded as a change with the raw codes preserved rather than guessed at. Applicants should confirm the format directly.,YES_WAVE2
FL,1801100005,RISE-NEURO-0056,"HCA Florida Healthcare/Kendall Hospital Program - Neurology Residency Program, HCA Florida Kendall Hospital",Minimum LOR / Maximum LOR,1 / 4,No longer published - field_min_letters_req and field_max_letters_req are both null in the newer survey. A faculty letter remains required (field_faculty_letter = true).,STALE_REGISTRY_VALUE,https://freida.ama-assn.org/program/1801100005,MEDIUM,REFRESH_FROM_CURRENT_CYCLE,FL_STAGE_STRUCTURED_PER_FIELD,"The registry faithfully reflected survey_2025's 1 and 4. The newer survey blanks both fields, which is one of several administrative blanks in that survey.",YES_WAVE2
FL,1801100005,RISE-NEURO-0056,"HCA Florida Healthcare/Kendall Hospital Program - Neurology Residency Program, HCA Florida Kendall Hospital",Integrative Medicine Curriculum,Yes,No - 'Integrative medicine curriculum' was dropped from field_resident_fellow_offer_2019 in the newer survey,CONFIRMED_CORRECTION,https://freida.ama-assn.org/program/1801100005,HIGH,UPDATE_REGISTRY_VALUE,FL_STAGE_STRUCTURED_PER_FIELD,"Present in survey_2025, absent from survey_2026.",YES_WAVE2
FL,1801100005,RISE-NEURO-0056,"HCA Florida Healthcare/Kendall Hospital Program - Neurology Residency Program, HCA Florida Kendall Hospital",OSCE Assessment Evaluation,Yes,"Superseded - the performance-based/OSCE item was removed from field_program_evaluation_2019 in the newer survey, which now reads ['Aggregate resident Milestone achievements', ""Graduates' board certification pass rates""]",CONFIRMED_CORRECTION,https://freida.ama-assn.org/program/1801100005,HIGH,UPDATE_REGISTRY_VALUE,FL_STAGE_STRUCTURED_PER_FIELD,"Note the replacement item is a self-evaluation METHOD, not evidence that graduates exist.",YES_WAVE2
FL,1801100005,RISE-NEURO-0056,"HCA Florida Healthcare/Kendall Hospital Program - Neurology Residency Program, HCA Florida Kendall Hospital",Board Certification Pass Rate Evaluation,No,"Superseded to Yes as a stated self-evaluation method. Separately, there is NO program board pass rate, because there are no graduates.",CONFIRMED_CORRECTION,https://freida.ama-assn.org/program/1801100005,HIGH,UPDATE_REGISTRY_VALUE,FL_STAGE_STRUCTURED_PER_FIELD,Two different things must not be conflated: the program now says it uses graduates' board pass rates to evaluate itself; it has no graduates and no published rate.,YES_WAVE2
FL,1801100005,RISE-NEURO-0056,"HCA Florida Healthcare/Kendall Hospital Program - Neurology Residency Program, HCA Florida Kendall Hospital",Placement Assistance,"Placement assistance upon completion of program into practice, fellowship or academia","Dropped - field_program_offers_2021 in the newer survey lists only free parking, on-call meal allowance and a technology allowance",CONFIRMED_CORRECTION,https://freida.ama-assn.org/program/1801100005,HIGH,UPDATE_REGISTRY_VALUE,FL_STAGE_STRUCTURED_PER_FIELD,"Removed between cycles, which is worth noting for an applicant relying on placement support at a program with no placement record.",YES_WAVE2
FL,1801100005,RISE-NEURO-0056,"HCA Florida Healthcare/Kendall Hospital Program - Neurology Residency Program, HCA Florida Kendall Hospital",Group Life Insurance,"Available, Not Paid By Institution",Institution & Resident Share Cost,CONFIRMED_CORRECTION,https://freida.ama-assn.org/program/1801100005,HIGH,UPDATE_REGISTRY_VALUE,FL_STAGE_STRUCTURED_PER_FIELD,Changed between cycles.,YES_WAVE2
FL,1801100005,RISE-NEURO-0056,"HCA Florida Healthcare/Kendall Hospital Program - Neurology Residency Program, HCA Florida Kendall Hospital",Family Medical Leave Paid Days,20,"6 weeks of paid medical, parental and caregiver leave, published by the program itself; FREIDA's field_leave_paid is null in the newer survey",CONFIRMED_CORRECTION,https://hcahealthcaregme.com/locations/hca-florida-kendall-hospital/neurology-residency-program,HIGH,UPDATE_REGISTRY_VALUE,FL_STAGE_STRUCTURED_PER_FIELD,The program's own written policy is both more generous and more specific than the registry's 20 days.,YES_WAVE2
FL,1801100005,RISE-NEURO-0056,"HCA Florida Healthcare/Kendall Hospital Program - Neurology Residency Program, HCA Florida Kendall Hospital",Hospital Outpatient Percent / Non Hospital Ambulatory Care Percent,NGO / NGO,0 percent hospital outpatient; 10 percent non-hospital ambulatory,CONFIRMED_CORRECTION,https://freida.ama-assn.org/program/1801100005,HIGH,UPDATE_REGISTRY_VALUE,FL_STAGE_STRUCTURED_PER_FIELD,The registry's NGO rendering was correct handling of FREIDA's 999 sentinel in survey_2025. The newer survey replaces both sentinels with real numbers.,YES_WAVE2
FL,1801100005,RISE-NEURO-0056,"HCA Florida Healthcare/Kendall Hospital Program - Neurology Residency Program, HCA Florida Kendall Hospital",Survey Received / FREIDA Last Updated,2025-07-16 / 2026-02-19,"A NEWER survey exists: field_date_received 2026-06-16, node changed 2026-08-20",CONFIRMED_CORRECTION,https://freida.ama-assn.org/program/1801100005,HIGH,UPDATE_REGISTRY_VALUE,FL_STAGE_STRUCTURED_PER_FIELD,"This is the structural finding behind most rows above. The newer survey was received before the 2026-07-09 registry release but only published into FREIDA on 2026-08-20, which is why the registry could not have carried it. Recovering the registry's own substrate (survey_2025) from the Internet Archive is what allowed every discrepancy to be attributed either to a real change or to a registry mappi",YES_WAVE2
FL,1801100008,RISE-NEURO-0002,AdventHealth Orlando Neurology Residency Program (registry: 'AdventHealth Florida Program'),Program Name,AdventHealth Florida Program,AdventHealth Orlando Neurology Residency Program (sponsor: AdventHealth Florida; primary teaching site: AdventHealth Orlando),SEMANTIC_MISMATCH,https://www.adventhealth.com/adventhealth-graduate-medical-education/neurology-residency-program-orlando,HIGH,FIX_FIELD_SEMANTICS_OR_NULL_HANDLING,FL_STAGE_STRUCTURED_PER_FIELD,"The registry name is the ACGME sponsoring-institution name, not the hospital or program name. Resolved to hospital level on the program's own page and on FREIDA's institution relationships.",YES_WAVE3
FL,1801100008,RISE-NEURO-0002,AdventHealth Orlando Neurology Residency Program (registry: 'AdventHealth Florida Program'),Institution,AdventHealth Florida,"AdventHealth Florida (ACGME sponsoring institution) and AdventHealth Orlando (ACGME institution / FREIDA primary teaching site, 601 E Rollins St)",SEMANTIC_MISMATCH,"https://freida-admin.ama-assn.org/api/node/program?include=field_image.field_media_image,field_specialty,field_survey,field_survey.field_program_director,field_survey.field_program_contact,field_survey.field_primary_teaching_site,field_institution,field_participant_institution,field_sponsor_institut",HIGH,FIX_FIELD_SEMANTICS_OR_NULL_HANDLING,FL_STAGE_STRUCTURED_PER_FIELD,"FREIDA distinguishes field_sponsor_institution (AdventHealth Florida, institution_id 110513) from field_institution and field_primary_teaching_site (AdventHealth Orlando, institution_id 110550). The registry stores only the sponsor.",YES_WAVE3
FL,1801100008,RISE-NEURO-0002,AdventHealth Orlando Neurology Residency Program (registry: 'AdventHealth Florida Program'),Hospital,AdventHealth Florida,"AdventHealth Orlando (formerly Florida Hospital Orlando), 601 East Rollins Street, Orlando, FL 32803",CONFIRMED_CORRECTION,https://www.adventhealth.com/adventhealth-graduate-medical-education/neurology-residency-program-orlando,HIGH,UPDATE_REGISTRY_VALUE,FL_STAGE_STRUCTURED_PER_FIELD,The program's own page names 'Our Primary Clinical Site: AdventHealth Orlando - Formerly known as Florida Hospital Orlando'.,YES_WAVE3
FL,1801100008,RISE-NEURO-0002,AdventHealth Orlando Neurology Residency Program (registry: 'AdventHealth Florida Program'),Program Status,FREIDA: not accepting current year; accepting next year,"FREIDA 2026: field_accepting_current_year=true, field_accepting_next_year=false; NRMP directory status 'Active - The program track is participating in the Match'",CONFIRMED_CORRECTION,https://freida.ama-assn.org/program/1801100008,MEDIUM,UPDATE_REGISTRY_VALUE,FL_STAGE_STRUCTURED_PER_FIELD,"Both FREIDA flags inverted between cycles. FREIDA's 'current' versus 'next' year semantics shift cycle to cycle, so this is treated as superseded and cycle-ambiguous rather than as a change in recruiting status. NRMP independently confirms the track is Active and participating.",YES_WAVE3
FL,1801100008,RISE-NEURO-0002,AdventHealth Orlando Neurology Residency Program (registry: 'AdventHealth Florida Program'),Total Residents,16,Approved complement 16; actual current census not published,COMPLEMENT_VS_CENSUS,https://freida.ama-assn.org/program/1801100008,HIGH,SPLIT_INTO_TWO_FIELDS,FL_STAGE_STRUCTURED_PER_FIELD,"FREIDA field_total_positions=16 with field_program_size=[4,4,4,4] over a 4-year accredited length. This is the approved complement and must not be used as a roster denominator.",YES_WAVE3
FL,1801100008,RISE-NEURO-0002,AdventHealth Orlando Neurology Residency Program (registry: 'AdventHealth Florida Program'),Current Residents PGY1/PGY2/PGY3,4 / 4 / 4,Not established; no census is published and the values do not reconcile with the program's documented age,COMPLEMENT_VS_CENSUS,https://web.archive.org/web/20250113005601/https://www.adventhealth.com/adventhealth-graduate-medical-education,MEDIUM,SPLIT_INTO_TWO_FIELDS,FL_STAGE_STRUCTURED_PER_FIELD,"'Neurology' appears nowhere on AdventHealth's own GME landing page in Internet Archive captures through 2025-01-13, the program page was first archived 2025-05-17, FREIDA created the program node 2025-06-28 and holds exactly one survey cycle - so three classes could not have been in post in July 2025. Treated as complement echoed into census fields.",YES_WAVE3
FL,1801100008,RISE-NEURO-0002,AdventHealth Orlando Neurology Residency Program (registry: 'AdventHealth Florida Program'),Salary PGY1 / PGY2 / PGY3 / PGY4,66716 / 69402 / 71989 / 75505,69394 / 72188 / 74879 / 78536 (academic year 2026-2027),STALE_REGISTRY_VALUE,https://www.adventhealth.com/adventhealth-graduate-medical-education/gme-compenstation-benefits,HIGH,REFRESH_FROM_CURRENT_CYCLE,FL_STAGE_STRUCTURED_PER_FIELD,Two independent primary sources agree on the new figures: AdventHealth's official GME Compensation and Benefits page (AY2026-2027 table) and FREIDA 2026 field_graduate_year_statistics. The registry values are one cycle old.,YES_WAVE3
FL,1801100008,RISE-NEURO-0002,AdventHealth Orlando Neurology Residency Program (registry: 'AdventHealth Florida Program'),Vacation,20,"20 paid days off (PDO) annually, inclusive of sick time, vacation time, holidays and personal days",SEMANTIC_MISMATCH,https://www.adventhealth.com/adventhealth-graduate-medical-education/gme-compenstation-benefits,HIGH,FIX_FIELD_SEMANTICS_OR_NULL_HANDLING,FL_STAGE_STRUCTURED_PER_FIELD,"FREIDA's paid_vacation field records 20 at every level, but the official benefits page defines those 20 days as the total PTO pool, not vacation on top of sick leave and holidays. Material to an applicant.",YES_WAVE3
FL,1801100008,RISE-NEURO-0002,AdventHealth Orlando Neurology Residency Program (registry: 'AdventHealth Florida Program'),Moonlighting,Yes,No - FREIDA 2026 field_allows_moonlighting=false,CONFIRMED_CORRECTION,https://freida.ama-assn.org/program/1801100008,HIGH,UPDATE_REGISTRY_VALUE,FL_STAGE_STRUCTURED_PER_FIELD,Reversed on the newer survey cycle.,YES_WAVE3
FL,1801100008,RISE-NEURO-0002,AdventHealth Orlando Neurology Residency Program (registry: 'AdventHealth Florida Program'),Night Float,No,"Yes - FREIDA 2026 field_night_float=true and field_night_float_y1=true (night float used, including in PGY-1)",CONFIRMED_CORRECTION,https://freida.ama-assn.org/program/1801100008,HIGH,UPDATE_REGISTRY_VALUE,FL_STAGE_STRUCTURED_PER_FIELD,Reversed on the newer survey cycle.,YES_WAVE3
FL,1801100008,RISE-NEURO-0002,AdventHealth Orlando Neurology Residency Program (registry: 'AdventHealth Florida Program'),Call Schedule,Year 1: $,"No usable value - FREIDA 2026 field_call_schedule=[{'N/A'},{'N/A'},{'N/A'},{'N/A'}] and field_beeper_home_call=[99,99,99,99]",SEMANTIC_MISMATCH,https://freida.ama-assn.org/program/1801100008,HIGH,FIX_FIELD_SEMANTICS_OR_NULL_HANDLING,FL_STAGE_STRUCTURED_PER_FIELD,The registry string is a rendering artefact of a null/N-A array and carries no information. 99 is a FREIDA sentinel.,YES_WAVE3
FL,1801100008,RISE-NEURO-0002,AdventHealth Orlando Neurology Residency Program (registry: 'AdventHealth Florida Program'),Program Faculty Count,0,12 full-time paid physician faculty (FREIDA 2026 field_total_physician=12); 9 publicly named on the program page,SEMANTIC_MISMATCH,https://freida.ama-assn.org/program/1801100008,HIGH,FIX_FIELD_SEMANTICS_OR_NULL_HANDLING,FL_STAGE_STRUCTURED_PER_FIELD,"Classic FREIDA null-sentinel defect in the registry, now resolved by the newer survey cycle. The 9-versus-12 gap is a separate, genuine publication gap.",YES_WAVE3
FL,1801100008,RISE-NEURO-0002,AdventHealth Orlando Neurology Residency Program (registry: 'AdventHealth Florida Program'),Faculty Distribution,Physicians: 0; non-physicians: 0,Physicians 12; non-physicians 0; part-time paid physicians 0; 50.00 percent of full-time paid physician faculty female,SEMANTIC_MISMATCH,https://freida.ama-assn.org/program/1801100008,HIGH,FIX_FIELD_SEMANTICS_OR_NULL_HANDLING,FL_STAGE_STRUCTURED_PER_FIELD,Same sentinel defect. The non-physician count of 0 happens to be correct.,YES_WAVE3
FL,1801100008,RISE-NEURO-0002,AdventHealth Orlando Neurology Residency Program (registry: 'AdventHealth Florida Program'),Faculty Resident Ratio,0.00:1,0.80:1 (FREIDA 2026 field_ratio_ft_faculty='0.80'),SEMANTIC_MISMATCH,https://freida.ama-assn.org/program/1801100008,HIGH,FIX_FIELD_SEMANTICS_OR_NULL_HANDLING,FL_STAGE_STRUCTURED_PER_FIELD,"Same sentinel defect. Note 12/16 = 0.75 while 12/15 = 0.80, so FREIDA's own denominator for this ratio is not transparent; the value is reported as FREIDA states it and no census was inferred from it.",YES_WAVE3
FL,1801100008,RISE-NEURO-0002,AdventHealth Orlando Neurology Residency Program (registry: 'AdventHealth Florida Program'),Minimum LOR,3,"Minimum 2, maximum 4 (FREIDA 2026 field_min_letters_req=2, field_max_letters_req=4)",CONFIRMED_CORRECTION,https://freida.ama-assn.org/program/1801100008,HIGH,UPDATE_REGISTRY_VALUE,FL_STAGE_STRUCTURED_PER_FIELD,Lowered on the newer cycle.,YES_WAVE3
FL,1801100008,RISE-NEURO-0002,AdventHealth Orlando Neurology Residency Program (registry: 'AdventHealth Florida Program'),Required Away Rotations,Yes,No - FREIDA 2026 field_next_away_rotation_in=false,GENUINE_SOURCE_CONFLICT,https://freida.ama-assn.org/program/1801100008,MEDIUM,PRESERVE_BOTH_PENDING_PRIMARY_CONFIRMATION,FL_STAGE_STRUCTURED_PER_FIELD,Reversed between consecutive FREIDA cycles; both values preserved in conflicts[].,YES_WAVE3
FL,1801100008,RISE-NEURO-0002,AdventHealth Orlando Neurology Residency Program (registry: 'AdventHealth Florida Program'),Interviews Conducted Last Year,70,"88 (FREIDA 2026 field_interviews_conducted=88, for the 2025 recruitment cycle)",STALE_REGISTRY_VALUE,https://freida.ama-assn.org/program/1801100008,HIGH,REFRESH_FROM_CURRENT_CYCLE,FL_STAGE_STRUCTURED_PER_FIELD,"FREIDA 2026 field_historical_interview_stats now shows [{2024, 70 interviews, no positions figure},{2025, 88 interviews, 4 first-year positions}].",YES_WAVE3
FL,1801100008,RISE-NEURO-0002,AdventHealth Orlando Neurology Residency Program (registry: 'AdventHealth Florida Program'),Interviews Per First Year Position,17.5:1,22.0:1 (88 interviews / 4 positions),STALE_REGISTRY_VALUE,https://freida.ama-assn.org/program/1801100008,HIGH,REFRESH_FROM_CURRENT_CYCLE,FL_STAGE_STRUCTURED_PER_FIELD,Recomputed on the newer interview count.,YES_WAVE3
FL,1801100008,RISE-NEURO-0002,AdventHealth Orlando Neurology Residency Program (registry: 'AdventHealth Florida Program'),Historical Interview Stats,2024: 70/null,2024: 70/null and 2025: 88/4,STALE_REGISTRY_VALUE,https://freida.ama-assn.org/program/1801100008,HIGH,REFRESH_FROM_CURRENT_CYCLE,FL_STAGE_STRUCTURED_PER_FIELD,"One additional cycle now present. Only the 2025 entry carries a positions figure, which bears on the first-class dating question.",YES_WAVE3
FL,1801100008,RISE-NEURO-0002,AdventHealth Orlando Neurology Residency Program (registry: 'AdventHealth Florida Program'),Step 3 or COMLEX Level 3 Support,No,Yes - FREIDA 2026 field_resident_fellow_offer_2019 includes 'Academic support for USMLE Step 3 preparation'; the GME benefits page adds 'USMLE Step III registration fees covered',CONFIRMED_CORRECTION,https://freida.ama-assn.org/program/1801100008,HIGH,UPDATE_REGISTRY_VALUE,FL_STAGE_STRUCTURED_PER_FIELD,Reversed on the newer cycle and independently corroborated on the official benefits page.,YES_WAVE3
FL,1801100008,RISE-NEURO-0002,AdventHealth Orlando Neurology Residency Program (registry: 'AdventHealth Florida Program'),Hospital Outpatient Percent,NGO,8 percent (FREIDA 2026 field_training_outpatient_clinic=8),CONFIRMED_CORRECTION,https://freida.ama-assn.org/program/1801100008,MEDIUM,UPDATE_REGISTRY_VALUE,FL_STAGE_STRUCTURED_PER_FIELD,The prior cycle carried FREIDA's 999 'Negotiable' sentinel; the 2026 cycle supplies a real value.,YES_WAVE3
FL,1801100008,RISE-NEURO-0002,AdventHealth Orlando Neurology Residency Program (registry: 'AdventHealth Florida Program'),Application Deadline,2025-10-31,Not established for the 2026-27 cycle; no date published on the program's pages and none in FREIDA's 2026 payload,STALE_REGISTRY_VALUE,https://www.adventhealth.com/adventhealth-graduate-medical-education/neurology-residency-program-orlando,MEDIUM,REFRESH_FROM_CURRENT_CYCLE,FL_STAGE_STRUCTURED_PER_FIELD,Prior-cycle value. Must be confirmed in ERAS.,YES_WAVE3
FL,1801100008,RISE-NEURO-0002,AdventHealth Orlando Neurology Residency Program (registry: 'AdventHealth Florida Program'),Research Rotation,Optional,"FREIDA 2026 still 'Optional' with duration 0, but the program's published block grid assigns one Research block in PGY-3 and one in PGY-4",GENUINE_SOURCE_CONFLICT,https://www.adventhealth.com/adventhealth-graduate-medical-education/neurology-residency-program-orlando,MEDIUM,PRESERVE_BOTH_PENDING_PRIMARY_CONFIRMATION,FL_STAGE_STRUCTURED_PER_FIELD,FREIDA self-report versus the program's own curriculum page; both preserved.,YES_WAVE3
FL,1801100008,RISE-NEURO-0002,AdventHealth Orlando Neurology Residency Program (registry: 'AdventHealth Florida Program'),Program Director,(empty in registry schema),"Anwar Ahmed, MD, FAAN (FREIDA field_program_director; NRMP directory; program page)",CONFIRMED_CORRECTION,https://programdirectory.nrmp.org/adventhealth-florida-fl-1102180c0/,HIGH,UPDATE_REGISTRY_VALUE,FL_STAGE_STRUCTURED_PER_FIELD,"Known registry schema gap rather than a research gap, and filled here from three independent sources.",YES_WAVE3
FL,1801100008,RISE-NEURO-0002,AdventHealth Orlando Neurology Residency Program (registry: 'AdventHealth Florida Program'),Survey Received / FREIDA Last Updated,2025-07-16 / 2026-02-19,field_date_received 2026-07-21; survey node changed 2026-08-20T03:24:44+00:00; program node changed 2026-08-20T01:18:01+00:00,STALE_REGISTRY_VALUE,https://freida.ama-assn.org/program/1801100008,HIGH,REFRESH_FROM_CURRENT_CYCLE,FL_STAGE_STRUCTURED_PER_FIELD,"The live FREIDA survey post-dates the 2026-07-09 registry release by twelve days, which is what drives most of this reconciliation table. FREIDA retains only the survey_2026 node for this program, so the registry's prior-cycle source cannot be re-read.",YES_WAVE3
FL,1801100008,RISE-NEURO-0002,AdventHealth Orlando Neurology Residency Program (registry: 'AdventHealth Florida Program'),Osteopathic Recognition / Interprofessional Teamwork / Debt Counseling / Off Campus Electives / Resident OSCE Evaluation,No / No / No / No / No,Osteopathic Recognition confirmed No (field_or_acgme_aoa=false). The remaining four have no corresponding field in FREIDA's 2026 survey payload and could not be re-verified,INSUFFICIENT_EVIDENCE,https://freida.ama-assn.org/program/1801100008,LOW,NO_ACTION_INSUFFICIENT_EVIDENCE,FL_STAGE_STRUCTURED_PER_FIELD,Not re-confirmable at source on the current cycle; carried as unverified rather than inherited as fact.,YES_WAVE3
FL,1801100008,RISE-NEURO-0002,AdventHealth Orlando Neurology Residency Program (registry: 'AdventHealth Florida Program'),Clinic Structure,Hospital outpatient: NGO; Non-hospital ambulatory care: NGO,Hospital outpatient 8 percent; non-hospital ambulatory care still Negotiable,CONFIRMED_CORRECTION,https://freida.ama-assn.org/program/1801100008,MEDIUM,UPDATE_REGISTRY_VALUE,FL_STAGE_STRUCTURED_PER_FIELD,Half of this compound field now has a real value.,YES_WAVE3
FL,1801100155,RISE-NEURO-0196,University of Central Florida/HCA Florida Healthcare (Greater Orlando/Osceola) Program - Adult Neurology,Total Residents,16,"16 = APPROVED COMPLEMENT, not a counted census. Confirmed twice: UCF's initial-accreditation announcement ('the ACGME approved the program for 16 trainees') and FREIDA field_total_positions = 16.",COMPLEMENT_VS_CENSUS,https://www.ucf.edu/news/college-medicinehca-announce-newest-residency-program/,HIGH,SPLIT_INTO_TWO_FIELDS,FL_STAGE_STRUCTURED_PER_FIELD,"The actual census also appears to be 16 - FREIDA's five 2026 demographic percentages resolve to whole persons only against a 16-person body, and four classes have been populated since July 2017 - but that is an inference, not a head-count, because no roster is published. Complement and census are reported separately throughout this dossier.",YES_WAVE3
FL,1801100155,RISE-NEURO-0196,University of Central Florida/HCA Florida Healthcare (Greater Orlando/Osceola) Program - Adult Neurology,Current Residents PGY1 / PGY2 / PGY3,4 / 4 / 4 (no PGY4 field present),"The registry schema captures only PGY1-PGY3, so the absence of a PGY4 value is a schema gap and NOT evidence that the PGY-4 class is empty. Summing these three to 12 would understate the program.",SEMANTIC_MISMATCH,https://hcahealthcaregme.com/locations/hca-florida-osceola-hospital/neurology-residency/,HIGH,FIX_FIELD_SEMANTICS_OR_NULL_HANDLING,FL_STAGE_STRUCTURED_PER_FIELD,"Independently contradicted: the program page describes PGY-4 residents' clinical duties, its salary table runs to PGY-7, and its first PGY-4 class graduated in June 2021. This is the highest-risk misreading available in this registry row.",YES_WAVE3
FL,1801100155,RISE-NEURO-0196,University of Central Florida/HCA Florida Healthcare (Greater Orlando/Osceola) Program - Adult Neurology,Salary PGY1,0,"$64,744 for AY2026-27 at the Osceola/Kissimmee site (UCF institutional schedule); $61,942 plus $950 meals for AY2025-26 (program page).",SEMANTIC_MISMATCH,https://med.ucf.edu/academics/graduate-medical-program/resident-benefits/,HIGH,FIX_FIELD_SEMANTICS_OR_NULL_HANDLING,FL_STAGE_STRUCTURED_PER_FIELD,"FREIDA null sentinel confirmed at source: field_graduate_year_statistics carries salary = null for all four years, so FREIDA holds no salary for this program and the registry's 0 is not a value.",YES_WAVE3
FL,1801100155,RISE-NEURO-0196,University of Central Florida/HCA Florida Healthcare (Greater Orlando/Osceola) Program - Adult Neurology,Vacation,15,"15 days in PGY-1 only; 20 days in PGY-2, PGY-3 and PGY-4 (FREIDA field_graduate_year_statistics paid_vacation = [15,20,20,20]).",SEMANTIC_MISMATCH,https://freida.ama-assn.org/program/1801100155,HIGH,FIX_FIELD_SEMANTICS_OR_NULL_HANDLING,FL_STAGE_STRUCTURED_PER_FIELD,The registry stored the first-year value as if it were the program-wide figure.,YES_WAVE3
FL,1801100155,RISE-NEURO-0196,University of Central Florida/HCA Florida Healthcare (Greater Orlando/Osceola) Program - Adult Neurology,Application Deadline,2025-12-31,"November 1 (program FAQ, live page).",CONFIRMED_CORRECTION,https://hcahealthcaregme.com/locations/hca-florida-osceola-hospital/neurology-residency/,HIGH,UPDATE_REGISTRY_VALUE,FL_STAGE_STRUCTURED_PER_FIELD,"Not merely a stale year - a different date. Two months earlier than the registry implies, which materially changes an application calendar.",YES_WAVE3
FL,1801100155,RISE-NEURO-0196,University of Central Florida/HCA Florida Healthcare (Greater Orlando/Osceola) Program - Adult Neurology,Interviews Conducted Last Year,48,60 (FREIDA 2026 field_interviews_conducted; its history array records 2025 at 60/4).,STALE_REGISTRY_VALUE,https://freida.ama-assn.org/program/1801100155,HIGH,REFRESH_FROM_CURRENT_CYCLE,FL_STAGE_STRUCTURED_PER_FIELD,"The count ran 60 (2019-2021), 48 (2022-2024), then 60 again (2025).",YES_WAVE3
FL,1801100155,RISE-NEURO-0196,University of Central Florida/HCA Florida Healthcare (Greater Orlando/Osceola) Program - Adult Neurology,Interviews Per First Year Position,12.0:1,15.0:1 on the 2026 figures (60 interviews / 4 positions).,STALE_REGISTRY_VALUE,https://freida.ama-assn.org/program/1801100155,HIGH,REFRESH_FROM_CURRENT_CYCLE,FL_STAGE_STRUCTURED_PER_FIELD,,YES_WAVE3
FL,1801100155,RISE-NEURO-0196,University of Central Florida/HCA Florida Healthcare (Greater Orlando/Osceola) Program - Adult Neurology,Program Status,FREIDA: not accepting current year; accepting next year,"FREIDA 2026: field_accepting_current_year = true, field_accepting_next_year = false. NRMP: 'Program Status / Active / The program track is participating in the Match.'",CONFIRMED_CORRECTION,https://programdirectory.nrmp.org/u-central-fl-hca-healthcare-gme-fl-1587180c0/,HIGH,UPDATE_REGISTRY_VALUE,FL_STAGE_STRUCTURED_PER_FIELD,"Exactly inverted between survey cycles. 'Current year' is relative to the survey date, so part of this is a cycle artefact - but a reader comparing registry to FREIDA today sees a flat contradiction, and NRMP's Active status is the operative fact.",YES_WAVE3
FL,1801100155,RISE-NEURO-0196,University of Central Florida/HCA Florida Healthcare (Greater Orlando/Osceola) Program - Adult Neurology,Visa Sponsorship / J1 / H1B,J-1 through ECFMG; J1: Yes; H1B: No,"CONFLICT. FREIDA 2026 lists J-1 through ECFMG, H-1B and F-1. The consortium's July 2026 eligibility policy states 'UCF GME does not sponsor visas for physician learners' and describes only the ECFMG J-1 route, agreeing with the registry.",GENUINE_SOURCE_CONFLICT,https://med.ucf.edu/media/2026/07/UCF-HCA-Florida-Healthcare-GME-Qualifications-and-Eligibility-Policy-updated-7.2026.pdf,MEDIUM,PRESERVE_BOTH_PENDING_PRIMARY_CONFIRMATION,FL_STAGE_STRUCTURED_PER_FIELD,Registry agrees with the institutional policy and disagrees with the newer FREIDA survey.,YES_WAVE3
FL,1801100155,RISE-NEURO-0196,University of Central Florida/HCA Florida Healthcare (Greater Orlando/Osceola) Program - Adult Neurology,Offers Preliminary Positions,Yes,No. FREIDA 2026 field_offers_preliminary_positio = false; NRMP lists no preliminary track under institution 1587 for neurology; the FAQ describes a four-year categorical program whose PGY-1 internal medicine year is internal to it.,CONFIRMED_CORRECTION,https://freida.ama-assn.org/program/1801100155,HIGH,UPDATE_REGISTRY_VALUE,FL_STAGE_STRUCTURED_PER_FIELD,The registry's 'Yes' most likely reflects the in-program intern year rather than separately matched preliminary positions. This matters: read literally it would suggest a prelim application route that does not exist.,YES_WAVE3
FL,1801100155,RISE-NEURO-0196,University of Central Florida/HCA Florida Healthcare (Greater Orlando/Osceola) Program - Adult Neurology,International Graduates / US Graduates,IMG 37.5%; US MD 43.8%; DO 18.8%,"FREIDA 2026: IMG 50.0%, US MD 37.5%, DO 12.5%.",CONFIRMED_CORRECTION,https://freida.ama-assn.org/program/1801100155,HIGH,UPDATE_REGISTRY_VALUE,FL_STAGE_STRUCTURED_PER_FIELD,"On a 16-person body, 7/3/6 became 6/2/8 in one cycle.",YES_WAVE3
FL,1801100155,RISE-NEURO-0196,University of Central Florida/HCA Florida Healthcare (Greater Orlando/Osceola) Program - Adult Neurology,Program Faculty Count / Faculty Distribution / Faculty Resident Ratio,"10; Physicians: 10, non-physicians: 0; 0.60:1",FREIDA 2026 reports field_total_physician = 0 and field_ratio_ft_faculty = '0.00' - null sentinels. The program's own faculty page names 17 unique physicians.,SEMANTIC_MISMATCH,https://hcahealthcaregme.com/locations/hca-florida-osceola-hospital/neurology-residency/faculty.dot,MEDIUM,FIX_FIELD_SEMANTICS_OR_NULL_HANDLING,FL_STAGE_STRUCTURED_PER_FIELD,"The registry's 10 is an earlier-cycle program-reported core-faculty figure and is internally consistent with a 16-person body (10 / 0.60 = 16.7). It is not contradicted by the 17 named physicians, because the published page includes community and VA faculty. No single faculty number is asserted.",YES_WAVE3
FL,1801100155,RISE-NEURO-0196,University of Central Florida/HCA Florida Healthcare (Greater Orlando/Osceola) Program - Adult Neurology,Step Preferences / US MD & IMG Step 1 and Step 2 Required,All No,"FREIDA 2026 agrees (all four requirement flags false, plus both interview flags false), but the program's own FAQ publishes minimum scores of 200 (Step 1) and 210 (Step 2) on first attempt, and the consortium requires a passing Step 2 before matriculation.",SEMANTIC_MISMATCH,https://hcahealthcaregme.com/locations/hca-florida-osceola-hospital/neurology-residency/,HIGH,FIX_FIELD_SEMANTICS_OR_NULL_HANDLING,FL_STAGE_STRUCTURED_PER_FIELD,"The registry accurately mirrors FREIDA's flags, but those flags mean 'not required at application', not 'no Step requirement exists'. Reading the registry alone would miss both the published score floors and the matriculation requirement.",YES_WAVE3
FL,1801100155,RISE-NEURO-0196,University of Central Florida/HCA Florida Healthcare (Greater Orlando/Osceola) Program - Adult Neurology,Historical Interview Stats,2019: 60/4; 2020: 60/4; 2021: 60/4; 2022: 48/4; 2023: 48/4; 2024: 48/4,FREIDA 2026 adds a seventh entry: 2025: 60/4. All six registry entries match.,STALE_REGISTRY_VALUE,https://freida.ama-assn.org/program/1801100155,HIGH,REFRESH_FROM_CURRENT_CYCLE,FL_STAGE_STRUCTURED_PER_FIELD,Registry is accurate as far as it goes but one cycle short; the missing entry is the one that reverses the downward trend.,YES_WAVE3
FL,1801100155,RISE-NEURO-0196,University of Central Florida/HCA Florida Healthcare (Greater Orlando/Osceola) Program - Adult Neurology,Educational Stipend / Meal Allowance / Technology Allowance,All three stored as 'On-call meal allowance',"There is one benefit, an on-call meal allowance (shown on the program's AY25-26 table as $950/year), plus a separate 'iPads, tablets, etc., or technology allowance' entry in the same FREIDA list.",SEMANTIC_MISMATCH,https://freida.ama-assn.org/program/1801100155,HIGH,FIX_FIELD_SEMANTICS_OR_NULL_HANDLING,FL_STAGE_STRUCTURED_PER_FIELD,"The registry collapsed one multi-select list into three separate fields, giving the same string to each. There is no separate educational stipend.",YES_WAVE3
FL,1801100155,RISE-NEURO-0196,University of Central Florida/HCA Florida Healthcare (Greater Orlando/Osceola) Program - Adult Neurology,Clinic Structure / Hospital Outpatient Percent / Non Hospital Ambulatory Care Percent,NGO for both,Confirmed sentinels: FREIDA field_training_outpatient_clinic = 999 and field_train_ambulatory_nonhospit = 999. The substantive answer comes from the program instead - a resident-owned longitudinal continuity clinic one half-day per week throughout PGY-2 to PGY-4.,SEMANTIC_MISMATCH,https://hcahealthcaregme.com/locations/hca-florida-osceola-hospital/neurology-residency/welcome-letter.dot,HIGH,FIX_FIELD_SEMANTICS_OR_NULL_HANDLING,FL_STAGE_STRUCTURED_PER_FIELD,"The registry correctly reports that FREIDA has no number, but a reader would wrongly conclude nothing is known about outpatient training.",YES_WAVE3
FL,1801100155,RISE-NEURO-0196,University of Central Florida/HCA Florida Healthcare (Greater Orlando/Osceola) Program - Adult Neurology,Survey Received / FREIDA Last Updated,2025-06-25 / 2026-02-19,A newer cycle exists: node--survey_2026 with field_date_received = 2026-07-21 and node changed 2026-08-20.,STALE_REGISTRY_VALUE,https://freida.ama-assn.org/program/1801100155,HIGH,REFRESH_FROM_CURRENT_CYCLE,FL_STAGE_STRUCTURED_PER_FIELD,"The newer survey arrived twelve days after the registry release of 2026-07-09, which is why several registry values above are superseded rather than merely old.",YES_WAVE3
FL,1801100155,RISE-NEURO-0196,University of Central Florida/HCA Florida Healthcare (Greater Orlando/Osceola) Program - Adult Neurology,Minimum LOR / Maximum LOR,3 / 4,"Minimum 3 confirmed (FREIDA field_min_letters_req = 3). No maximum appears in the 2026 survey record; FREIDA does flag program-director, chair, faculty, preceptor and specialty-standardised letter fields as true.",INSUFFICIENT_EVIDENCE,https://freida.ama-assn.org/program/1801100155,MEDIUM,NO_ACTION_INSUFFICIENT_EVIDENCE,FL_STAGE_STRUCTURED_PER_FIELD,The minimum is confirmed; the maximum of 4 could not be re-verified in the current cycle and is neither confirmed nor contradicted.,YES_WAVE3
FL,1801100155,RISE-NEURO-0196,University of Central Florida/HCA Florida Healthcare (Greater Orlando/Osceola) Program - Adult Neurology,Health Systems Leadership Curriculum / Healthcare Economics Curriculum / Step 3 Support / Resident Retreats / Off Campus Electives,Yes / Yes / Yes / Yes / Yes,"FREIDA 2026 field_resident_fellow_offer_2019 = ['Curriculum to develop health systems leadership skills (e.g., QI project leadership, community/organizational advocacy)','Academic support for USMLE Step 3 preparation','Resident/fellow retreats','Off-campus electives'] - four of the five confirmed. 'Healthcare Economics Curriculum' does not appear in the 2026 list.",STALE_REGISTRY_VALUE,https://freida.ama-assn.org/program/1801100155,MEDIUM,REFRESH_FROM_CURRENT_CYCLE,FL_STAGE_STRUCTURED_PER_FIELD,"Four confirmed, one dropped out of the current survey answer.",YES_WAVE3
FL,1801100156,RISE-NEURO-0080,Larkin Community Hospital Program,Program Website,http://gme.larkinhospital.com,https://www.graduatemedicaleducation.org/neurology-home-page/,CONFIRMED_CORRECTION,http://gme.larkinhospital.com,HIGH,UPDATE_REGISTRY_VALUE,FL_STAGE_STRUCTURED_PER_FIELD,"The registry URL is DEAD - it does not resolve (connection failure), and the Internet Archive shows it returning 301 then 401 from 2012-2015. Any student sent to the registry's link would find nothing. The live program site is graduatemedicaleducation.org.",YES_WAVE1
FL,1801100156,RISE-NEURO-0080,Larkin Community Hospital Program,Program Status,FREIDA: not accepting current year; accepting next year,Accepting applications for the CURRENT year; not accepting next year,CONFIRMED_CORRECTION,https://freida.ama-assn.org/program/1801100156,HIGH,UPDATE_REGISTRY_VALUE,FL_STAGE_STRUCTURED_PER_FIELD,DIRECTLY INVERTED. The 2026-06-16 survey reports field_accepting_current_year = true and field_accepting_next_year = false. The registry value would have wrongly told Alejandra the program was closed to her cycle. Highest-impact single registry defect found.,YES_WAVE1
FL,1801100156,RISE-NEURO-0080,Larkin Community Hospital Program,Survey Received,2025-07-16,2026-06-16,CONFIRMED_CORRECTION,https://freida.ama-assn.org/program/1801100156,HIGH,UPDATE_REGISTRY_VALUE,FL_STAGE_STRUCTURED_PER_FIELD,"A full survey cycle newer than the registry snapshot, recovered from the ng-state payload. Source of most corrections below.",YES_WAVE1
FL,1801100156,RISE-NEURO-0080,Larkin Community Hospital Program,Total Residents,16,Approved complement 16; actual census 16 distributed 4/3/5/4,COMPLEMENT_VS_CENSUS,https://www.graduatemedicaleducation.org/our-residents-neurology/,HIGH,SPLIT_INTO_TWO_FIELDS,FL_STAGE_STRUCTURED_PER_FIELD,"The total happens to match, but the registry value is complement-shaped. Actual cohorts are uneven, so no per-year figure of 4 should be used as a roster denominator.",YES_WAVE1
FL,1801100156,RISE-NEURO-0080,Larkin Community Hospital Program,Current Residents PGY1 / PGY2 / PGY3,4 / 4 / 4,"PGY-1 4, PGY-2 3, PGY-3 5, PGY-4 4",CONFIRMED_CORRECTION,https://www.graduatemedicaleducation.org/our-residents-neurology/,HIGH,UPDATE_REGISTRY_VALUE,FL_STAGE_STRUCTURED_PER_FIELD,"The registry stores the per-year complement, not the census. The real AY2026-27 distribution is 4/3/5/4 per the program's own roster.",YES_WAVE1
FL,1801100156,RISE-NEURO-0080,Larkin Community Hospital Program,Salary PGY1,47250,47500,CONFIRMED_CORRECTION,https://freida.ama-assn.org/program/1801100156,HIGH,UPDATE_REGISTRY_VALUE,FL_STAGE_STRUCTURED_PER_FIELD,One cycle stale. Same for all four years.,YES_WAVE1
FL,1801100156,RISE-NEURO-0080,Larkin Community Hospital Program,Salary PGY2,49500,50000,CONFIRMED_CORRECTION,https://freida.ama-assn.org/program/1801100156,HIGH,UPDATE_REGISTRY_VALUE,FL_STAGE_STRUCTURED_PER_FIELD,Stale.,YES_WAVE1
FL,1801100156,RISE-NEURO-0080,Larkin Community Hospital Program,Salary PGY3,51000,51750,CONFIRMED_CORRECTION,https://freida.ama-assn.org/program/1801100156,HIGH,UPDATE_REGISTRY_VALUE,FL_STAGE_STRUCTURED_PER_FIELD,Stale.,YES_WAVE1
FL,1801100156,RISE-NEURO-0080,Larkin Community Hospital Program,Salary PGY4,52500,53500,CONFIRMED_CORRECTION,https://freida.ama-assn.org/program/1801100156,HIGH,UPDATE_REGISTRY_VALUE,FL_STAGE_STRUCTURED_PER_FIELD,Stale.,YES_WAVE1
FL,1801100156,RISE-NEURO-0080,Larkin Community Hospital Program,Salary Paid By,Non-profit institution,The program answers that salary is NOT paid by a non-profit institution,GENUINE_SOURCE_CONFLICT,https://freida.ama-assn.org/program/1801100156,HIGH,PRESERVE_BOTH_PENDING_PRIMARY_CONFIRMATION,FL_STAGE_STRUCTURED_PER_FIELD,"field_salary_paid_nonprofit = 'No' in the 2026 survey, directly contradicting the registry. Consistent with Larkin's for-profit ownership.",YES_WAVE1
FL,1801100156,RISE-NEURO-0080,Larkin Community Hospital Program,Program Faculty Count,0,22 named department members published by the program,SEMANTIC_MISMATCH,https://www.graduatemedicaleducation.org/our-faculty-neurology/,HIGH,FIX_FIELD_SEMANTICS_OR_NULL_HANDLING,FL_STAGE_STRUCTURED_PER_FIELD,"Textbook FREIDA null sentinel stored as 0 - the exact defect pattern the contract predicts. field_total_physician, field_total_non_physician and field_ratio_ft_faculty are all still 0/'0.00' in 2026 because the program left those questions blank.",YES_WAVE1
FL,1801100156,RISE-NEURO-0080,Larkin Community Hospital Program,Faculty Resident Ratio,0.00:1,Not computable from published data; 22 named faculty against 16 residents,SEMANTIC_MISMATCH,https://www.graduatemedicaleducation.org/our-faculty-neurology/,HIGH,FIX_FIELD_SEMANTICS_OR_NULL_HANDLING,FL_STAGE_STRUCTURED_PER_FIELD,Derived from the same null sentinel. Must not be read as a real ratio.,YES_WAVE1
FL,1801100156,RISE-NEURO-0080,Larkin Community Hospital Program,Faculty Distribution,Physicians: 0; non-physicians: 0,Not reported by the program,SEMANTIC_MISMATCH,https://freida.ama-assn.org/program/1801100156,HIGH,FIX_FIELD_SEMANTICS_OR_NULL_HANDLING,FL_STAGE_STRUCTURED_PER_FIELD,Null sentinel.,YES_WAVE1
FL,1801100156,RISE-NEURO-0080,Larkin Community Hospital Program,Step Preferences,US MD Step 1 passed: Yes; IMG Step 1 passed: Yes,"2026 survey flags Step 2 CK passed (not Step 1) for US MD, IMG and DO applicants",CONFIRMED_CORRECTION,https://freida.ama-assn.org/program/1801100156,MEDIUM,UPDATE_REGISTRY_VALUE,FL_STAGE_STRUCTURED_PER_FIELD,"Material shift between survey cycles. In 2026 field_usmle_us_md_pass_1 / _img_pass_1 / field_comlex_do_pass_1 are all NULL while field_usmle_us_md_pass_ck / _img_pass_ck / _do_pass_ck and field_comlex_do_pass_ce are TRUE. The sibling program 1801100158 still reports the Step-1 flags as true, confirming the fields are answered per program.",YES_WAVE1
FL,1801100156,RISE-NEURO-0080,Larkin Community Hospital Program,COMLEX Accepted,COMLEX Level 1 passed: Yes,COMLEX Level 2-CE passed flagged in 2026; program page says either USMLE or COMLEX is acceptable,CONFIRMED_CORRECTION,https://www.graduatemedicaleducation.org/application-process-neurology/,MEDIUM,UPDATE_REGISTRY_VALUE,FL_STAGE_STRUCTURED_PER_FIELD,field_comlex_do_pass_ce = true in 2026; field_comlex_do_pass_1 is null.,YES_WAVE1
FL,1801100156,RISE-NEURO-0080,Larkin Community Hospital Program,Minimum LOR,2,"Three letters, at least one from a neurologist (program's own page)",GENUINE_SOURCE_CONFLICT,https://www.graduatemedicaleducation.org/application-process-neurology/,HIGH,PRESERVE_BOTH_PENDING_PRIMARY_CONFIRMATION,FL_STAGE_STRUCTURED_PER_FIELD,"FREIDA field_min_letters_req = 2 versus the program page's 'Three letters of recommendation, with at least one from a neurologist'. The program's own page is the more demanding and more specific requirement and is the one an applicant must satisfy. The registry also OMITS that FREIDA separately flags field_chair_letter = true, field_faculty_letter = true and field_spec_stand_letter = true - a depa",YES_WAVE1
FL,1801100156,RISE-NEURO-0080,Larkin Community Hospital Program,Application Deadline,2025-10-31,No deadline published for the current cycle; review opens in October,STALE_REGISTRY_VALUE,https://www.graduatemedicaleducation.org/application-process-neurology/,HIGH,REFRESH_FROM_CURRENT_CYCLE,FL_STAGE_STRUCTURED_PER_FIELD,Prior-cycle date. field_latest_date_current_year and field_application_period are both null in the 2026 survey.,YES_WAVE1
FL,1801100156,RISE-NEURO-0080,Larkin Community Hospital Program,Medical School Graduation Timeline,No cap on the number of years,"No YOG cap confirmed, BUT Step 3/COMLEX-3 required if more than 1 year from graduation, effective the 2026 application period",SEMANTIC_MISMATCH,https://www.graduatemedicaleducation.org/application-process-neurology/,HIGH,FIX_FIELD_SEMANTICS_OR_NULL_HANDLING,FL_STAGE_STRUCTURED_PER_FIELD,The registry value is literally correct but materially misleading: the program imposes a graduation-linked Step 3 screen that FREIDA does not capture. Not a barrier for Alejandra in the 2026-27 cycle; a barrier in any later reapplication cycle.,YES_WAVE1
FL,1801100156,RISE-NEURO-0080,Larkin Community Hospital Program,Research Rotation / Research Track,Not available / No,Confirmed not available; the curriculum page nonetheless advertises protected research time,GENUINE_SOURCE_CONFLICT,https://www.graduatemedicaleducation.org/our-curriculum-neurology/,MEDIUM,PRESERVE_BOTH_PENDING_PRIMARY_CONFIRMATION,FL_STAGE_STRUCTURED_PER_FIELD,"FREIDA field_research_rotation = 'Not available', duration 0. The curriculum page says 'Protected time is built into the curriculum for didactics, research, and academic development'. Both preserved; the clearest structural gap for a research-minded applicant.",YES_WAVE1
FL,1801100156,RISE-NEURO-0080,Larkin Community Hospital Program,Resident Gender Female Percent,50.0%,35.3% (2026 survey),CONFIRMED_CORRECTION,https://freida.ama-assn.org/program/1801100156,MEDIUM,UPDATE_REGISTRY_VALUE,FL_STAGE_STRUCTURED_PER_FIELD,"Also arithmetically requires a 17-person denominator, which conflicts with the 16-person published roster. No gender was inferred from any name.",YES_WAVE1
FL,1801100156,RISE-NEURO-0080,Larkin Community Hospital Program,Resident Gender Male Percent,37.5%,52.9% (2026 survey),CONFIRMED_CORRECTION,https://freida.ama-assn.org/program/1801100156,MEDIUM,UPDATE_REGISTRY_VALUE,FL_STAGE_STRUCTURED_PER_FIELD,Same denominator anomaly.,YES_WAVE1
FL,1801100156,RISE-NEURO-0080,Larkin Community Hospital Program,Average Work Hours,40 hours/week,Reported as 40 but implausible for PGY-1 neurology,INSUFFICIENT_EVIDENCE,https://freida.ama-assn.org/program/1801100156,LOW,NO_ACTION_INSUFFICIENT_EVIDENCE,FL_STAGE_STRUCTURED_PER_FIELD,field_avg_hours_on_duty_y1 = 40 is the program's own self-report and is carried forward unchanged in 2026. Flagged as an unreliable self-report rather than treated as a program feature.,YES_WAVE1
FL,1801100156,RISE-NEURO-0080,Larkin Community Hospital Program,Program Director,(absent from registry schema),"Wilson C. Cueva, MD",CONFIRMED_CORRECTION,https://programdirectory.nrmp.org/larkin-community-hospital-fl-1481180c0/,HIGH,UPDATE_REGISTRY_VALUE,FL_STAGE_STRUCTURED_PER_FIELD,"The known registry schema gap. Filled from three independent sources: FREIDA's program_director paragraph, the NRMP directory, and the program's own signed welcome letter. The sibling program's PD is a different person, Kester Jimmy Nedd, DO.",YES_WAVE1
FL,1801100157,RISE-NEURO-0045,Florida Atlantic University Charles E. Schmidt College of Medicine Program — Neurology,City,Jonesboro,Boca Raton,CROSS_PROGRAM_CONTAMINATION,https://freida.ama-assn.org/program/1801100157,HIGH,REMOVE_VALUE_WRONG_PROGRAM,FL_STAGE_STRUCTURED_PER_FIELD,"Wrong city, wrong state. The contaminating source is identified: '225 E Washington Ave, Jonesboro, AR 72401' is the address of St. Bernards Medical Center, whose own ACGME-accredited Internal Medicine residency is ACGME 1400400541 — a different institution, state and specialty. The defect originated upstream at AMA FREIDA, whose program node field_address for 1801100157 was literally {administrati",YES_WAVE2
FL,1801100157,RISE-NEURO-0045,Florida Atlantic University Charles E. Schmidt College of Medicine Program — Neurology,State,AR,FL,CROSS_PROGRAM_CONTAMINATION,https://freida.ama-assn.org/program/1801100157,HIGH,REMOVE_VALUE_WRONG_PROGRAM,FL_STAGE_STRUCTURED_PER_FIELD,Same defect as City. ACGME digits 4-5 of 180-11-00157 encode 11 = Florida; Arkansas is 04. The institution is Florida Atlantic University and the registry's own Program Website is fau.edu/medicine. This row was nearly excluded from the Florida universe by a naive State filter.,YES_WAVE2
FL,1801100157,RISE-NEURO-0045,Florida Atlantic University Charles E. Schmidt College of Medicine Program — Neurology,Zip,72401,"33431 (program mailing, FREIDA 33431-6424); 33486 for the primary teaching site at 800 Meadows Rd",CROSS_PROGRAM_CONTAMINATION,https://freida.ama-assn.org/program/1801100157,HIGH,REMOVE_VALUE_WRONG_PROGRAM,FL_STAGE_STRUCTURED_PER_FIELD,"72401 is a Jonesboro, Arkansas ZIP belonging to St. Bernards Medical Center. Same upstream defect.",YES_WAVE2
FL,1801100157,RISE-NEURO-0045,Florida Atlantic University Charles E. Schmidt College of Medicine Program — Neurology,Hospital,225 E Washington,"Boca Raton Regional Hospital / Marcus Neuroscience Institute, 800 Meadows Rd, Boca Raton, FL 33486-2368",CROSS_PROGRAM_CONTAMINATION,https://www.fau.edu/medicine/gme/residency-fellowship/neurology/teaching-hospitals/,HIGH,REMOVE_VALUE_WRONG_PROGRAM,FL_STAGE_STRUCTURED_PER_FIELD,"'225 E Washington' is not a hospital name but a street address, and it is St. Bernards Medical Center's address in Jonesboro, Arkansas. The real primary teaching site is Boca Raton Regional Hospital, confirmed by FREIDA's field_primary_teaching_site relationship (internal nid 25546), by the program's own teaching-hospitals page ('Neurology residents spend the vast majority of their time at Boca Ra",YES_WAVE2
FL,1801100157,RISE-NEURO-0045,Florida Atlantic University Charles E. Schmidt College of Medicine Program — Neurology,Quality of Life City,"Jonesboro, AR","Boca Raton, FL (Palm Beach County)",CROSS_PROGRAM_CONTAMINATION,https://freida.ama-assn.org/program/1801100157,HIGH,REMOVE_VALUE_WRONG_PROGRAM,FL_STAGE_STRUCTURED_PER_FIELD,"Derived from the contaminated City/State pair, so it inherits the same defect. Any cost-of-living, housing or lifestyle content generated from 'Jonesboro, AR' for this program would be wholly inapplicable — Boca Raton is a high-cost South Florida coastal market, not a small Arkansas city, which materially changes how the $66,433 PGY-1 stipend should be presented.",YES_WAVE2
FL,1801100157,RISE-NEURO-0045,Florida Atlantic University Charles E. Schmidt College of Medicine Program — Neurology,Salary PGY1,61295,66433,STALE_REGISTRY_VALUE,https://www.fau.edu/medicine/gme/benefits/,HIGH,REFRESH_FROM_CURRENT_CYCLE,FL_STAGE_STRUCTURED_PER_FIELD,"FAU's GME benefits page publishes the FY26 table (July 1, 2026 to June 30, 2027) at $66,433. The registry value is the survey_2025 figure, verified directly in the archived FREIDA payload (field_first_year_salary = 61295). Understated by $5,138.",YES_WAVE2
FL,1801100157,RISE-NEURO-0045,Florida Atlantic University Charles E. Schmidt College of Medicine Program — Neurology,Salary PGY2 / PGY3 / PGY4,63561 / 66037 / 68660,68829 / 71482 / 74791,STALE_REGISTRY_VALUE,https://www.fau.edu/medicine/gme/benefits/,HIGH,REFRESH_FROM_CURRENT_CYCLE,FL_STAGE_STRUCTURED_PER_FIELD,"All three understated; the PGY-4 gap is $6,131. FY26 institutional table and the FREIDA 2026 survey agree to the dollar at all four levels.",YES_WAVE2
FL,1801100157,RISE-NEURO-0045,Florida Atlantic University Charles E. Schmidt College of Medicine Program — Neurology,Program Faculty Count,11,"16 physicians named on the program's faculty roster (15 MD/DO plus 1 Psy.D.), matching FREIDA 2026 field_total_physician = 16",STALE_REGISTRY_VALUE,https://www.fau.edu/medicine/gme/residency-fellowship/neurology/faculty/,HIGH,REFRESH_FROM_CURRENT_CYCLE,FL_STAGE_STRUCTURED_PER_FIELD,"Checked specifically for the FREIDA '0' null-sentinel defect the contract warns about; it is absent here — both survey cycles carry real non-zero counts, and 11 was simply the prior cycle's answer. Note FREIDA's field_total_non_physician = 0 understates the roster by one, which is a SEMANTIC_MISMATCH of composition rather than of total.",YES_WAVE2
FL,1801100157,RISE-NEURO-0045,Florida Atlantic University Charles E. Schmidt College of Medicine Program — Neurology,Faculty Resident Ratio,0.90:1,1.20:1 (FREIDA 2026 field_ratio_ft_faculty),STALE_REGISTRY_VALUE,https://freida.ama-assn.org/program/1801100157,MEDIUM,REFRESH_FROM_CURRENT_CYCLE,FL_STAGE_STRUCTURED_PER_FIELD,Prior survey cycle.,YES_WAVE2
FL,1801100157,RISE-NEURO-0045,Florida Atlantic University Charles E. Schmidt College of Medicine Program — Neurology,Minimum LOR,3,2 per FREIDA 2026; 3-4 per the program's own apply page,GENUINE_SOURCE_CONFLICT,https://www.fau.edu/medicine/gme/residency-fellowship/neurology/apply/,MEDIUM,PRESERVE_BOTH_PENDING_PRIMARY_CONFIRMATION,FL_STAGE_STRUCTURED_PER_FIELD,Three different minima across three sources and two survey cycles. The program page governs: plan for 3-4 letters including at least one from within neurology.,YES_WAVE2
FL,1801100157,RISE-NEURO-0045,Florida Atlantic University Charles E. Schmidt College of Medicine Program — Neurology,Application Deadline,2025-10-15,"November 15 (program FAQ, no year stated)",STALE_REGISTRY_VALUE,https://www.fau.edu/medicine/gme/residency-fellowship/neurology/faq/,HIGH,REFRESH_FROM_CURRENT_CYCLE,FL_STAGE_STRUCTURED_PER_FIELD,"A month early and one cycle old. FREIDA's field_latest_date_current_year is null and field_univ_spec_app_date_use is true, so FREIDA carries no date of its own for this program.",YES_WAVE2
FL,1801100157,RISE-NEURO-0045,Florida Atlantic University Charles E. Schmidt College of Medicine Program — Neurology,Moonlighting,No,Yes — FREIDA 2026 field_allows_moonlighting = true,CONFIRMED_CORRECTION,https://freida.ama-assn.org/program/1801100157,MEDIUM,UPDATE_REGISTRY_VALUE,FL_STAGE_STRUCTURED_PER_FIELD,Reversed between the survey_2025 (false) and survey_2026 (true) cycles. No program-page statement corroborates either way.,YES_WAVE2
FL,1801100157,RISE-NEURO-0045,Florida Atlantic University Charles E. Schmidt College of Medicine Program — Neurology,International Graduates,58.3%,50.0% (6 of 12: five offshore-Caribbean graduates plus one India graduate),STALE_REGISTRY_VALUE,https://www.fau.edu/medicine/gme/residency-fellowship/neurology/residents/,HIGH,REFRESH_FROM_CURRENT_CYCLE,FL_STAGE_STRUCTURED_PER_FIELD,The registry figure is the prior cohort. The current FREIDA cycle (50.0%) matches the verified twelve-person roster exactly.,YES_WAVE2
FL,1801100157,RISE-NEURO-0045,Florida Atlantic University Charles E. Schmidt College of Medicine Program — Neurology,US Graduates,US MD: 16.7%; DO: 25.0%,US MD 16.7% (2 of 12); DO 33.3% (4 of 12),STALE_REGISTRY_VALUE,https://www.fau.edu/medicine/gme/residency-fellowship/neurology/residents/,HIGH,REFRESH_FROM_CURRENT_CYCLE,FL_STAGE_STRUCTURED_PER_FIELD,"The DO share is a cycle stale. The US MD share of 16.7% is confirmed AND is materially informative: reaching 2 of 12 requires counting the University of Puerto Rico School of Medicine graduate as a U.S. MD, which is exactly the classification the contract mandates.",YES_WAVE2
FL,1801100157,RISE-NEURO-0045,Florida Atlantic University Charles E. Schmidt College of Medicine Program — Neurology,Interviews Conducted Last Year,55,50 in the 2025 cycle (FREIDA 2026 adds the 2025 data point; 55 was 2024),STALE_REGISTRY_VALUE,https://freida.ama-assn.org/program/1801100157,HIGH,REFRESH_FROM_CURRENT_CYCLE,FL_STAGE_STRUCTURED_PER_FIELD,"The registry value was correct for 2024. The seven-year series is 2019 50/3, 2020 50/3, 2021 70/3, 2022 70/3, 2023 70/3, 2024 55/3, 2025 50/3. The program FAQ says 'approximately 40-60 adult candidates'.",YES_WAVE2
FL,1801100157,RISE-NEURO-0045,Florida Atlantic University Charles E. Schmidt College of Medicine Program — Neurology,Interviews Per First Year Position,18.3:1,16.7:1 for the 2025 cycle (50 interviews / 3 positions),STALE_REGISTRY_VALUE,https://freida.ama-assn.org/program/1801100157,MEDIUM,REFRESH_FROM_CURRENT_CYCLE,FL_STAGE_STRUCTURED_PER_FIELD,Recomputed from the newer cycle.,YES_WAVE2
FL,1801100157,RISE-NEURO-0045,Florida Atlantic University Charles E. Schmidt College of Medicine Program — Neurology,Medical School Graduation Timeline,3,CONFLICT: program FAQ says 'There is no cutoff'; FREIDA says 3 years in two consecutive cycles,GENUINE_SOURCE_CONFLICT,https://www.fau.edu/medicine/gme/residency-fellowship/neurology/faq/,MEDIUM,PRESERVE_BOTH_PENDING_PRIMARY_CONFIRMATION,FL_STAGE_STRUCTURED_PER_FIELD,"Faithful copy of FREIDA, so the registry is not at fault. The conflict is internal to the program's own statements.",YES_WAVE2
FL,1801100157,RISE-NEURO-0045,Florida Atlantic University Charles E. Schmidt College of Medicine Program — Neurology,US MD Step 2 Required,No,MISLEADING: a passing Step 2 IS required in order to be RANKED,SEMANTIC_MISMATCH,https://www.fau.edu/medicine/gme/residency-fellowship/neurology/faq/,HIGH,FIX_FIELD_SEMANTICS_OR_NULL_HANDLING,FL_STAGE_STRUCTURED_PER_FIELD,"The most consequential semantic defect in the row for a student with a pending Step 2. The registry's 'No' derives from FREIDA's field_usmle_step_2_required = false, which appears to encode a minimum-score requirement. The program states twice that a passing Step 2 or COMLEX 2 is required before ranking. A student told 'Step 2 not required' would be actively misinformed.",YES_WAVE2
FL,1801100157,RISE-NEURO-0045,Florida Atlantic University Charles E. Schmidt College of Medicine Program — Neurology,Program Status,FREIDA: not accepting current year; accepting next year,FREIDA 2026: accepting current year = true; accepting next year = false,CONFIRMED_CORRECTION,https://freida.ama-assn.org/program/1801100157,LOW,UPDATE_REGISTRY_VALUE,FL_STAGE_STRUCTURED_PER_FIELD,"Inverted between cycles. The AMA's 'current/next year' labels are relative to each survey's receipt date and are not safely comparable across cycles, so I do not assert a change in recruiting behaviour. NRMP shows uninterrupted annual participation with 3 of 3 filled through the 2026 Match.",YES_WAVE2
FL,1801100157,RISE-NEURO-0045,Florida Atlantic University Charles E. Schmidt College of Medicine Program — Neurology,Program Director,(empty),"Constance Katsafanas, D.O., since April 2025",CONFIRMED_CORRECTION,https://baptisthealth.net/newsroom/press-release/constance-katsafanas-joins-marcus-neuroscience-institute,HIGH,UPDATE_REGISTRY_VALUE,FL_STAGE_STRUCTURED_PER_FIELD,"The known registry schema gap rather than a research gap, exactly as the contract predicts. FREIDA does carry the PD in its program_director paragraph ('Constance Katsafanas, DO'); the registry simply does not map that field.",YES_WAVE2
FL,1801100157,RISE-NEURO-0045,Florida Atlantic University Charles E. Schmidt College of Medicine Program — Neurology,Board Certification Pass Rate Evaluation,Yes,"Yes — but this is a program-evaluation METHOD flag, not a pass rate",SEMANTIC_MISMATCH,https://freida.ama-assn.org/program/1801100157,HIGH,FIX_FIELD_SEMANTICS_OR_NULL_HANDLING,FL_STAGE_STRUCTURED_PER_FIELD,FREIDA's field_program_evaluation_2019 lists 'Graduates' board certification pass rates' among the measures this program uses to evaluate itself. It must never be rendered as a board pass rate; no pass rate is published.,YES_WAVE2
FL,1801100157,RISE-NEURO-0045,Florida Atlantic University Charles E. Schmidt College of Medicine Program — Neurology,Clinic Structure / Hospital Outpatient Percent / Non Hospital Ambulatory Care Percent,Hospital outpatient: 0%; Non-hospital ambulatory care: 0%,"Unanswered FREIDA fields rendered as zeros; the program has an Outpatient Continuity Clinic in each of PGY-2, PGY-3 and PGY-4 plus dedicated outpatient subspecialty clinics",SEMANTIC_MISMATCH,https://www.fau.edu/medicine/gme/residency-fellowship/neurology/index.php,HIGH,FIX_FIELD_SEMANTICS_OR_NULL_HANDLING,FL_STAGE_STRUCTURED_PER_FIELD,A 0% outpatient figure is irreconcilable with the published curriculum. Do not render these as real percentages.,YES_WAVE2
FL,1801100157,RISE-NEURO-0045,Florida Atlantic University Charles E. Schmidt College of Medicine Program — Neurology,Call Schedule,Year 1: N/A; Year 2: N/A; Year 3: N/A; Year 4: N/A,"FREIDA 2026 field_call_schedule = [N/A, Other(1), Other(2), Other(2)]; the program describes a hybrid model, mostly home call with 2 weeks of in-house call per year per PGY2-4 resident, plus 8am-5pm weekday stroke call and tele-stroke coverage after hours",CONFIRMED_CORRECTION,https://www.fau.edu/medicine/gme/residency-fellowship/neurology/index.php,HIGH,UPDATE_REGISTRY_VALUE,FL_STAGE_STRUCTURED_PER_FIELD,"The registry's four N/As came from the prior cycle; the 2026 cycle carries 'Other' entries, and the program page carries the real description.",YES_WAVE2
FL,1801100157,RISE-NEURO-0045,Florida Atlantic University Charles E. Schmidt College of Medicine Program — Neurology,Additional Training Beyond Accredited Length,No,Yes — FREIDA 2026 field_beyond_accredited_length = true,CONFIRMED_CORRECTION,https://freida.ama-assn.org/program/1801100157,LOW,UPDATE_REGISTRY_VALUE,FL_STAGE_STRUCTURED_PER_FIELD,Reversed between cycles and undescribed on any program page; recorded but not interpreted.,YES_WAVE2
FL,1801100157,RISE-NEURO-0045,Florida Atlantic University Charles E. Schmidt College of Medicine Program — Neurology,Survey Received,2025-06-18,2026-07-08 (FREIDA node changed 2026-08-20),STALE_REGISTRY_VALUE,https://freida.ama-assn.org/program/1801100157,HIGH,REFRESH_FROM_CURRENT_CYCLE,FL_STAGE_STRUCTURED_PER_FIELD,"The single most consequential reconciliation finding after the geography. The registry release of 2026-07-09 hydrated a survey received 2025-06-18, one day before a newer cycle became available; the newer cycle is the source of the stale salary, faculty-count, LOR, moonlighting, demographic and interview-count values above.",YES_WAVE2
FL,1801100158,RISE-NEURO-0079,Larkin Community Hospital Palm Springs Campus Program,Program Website,http://larkinhospital.com,https://www.graduatemedicaleducation.org/neurology-home-psc/,SEMANTIC_MISMATCH,https://www.graduatemedicaleducation.org/neurology-home-psc/,HIGH,FIX_FIELD_SEMANTICS_OR_NULL_HANDLING,FL_STAGE_STRUCTURED_PER_FIELD,"The registry stores a health-system root URL where a reader expects the program's page. http://larkinhospital.com 302-redirects to https://larkinhealth.com/en/, the corporate homepage, which contains no neurology residency content. The actual program page set lives on graduatemedicaleducation.org under the -psc slugs.",YES_WAVE1
FL,1801100158,RISE-NEURO-0079,Larkin Community Hospital Palm Springs Campus Program,Program Director,(empty),"Kester Jimmy Nedd, DO",CONFIRMED_CORRECTION,https://www.graduatemedicaleducation.org/our-faculty-neurology-psc/,HIGH,UPDATE_REGISTRY_VALUE,FL_STAGE_STRUCTURED_PER_FIELD,"The known registry schema gap, not a research gap. Established from four sources: the program's faculty page, its home page, FREIDA's program_individual record and NRMP's directory entry.",YES_WAVE1
FL,1801100158,RISE-NEURO-0079,Larkin Community Hospital Palm Springs Campus Program,Total Residents,16,Approved complement 16 AND actual census 16 - they coincide here,COMPLEMENT_VS_CENSUS,https://www.graduatemedicaleducation.org/our-residents-neurology-psc/,HIGH,SPLIT_INTO_TWO_FIELDS,FL_STAGE_STRUCTURED_PER_FIELD,"The registry field name reads as census but the value is the approved complement (field_total_positions=16). In this case the program's own named roster also totals 16 and FREIDA's current-resident counts are 4/4/4/4, so the two agree - but they were established separately, not assumed equal.",YES_WAVE1
FL,1801100158,RISE-NEURO-0079,Larkin Community Hospital Palm Springs Campus Program,Current Residents PGY1/PGY2/PGY3,4 / 4 / 4 (no PGY-4 field),4 / 4 / 4 / 4 - a filled PGY-4 class of 4 exists,STALE_REGISTRY_VALUE,https://www.graduatemedicaleducation.org/our-residents-neurology-psc/,HIGH,REFRESH_FROM_CURRENT_CYCLE,FL_STAGE_STRUCTURED_PER_FIELD,"The registry omits PGY-4 entirely, implying a 12-resident census in a 4-year program. FREIDA's current record and the program's own roster both show four PGY-4 residents, named.",YES_WAVE1
FL,1801100158,RISE-NEURO-0079,Larkin Community Hospital Palm Springs Campus Program,Medical Spanish Curriculum,Yes,No - 'Instruction in medical Spanish or other non-English language | No',CONFIRMED_CORRECTION,https://freida.ama-assn.org/program/1801100158,HIGH,UPDATE_REGISTRY_VALUE,FL_STAGE_STRUCTURED_PER_FIELD,"THE FIELD THE CONTRACT FLAGGED AS UNRELIABLE, AND IT WAS WRONG HERE TOO. The 2026-07-21 survey answers No, and the option is absent from field_resident_fellow_offer_2019. Verified rather than inherited.",YES_WAVE1
FL,1801100158,RISE-NEURO-0079,Larkin Community Hospital Palm Springs Campus Program,Healthcare Economics Curriculum,Yes,No - 'Economics of health care systems curriculum | No',CONFIRMED_CORRECTION,https://freida.ama-assn.org/program/1801100158,HIGH,UPDATE_REGISTRY_VALUE,FL_STAGE_STRUCTURED_PER_FIELD,,YES_WAVE1
FL,1801100158,RISE-NEURO-0079,Larkin Community Hospital Palm Springs Campus Program,Debt Counseling,Yes,No - 'Debt management/financial counseling | No',CONFIRMED_CORRECTION,https://freida.ama-assn.org/program/1801100158,HIGH,UPDATE_REGISTRY_VALUE,FL_STAGE_STRUCTURED_PER_FIELD,"Note the sibling South Miami program DOES select this option in its own 2026 survey, so this is a genuine program-level difference.",YES_WAVE1
FL,1801100158,RISE-NEURO-0079,Larkin Community Hospital Palm Springs Campus Program,Resident Retreats,Yes,No - 'Resident/fellow retreats | No',CONFIRMED_CORRECTION,https://freida.ama-assn.org/program/1801100158,HIGH,UPDATE_REGISTRY_VALUE,FL_STAGE_STRUCTURED_PER_FIELD,,YES_WAVE1
FL,1801100158,RISE-NEURO-0079,Larkin Community Hospital Palm Springs Campus Program,Step 3 or COMLEX Level 3 Support,Yes,No - 'Academic support for USMLE Step 3 and/or COMLEX-USA Level 3 preparation | No',CONFIRMED_CORRECTION,https://freida.ama-assn.org/program/1801100158,HIGH,UPDATE_REGISTRY_VALUE,FL_STAGE_STRUCTURED_PER_FIELD,,YES_WAVE1
FL,1801100158,RISE-NEURO-0079,Larkin Community Hospital Palm Springs Campus Program,Global Health Experience,Yes,No - 'International experience/global health | No',CONFIRMED_CORRECTION,https://freida.ama-assn.org/program/1801100158,HIGH,UPDATE_REGISTRY_VALUE,FL_STAGE_STRUCTURED_PER_FIELD,,YES_WAVE1
FL,1801100158,RISE-NEURO-0079,Larkin Community Hospital Palm Springs Campus Program,Medical School Graduation Timeline,10,5 - 'Graduation from medical school must have occurred within the past 5 year(s).',CONFIRMED_CORRECTION,https://freida.ama-assn.org/program/1801100158,HIGH,UPDATE_REGISTRY_VALUE,FL_STAGE_STRUCTURED_PER_FIELD,A halving of the YOG window. Any planning on a 10-year window is out of date. Does not bind Alejandra as a June 2027 graduate.,YES_WAVE1
FL,1801100158,RISE-NEURO-0079,Larkin Community Hospital Palm Springs Campus Program,Gap Experience Requirement,Clinical experience in the US,"Clinical experience in the US or outside the US, and ONLY for applicants with a gap of 1 year or more",CONFIRMED_CORRECTION,https://freida.ama-assn.org/program/1801100158,HIGH,UPDATE_REGISTRY_VALUE,FL_STAGE_STRUCTURED_PER_FIELD,"The registry both narrowed the permitted geography and dropped the conditional trigger, materially misrepresenting the rule.",YES_WAVE1
FL,1801100158,RISE-NEURO-0079,Larkin Community Hospital Palm Springs Campus Program,Applicant Interview Format / Interview Style,In Person,Virtual,CONFIRMED_CORRECTION,https://freida.ama-assn.org/program/1801100158,HIGH,UPDATE_REGISTRY_VALUE,FL_STAGE_STRUCTURED_PER_FIELD,"Materially favourable for a Houston-based applicant - removes a ~1,190-mile trip.",YES_WAVE1
FL,1801100158,RISE-NEURO-0079,Larkin Community Hospital Palm Springs Campus Program,Interviews Conducted Last Year,60,40,CONFIRMED_CORRECTION,https://freida.ama-assn.org/program/1801100158,HIGH,UPDATE_REGISTRY_VALUE,FL_STAGE_STRUCTURED_PER_FIELD,And the interviews/position ratio moves from 15.0:1 to 10:1.,YES_WAVE1
FL,1801100158,RISE-NEURO-0079,Larkin Community Hospital Palm Springs Campus Program,Moonlighting,Yes,No,CONFIRMED_CORRECTION,https://freida.ama-assn.org/program/1801100158,HIGH,UPDATE_REGISTRY_VALUE,FL_STAGE_STRUCTURED_PER_FIELD,"The sibling program answers Yes to the same field in its own 2026 survey, so this is program-specific.",YES_WAVE1
FL,1801100158,RISE-NEURO-0079,Larkin Community Hospital Palm Springs Campus Program,Night Float,No,Yes (not in PGY-1),CONFIRMED_CORRECTION,https://freida.ama-assn.org/program/1801100158,HIGH,UPDATE_REGISTRY_VALUE,FL_STAGE_STRUCTURED_PER_FIELD,,YES_WAVE1
FL,1801100158,RISE-NEURO-0079,Larkin Community Hospital Palm Springs Campus Program,Structured Didactic Activities PGY1 Hours,5,4,CONFIRMED_CORRECTION,https://freida.ama-assn.org/program/1801100158,HIGH,UPDATE_REGISTRY_VALUE,FL_STAGE_STRUCTURED_PER_FIELD,,YES_WAVE1
FL,1801100158,RISE-NEURO-0079,Larkin Community Hospital Palm Springs Campus Program,Program Faculty Count / Faculty Distribution / Faculty Resident Ratio,0 / Physicians: 0; non-physicians: 0 / 0.00:1,Not published by the program to FREIDA (renders '--'); the program's own page publishes 8 named department members,SEMANTIC_MISMATCH,https://www.graduatemedicaleducation.org/our-faculty-neurology-psc/,HIGH,FIX_FIELD_SEMANTICS_OR_NULL_HANDLING,FL_STAGE_STRUCTURED_PER_FIELD,THE EXACT DEFECT PATTERN THE CONTRACT NAMED. FREIDA null sentinels stored as 0 against a real published faculty roster. Must never be reported as 'this program has no faculty'.,YES_WAVE1
FL,1801100158,RISE-NEURO-0079,Larkin Community Hospital Palm Springs Campus Program,Salary PGY1,0,Not published - FREIDA carries an explicit null and renders '--',SEMANTIC_MISMATCH,https://freida.ama-assn.org/program/1801100158,HIGH,FIX_FIELD_SEMANTICS_OR_NULL_HANDLING,FL_STAGE_STRUCTURED_PER_FIELD,"field_graduate_year_statistics=[{'salary': null,...}]. Reporting $0 to a student would be a serious error.",YES_WAVE1
FL,1801100158,RISE-NEURO-0079,Larkin Community Hospital Palm Springs Campus Program,Salary Paid By,Non-profit institution,Unestablished - FREIDA's rendered text and its own survey field contradict each other,GENUINE_SOURCE_CONFLICT,https://freida.ama-assn.org/program/1801100158,LOW,PRESERVE_BOTH_PENDING_PRIMARY_CONFIRMATION,FL_STAGE_STRUCTURED_PER_FIELD,Rendered page says 'Salary paid by a non-profit institution.' while field_salary_paid_nonprofit='No'.,YES_WAVE1
FL,1801100158,RISE-NEURO-0079,Larkin Community Hospital Palm Springs Campus Program,Major Medical Residents,"Available, Not Paid By Institution",Institution & Resident Share Cost,CONFIRMED_CORRECTION,https://freida.ama-assn.org/program/1801100158,HIGH,UPDATE_REGISTRY_VALUE,FL_STAGE_STRUCTURED_PER_FIELD,A better term for the resident than the registry implies.,YES_WAVE1
FL,1801100158,RISE-NEURO-0079,Larkin Community Hospital Palm Springs Campus Program,Family Medical Leave Paid/Unpaid Days,0 / 0,Unestablished - 0/0 is an implausible non-response sentinel,SEMANTIC_MISMATCH,https://freida.ama-assn.org/program/1801100158,MEDIUM,FIX_FIELD_SEMANTICS_OR_NULL_HANDLING,FL_STAGE_STRUCTURED_PER_FIELD,Zero paid AND zero unpaid family/medical leave is not credible for an ACGME-accredited program. Must not be reported as 'no leave offered'.,YES_WAVE1
FL,1801100158,RISE-NEURO-0079,Larkin Community Hospital Palm Springs Campus Program,International Graduates / US Graduates / DO Graduates Percent,IMG 87.5%; US MD 0.0%; DO 12.5%,"IMG 93.8%; US MD 0.0%; DO 6.2% - and these are THREE-YEAR AVERAGES, not cohort counts",CONFIRMED_CORRECTION,https://freida.ama-assn.org/program/1801100158,HIGH,UPDATE_REGISTRY_VALUE,FL_STAGE_STRUCTURED_PER_FIELD,"Superseded in value, and semantically misleading in both versions: the registry presents them without FREIDA's 'Three year averages' caveat, which is what makes them unusable as a breakdown of the current 16 residents.",YES_WAVE1
FL,1801100158,RISE-NEURO-0079,Larkin Community Hospital Palm Springs Campus Program,Step Preferences / US MD Step 1 Required / IMG Step 1 Required / DO COMLEX Level 1 Required,Step 1 passed: Yes (MD and IMG); COMLEX L1 passed: Yes,"Confirmed, AND the registry omits the Step 2 CK / COMLEX Level 2 half of the same FREIDA block, which is answered Yes for all three applicant categories under the heading 'for Interview Consideration'",CONFIRMED_CORRECTION,https://freida.ama-assn.org/program/1801100158,MEDIUM,UPDATE_REGISTRY_VALUE,FL_STAGE_STRUCTURED_PER_FIELD,The registry captured only the Step 1 rows of a block that also contains Step 2 CK rows. That omission hides this dossier's single most consequential finding for Alejandra - see domain 5.,YES_WAVE1
FL,1801100158,RISE-NEURO-0079,Larkin Community Hospital Palm Springs Campus Program,Program Status,FREIDA: accepting current year; accepting next year,Accepting current year: true. Accepting NEXT year: FALSE,CONFIRMED_CORRECTION,https://freida.ama-assn.org/program/1801100158,MEDIUM,UPDATE_REGISTRY_VALUE,FL_STAGE_STRUCTURED_PER_FIELD,"field_accepting_next_year=false in the 2026-07-21 survey. The live page still shows an 'ACCEPTING APPLICATIONS' badge for the current cycle, which is Alejandra's cycle. The sibling program carries the identical pair, suggesting a Larkin-wide answering pattern. Operational meaning not established; not speculated on.",YES_WAVE1
FL,1801100158,RISE-NEURO-0079,Larkin Community Hospital Palm Springs Campus Program,Survey Received / FREIDA Last Updated,2025-07-16 / 2026-02-19,2026-07-21 / 2026-08-20,STALE_REGISTRY_VALUE,https://freida.ama-assn.org/program/1801100158,HIGH,REFRESH_FROM_CURRENT_CYCLE,FL_STAGE_STRUCTURED_PER_FIELD,A full survey cycle newer than the registry release of 2026-07-09 - received 12 days after the registry was cut. This is the root cause of most supersessions above.,YES_WAVE1
FL,1801100158,RISE-NEURO-0079,Larkin Community Hospital Palm Springs Campus Program,Primary Care / Hospitalist / Women's Health / Clinician Educator Track,No / No / No / No,"All No, BUT field_special_tracks=['Other'] renders as 'Another track | Yes'",CONFIRMED_CORRECTION,https://freida.ama-assn.org/program/1801100158,MEDIUM,UPDATE_REGISTRY_VALUE,FL_STAGE_STRUCTURED_PER_FIELD,An unnamed additional track exists that the registry does not capture. Its content is nowhere described - RESEARCHED_NOT_PUBLIC.,YES_WAVE1
FL,1801100158,RISE-NEURO-0079,Larkin Community Hospital Palm Springs Campus Program,Interviews Per First Year Position,15.0:1,10:1,CONFIRMED_CORRECTION,https://freida.ama-assn.org/program/1801100158,HIGH,UPDATE_REGISTRY_VALUE,FL_STAGE_STRUCTURED_PER_FIELD,,YES_WAVE1
FL,1801100159,RISE-NEURO-0109,Memorial Healthcare System (Hollywood Florida) Program,Program Director,(empty),"Buse Sengul, MD",INSUFFICIENT_EVIDENCE,https://www.mhs.net/providers/s/sengul-buse,HIGH,NO_ACTION_INSUFFICIENT_EVIDENCE,FL_STAGE_STRUCTURED_PER_FIELD,"The known registry schema gap — the field is empty for most rows. Recovered from three independent official sources (program welcome page, FREIDA field_program_director, NRMP directory). A registry schema gap, not a research gap.",YES_WAVE2
FL,1801100159,RISE-NEURO-0109,Memorial Healthcare System (Hollywood Florida) Program,US MD Graduates Percent,12.5%,18.8% (3 of 16),CONFIRMED_CORRECTION,https://freida.ama-assn.org/program/1801100159,HIGH,UPDATE_REGISTRY_VALUE,FL_STAGE_STRUCTURED_PER_FIELD,"FREIDA 2026 survey field_pct_usmd = 18.8, which matches the named roster exactly. Registry value is the 2025-06-11 survey cycle.",YES_WAVE2
FL,1801100159,RISE-NEURO-0109,Memorial Healthcare System (Hollywood Florida) Program,DO Graduates Percent,56.2%,68.8% (11 of 16),CONFIRMED_CORRECTION,https://freida.ama-assn.org/program/1801100159,HIGH,UPDATE_REGISTRY_VALUE,FL_STAGE_STRUCTURED_PER_FIELD,FREIDA 2026 field_pct_do = 68.8; matches the named roster.,YES_WAVE2
FL,1801100159,RISE-NEURO-0109,Memorial Healthcare System (Hollywood Florida) Program,International Graduates / IMG Graduates Percent,31.2%,12.5% (2 of 16),CONFIRMED_CORRECTION,https://freida.ama-assn.org/program/1801100159,HIGH,UPDATE_REGISTRY_VALUE,FL_STAGE_STRUCTURED_PER_FIELD,"FREIDA 2026 field_pct_img = 12.5; matches the named roster (Alfaisal, Poznan). The registry figure would have overstated IMG representation by a factor of 2.5 and is the single most misleading registry value for an applicant sizing up this program's profile.",YES_WAVE2
FL,1801100159,RISE-NEURO-0109,Memorial Healthcare System (Hollywood Florida) Program,Resident Gender Female Percent,50.0%,62.5%,CONFIRMED_CORRECTION,https://freida.ama-assn.org/program/1801100159,HIGH,UPDATE_REGISTRY_VALUE,FL_STAGE_STRUCTURED_PER_FIELD,"FREIDA 2026 field_pct_female = 62.5, field_pct_male = 37.5.",YES_WAVE2
FL,1801100159,RISE-NEURO-0109,Memorial Healthcare System (Hollywood Florida) Program,US MD Step 2 Required,Yes,"A passing Step 2 CK is expected of US MD applicants (FREIDA field_usmle_us_md_pass_ck = true), but Step 2 is NOT required for consideration (field_usmle_step_2_required = false) and NOT required before interview (field_usmle_step2_req_int = false); the program's own page asks for Step 2 '(if available)'",SEMANTIC_MISMATCH,https://www.mhs.net/education/graduate-medical-education/residency-and-fellowship-programs/neurology-residency/neurology-residency-application-process,HIGH,FIX_FIELD_SEMANTICS_OR_NULL_HANDLING,FL_STAGE_STRUCTURED_PER_FIELD,"The registry rendered FREIDA's 'pass' boolean as 'Required', collapsing two different survey questions. As stored, the field overstates the requirement and carries no timing information at all — a reader could easily mistake it for a pre-interview barrier. This is the most consequential semantic defect in the row.",YES_WAVE2
FL,1801100159,RISE-NEURO-0109,Memorial Healthcare System (Hollywood Florida) Program,IMG Step 2 Required,Yes,"Same as above — pass expected, not required for consideration or interview",SEMANTIC_MISMATCH,https://freida.ama-assn.org/program/1801100159,HIGH,FIX_FIELD_SEMANTICS_OR_NULL_HANDLING,FL_STAGE_STRUCTURED_PER_FIELD,Same conflation as the US MD field.,YES_WAVE2
FL,1801100159,RISE-NEURO-0109,Memorial Healthcare System (Hollywood Florida) Program,Research Rotation,Optional,"Not available (FREIDA 2026 field_research_rotation = 'Not available', field_research_rotation_duration = 0)",CONFIRMED_CORRECTION,https://freida.ama-assn.org/program/1801100159,HIGH,UPDATE_REGISTRY_VALUE,FL_STAGE_STRUCTURED_PER_FIELD,"A substantive downgrade in one survey cycle. The program page still offers Office of Human Research support for IRB submissions, so research is possible without a protected block — but 'Optional' overstates what is on offer.",YES_WAVE2
FL,1801100159,RISE-NEURO-0109,Memorial Healthcare System (Hollywood Florida) Program,Major Medical Residents,Fully Paid by Institution,Institution & Resident Share Cost,CONFIRMED_CORRECTION,https://freida.ama-assn.org/program/1801100159,HIGH,UPDATE_REGISTRY_VALUE,FL_STAGE_STRUCTURED_PER_FIELD,FREIDA 2026 field_benefit_major_residents. One of six benefit lines that moved from fully-paid to cost-sharing between the 2025 and 2026 survey cycles.,YES_WAVE2
FL,1801100159,RISE-NEURO-0109,Memorial Healthcare System (Hollywood Florida) Program,Major Medical Dependents,Fully Paid by Institution,Institution & Resident Share Cost,CONFIRMED_CORRECTION,https://freida.ama-assn.org/program/1801100159,HIGH,UPDATE_REGISTRY_VALUE,FL_STAGE_STRUCTURED_PER_FIELD,FREIDA 2026 field_benefit_major_dependents.,YES_WAVE2
FL,1801100159,RISE-NEURO-0109,Memorial Healthcare System (Hollywood Florida) Program,Dental Insurance,Fully Paid by Institution,Institution & Resident Share Cost,CONFIRMED_CORRECTION,https://freida.ama-assn.org/program/1801100159,HIGH,UPDATE_REGISTRY_VALUE,FL_STAGE_STRUCTURED_PER_FIELD,FREIDA 2026 field_benefit_dental.,YES_WAVE2
FL,1801100159,RISE-NEURO-0109,Memorial Healthcare System (Hollywood Florida) Program,Disability Insurance,Fully Paid by Institution,Institution & Resident Share Cost,CONFIRMED_CORRECTION,https://freida.ama-assn.org/program/1801100159,HIGH,UPDATE_REGISTRY_VALUE,FL_STAGE_STRUCTURED_PER_FIELD,FREIDA 2026 field_benefit_disability; field_benefit_disability_hiv = 'Not Available'.,YES_WAVE2
FL,1801100159,RISE-NEURO-0109,Memorial Healthcare System (Hollywood Florida) Program,Inpatient Mental Health / Outpatient Mental Health,Fully Paid by Institution / Fully Paid by Institution,Institution & Resident Share Cost / Institution & Resident Share Cost,CONFIRMED_CORRECTION,https://freida.ama-assn.org/program/1801100159,HIGH,UPDATE_REGISTRY_VALUE,FL_STAGE_STRUCTURED_PER_FIELD,FREIDA 2026 field_benefit_inpatient_mental and field_benefit_outpatient_mental.,YES_WAVE2
FL,1801100159,RISE-NEURO-0109,Memorial Healthcare System (Hollywood Florida) Program,Vacation,25,"25 days of TOTAL paid leave 'including vacation, sick and holidays' — not 25 vacation days",SEMANTIC_MISMATCH,https://www.mhs.net/education/graduate-medical-education/benefits,HIGH,FIX_FIELD_SEMANTICS_OR_NULL_HANDLING,FL_STAGE_STRUCTURED_PER_FIELD,"The MHS GME Benefits page words it verbatim as 'Paid leave: 25 days (including vacation, sick and holidays)'. Stored as 'Vacation: 25' the field materially overstates the benefit.",YES_WAVE2
FL,1801100159,RISE-NEURO-0109,Memorial Healthcare System (Hollywood Florida) Program,Salary PGY1,61734,"$61,755.20 (MHS GME Benefits page) / 61734 (FREIDA 2026)",GENUINE_SOURCE_CONFLICT,https://www.mhs.net/education/graduate-medical-education/benefits,HIGH,PRESERVE_BOTH_PENDING_PRIMARY_CONFIRMATION,FL_STAGE_STRUCTURED_PER_FIELD,"A $21.20 difference between two official sources, both preserved. PGY2-PGY4 agree to the dollar across both.",YES_WAVE2
FL,1801100159,RISE-NEURO-0109,Memorial Healthcare System (Hollywood Florida) Program,Program Faculty Count,14,13 physician faculty plus 2 non-physician faculty (FREIDA 2026),CONFIRMED_CORRECTION,https://freida.ama-assn.org/program/1801100159,HIGH,UPDATE_REGISTRY_VALUE,FL_STAGE_STRUCTURED_PER_FIELD,"Note this is NOT the FREIDA-zero-sentinel defect pattern — the value is a real number in both cycles, just a different one. Independently, 18 clinicians are enumerable in Memorial Division of Neurology from the provider directory, which counts the division rather than designated program faculty.",YES_WAVE2
FL,1801100159,RISE-NEURO-0109,Memorial Healthcare System (Hollywood Florida) Program,Faculty Resident Ratio,0.90:1,0.80:1,CONFIRMED_CORRECTION,https://freida.ama-assn.org/program/1801100159,HIGH,UPDATE_REGISTRY_VALUE,FL_STAGE_STRUCTURED_PER_FIELD,FREIDA 2026 field_ratio_ft_faculty = '0.80'.,YES_WAVE2
FL,1801100159,RISE-NEURO-0109,Memorial Healthcare System (Hollywood Florida) Program,Female Faculty Percent,28.60%,23.10%,CONFIRMED_CORRECTION,https://freida.ama-assn.org/program/1801100159,HIGH,UPDATE_REGISTRY_VALUE,FL_STAGE_STRUCTURED_PER_FIELD,FREIDA 2026 field_pct_ft_female = '23.10'.,YES_WAVE2
FL,1801100159,RISE-NEURO-0109,Memorial Healthcare System (Hollywood Florida) Program,Board Certification Pass Rate Evaluation,No,"Yes — FREIDA 2026 field_program_evaluation_2019 includes ""Graduates' board certification pass rates""",CONFIRMED_CORRECTION,https://freida.ama-assn.org/program/1801100159,HIGH,UPDATE_REGISTRY_VALUE,FL_STAGE_STRUCTURED_PER_FIELD,The program does use graduates' board pass rates as a program-evaluation input. It still does not publish the rate itself.,YES_WAVE2
FL,1801100159,RISE-NEURO-0109,Memorial Healthcare System (Hollywood Florida) Program,Program Status,FREIDA: accepting current year; accepting next year,"FREIDA 2026: field_accepting_current_year = true, field_accepting_next_year = FALSE",CONFIRMED_CORRECTION,https://freida.ama-assn.org/program/1801100159,MEDIUM,UPDATE_REGISTRY_VALUE,FL_STAGE_STRUCTURED_PER_FIELD,"A meaningful change that an applicant should confirm directly with the program. FREIDA does not define the referent year for these two booleans on its public page, so this is reported as an observed change, not as evidence the program is closing a cycle. The NRMP Program Directory still lists code 2085180C0 as Active.",YES_WAVE2
FL,1801100159,RISE-NEURO-0109,Memorial Healthcare System (Hollywood Florida) Program,Interviews Conducted Last Year / Interviews Per First Year Position,80 / 20.0:1,"field_interviews_conducted is now null; field_historical_interview_stats gives 2019 80/4, 2020 80/4, 2021 75/4, 2022 50/4, 2023 80/4, 2024 80/4",STALE_REGISTRY_VALUE,https://freida.ama-assn.org/program/1801100159,HIGH,REFRESH_FROM_CURRENT_CYCLE,FL_STAGE_STRUCTURED_PER_FIELD,"The historical series is CONFIRMED unchanged; the current-year count is no longer reported. Roughly 20 interviews per position in five of six years, dipping to 12.5:1 in 2022.",YES_WAVE2
FL,1801100159,RISE-NEURO-0109,Memorial Healthcare System (Hollywood Florida) Program,Family Medical Leave Unpaid Days,NGO,"FREIDA field_leave_unpaid = 999, a null/negotiable sentinel",SEMANTIC_MISMATCH,https://freida.ama-assn.org/program/1801100159,HIGH,FIX_FIELD_SEMANTICS_OR_NULL_HANDLING,FL_STAGE_STRUCTURED_PER_FIELD,"The registry's 'NGO' rendering of FREIDA's 999 sentinel is faithful to FREIDA's own public page code for Negotiable, and the registry's own Evidence Notes disclose it. Flagged so a downstream reader does not treat 'NGO' as a quantity.",YES_WAVE2
FL,1801100159,RISE-NEURO-0109,Memorial Healthcare System (Hollywood Florida) Program,Integrative Medicine Curriculum / Health Systems Leadership Curriculum / Complementary Medicine Curriculum / Healthcare Economics Curriculum,Yes / Yes / Yes / Yes,"FREIDA 2026 field_resident_fellow_offer_2019 contains 'Integrative medicine curriculum' and the health systems leadership curriculum, but contains NO separate complementary medicine or healthcare economics entry",SEMANTIC_MISMATCH,https://freida.ama-assn.org/program/1801100159,MEDIUM,FIX_FIELD_SEMANTICS_OR_NULL_HANDLING,FL_STAGE_STRUCTURED_PER_FIELD,FREIDA offers these as a single multi-select list; the registry appears to have expanded one or two selections into four named boolean fields. Integrative medicine and health systems leadership are directly supported; complementary medicine and healthcare economics are not separately attested in the 2026 survey.,YES_WAVE2
FL,1801100159,RISE-NEURO-0109,Memorial Healthcare System (Hollywood Florida) Program,Survey Received / FREIDA Last Updated,2025-06-11 / 2026-02-19,field_date_received 2026-06-30; survey node created and published 2026-08-20; program node changed 2026-08-20,STALE_REGISTRY_VALUE,https://freida.ama-assn.org/program/1801100159,HIGH,REFRESH_FROM_CURRENT_CYCLE,FL_STAGE_STRUCTURED_PER_FIELD,The registry snapshot (release 2026-07-09) is built on the 2025 survey cycle. A full newer cycle existed by 2026-08-20 and is the basis for eleven superseded values in this reconciliation.,YES_WAVE2
FL,1801100159,RISE-NEURO-0109,Memorial Healthcare System (Hollywood Florida) Program,Hospital,Memorial Division of Neurology,"Memorial Division of Neurology is the practice/office organization name; the accredited training hospitals are Memorial Regional Hospital, Memorial Hospital West, Memorial Regional Hospital South, Joe DiMaggio Children's Hospital, Memorial Hospital Miramar and Memorial Hospital Pembroke",SEMANTIC_MISMATCH,https://freida.ama-assn.org/program/1801100159,HIGH,FIX_FIELD_SEMANTICS_OR_NULL_HANDLING,FL_STAGE_STRUCTURED_PER_FIELD,The registry stored FREIDA's field_address 'organization' string in a field a reader will take to be the primary teaching hospital. The primary teaching site is Memorial Regional Hospital.,YES_WAVE2
FL,1801100160,RISE-NEURO-0136,Palmetto General Hospital Program,Institution / Hospital,Palmetto General Hospital,"Palmetto General Hospital, operated since approximately September 2024 by Healthcare Systems of America (an American Healthcare Systems entity)",SEMANTIC_MISMATCH,https://www.aol.com/maternity-ward-saved-doctors-nurses-184251443.html,HIGH,FIX_FIELD_SEMANTICS_OR_NULL_HANDLING,FL_STAGE_STRUCTURED_PER_FIELD,"The facility name is correct and is still the ACGME Sponsoring Institution, but the registry carries no operator field, so it silently preserves a Tenet/Steward-era picture. The program's own 2026 FREIDA survey now uses hsahospitals.com e-mail addresses.",YES_WAVE1
FL,1801100160,RISE-NEURO-0136,Palmetto General Hospital Program,Program Website,https://palmettogeneral.org/graduate-medical-education-program/,No functioning program website exists. This URL returns HTTP 200 but renders only the heading 'Graduate Medical Education'; the URL the program supplies to ERAS 2027 returns HTTP 404; the former GME site pghgme.com is a parked domain.,STALE_REGISTRY_VALUE,https://www.palmettogeneral.org/about-us/graduate-medical-education-program/neurology-residency,HIGH,REFRESH_FROM_CURRENT_CYCLE,FL_STAGE_STRUCTURED_PER_FIELD,First-class defect: an ERAS-participating program with no applicant-facing web presence.,YES_WAVE1
FL,1801100160,RISE-NEURO-0136,Palmetto General Hospital Program,Program Status,FREIDA: not accepting current year; accepting next year,"FREIDA survey received 2026-07-21: accepting current year = true, accepting next year = false (exact inversion). Corroborated active: ERAS 2027 'Participating'; NRMP directory 'Active'; 2 of 2 positions filled in the 2026 Match.",CONFIRMED_CORRECTION,https://systems.aamc.org/eras/erasstats/par/display.cfm?NAV_ROW=PAR&SPEC_CD=180,HIGH,UPDATE_REGISTRY_VALUE,FL_STAGE_STRUCTURED_PER_FIELD,"The registry value came from the survey received 2025-07-16 and is one cycle old. Note the flags invert between cycles, which suggests FREIDA respondents read 'current year' inconsistently; the ERAS 2027 'Participating' row is the load-bearing evidence, not the flag.",YES_WAVE1
FL,1801100160,RISE-NEURO-0136,Palmetto General Hospital Program,Total Residents,8,"8 is the APPROVED COMPLEMENT (FREIDA field_total_positions = 8, field_program_size = [2,2,2,2]). The actual census appears to be about 6.",COMPLEMENT_VS_CENSUS,https://freida.ama-assn.org/program/1801100160,MEDIUM,SPLIT_INTO_TWO_FIELDS,FL_STAGE_STRUCTURED_PER_FIELD,Exactly the defect the contract predicts. 8 must not be used as a roster denominator.,YES_WAVE1
FL,1801100160,RISE-NEURO-0136,Palmetto General Hospital Program,Current Residents PGY1/PGY2/PGY3,2 / 2 / 2 (no PGY4 row),Sums to 6 and is consistent with the derived census of 6; no PGY-4 head-count is reported in either cycle,INSUFFICIENT_EVIDENCE,https://freida.ama-assn.org/program/1801100160,MEDIUM,NO_ACTION_INSUFFICIENT_EVIDENCE,FL_STAGE_STRUCTURED_PER_FIELD,No named roster exists to verify against. The absent PGY-4 row is itself informative given a first appointment year of 2021 with a quota of 1.,YES_WAVE1
FL,1801100160,RISE-NEURO-0136,Palmetto General Hospital Program,US MD Step 2 Required / Step Preferences (US MD Step 2 passed),Yes,FREIDA survey received 2026-07-21: field_usmle_us_md_pass_ck = false,GENUINE_SOURCE_CONFLICT,https://freida.ama-assn.org/program/1801100160,MEDIUM,PRESERVE_BOTH_PENDING_PRIMARY_CONFIRMATION,FL_STAGE_STRUCTURED_PER_FIELD,Direct inversion between the 2025-07-16 and 2026-07-21 survey cycles for US MD candidates. IMG Step 2 CK pass requirement is stable at Yes in both cycles. Neither cycle states WHEN.,YES_WAVE1
FL,1801100160,RISE-NEURO-0136,Palmetto General Hospital Program,DO COMLEX Level 2 Required / DO Step 2 Required,Yes / Yes,"FREIDA 2026: field_comlex_do_pass_ce = false, field_do_usmle_req_ind = false",GENUINE_SOURCE_CONFLICT,https://freida.ama-assn.org/program/1801100160,MEDIUM,PRESERVE_BOTH_PENDING_PRIMARY_CONFIRMATION,FL_STAGE_STRUCTURED_PER_FIELD,Same cycle-over-cycle inversion pattern as the US MD Step 2 row.,YES_WAVE1
FL,1801100160,RISE-NEURO-0136,Palmetto General Hospital Program,Offers Preliminary Positions,Yes,FREIDA 2026: field_offers_preliminary_positio = false; field_pgy1_pos_type_prelim = false. NRMP lists only code 2121180C0 (categorical) with no P code in any appointment year 2021-2026.,CONFIRMED_CORRECTION,https://www.nrmp.org/wp-content/uploads/2026/03/Main_Match_Program_Results_2022-2026.pdf,HIGH,UPDATE_REGISTRY_VALUE,FL_STAGE_STRUCTURED_PER_FIELD,Important correction - the registry value would wrongly suggest a preliminary-year route into this program.,YES_WAVE1
FL,1801100160,RISE-NEURO-0136,Palmetto General Hospital Program,Program Start Date,June,"July (FREIDA 2026: field_program_start_dates = ['July'], field_start_date_july = 1, field_start_date_june = null)",CONFIRMED_CORRECTION,https://freida.ama-assn.org/program/1801100160,HIGH,UPDATE_REGISTRY_VALUE,FL_STAGE_STRUCTURED_PER_FIELD,Changed between survey cycles. The sibling Vascular Neurology fellowship still reports June.,YES_WAVE1
FL,1801100160,RISE-NEURO-0136,Palmetto General Hospital Program,Salary Paid By,Non-profit institution,Not a non-profit (FREIDA 2026: field_salary_paid_nonprofit = 'No'); CMS hospital_ownership = 'Proprietary'; FREIDA institution control_type = 'Corporation',CONFIRMED_CORRECTION,https://data.cms.gov/provider-data/api/1/datastore/query/xubh-q36u/0?conditions[0][property]=facility_name&conditions[0][value]=PALMETTO%20GENERAL%20HOSPITAL&conditions[0][operator]=%3D,HIGH,UPDATE_REGISTRY_VALUE,FL_STAGE_STRUCTURED_PER_FIELD,Corrected by two independent sources. Consistent with the for-profit ownership chain Tenet to Steward to Healthcare Systems of America.,YES_WAVE1
FL,1801100160,RISE-NEURO-0136,Palmetto General Hospital Program,Vacation,16,"16 days PGY-1, 20 days PGY-2 through PGY-4",SEMANTIC_MISMATCH,https://freida.ama-assn.org/program/1801100160,HIGH,FIX_FIELD_SEMANTICS_OR_NULL_HANDLING,FL_STAGE_STRUCTURED_PER_FIELD,The registry stores only the first-year figure where a reader would expect the scale.,YES_WAVE1
FL,1801100160,RISE-NEURO-0136,Palmetto General Hospital Program,Program Faculty Count / Faculty Distribution / Faculty Resident Ratio,"5 / Physicians: 5, non-physicians: 2 / 0.60:1","FREIDA 2026: field_total_physician = 1, field_total_non_physician = 0, field_ratio_ft_faculty = '0.10'",GENUINE_SOURCE_CONFLICT,https://freida.ama-assn.org/program/1801100160,LOW,PRESERVE_BOTH_PENDING_PRIMARY_CONFIRMATION,FL_STAGE_STRUCTURED_PER_FIELD,A five-fold disagreement between consecutive survey cycles. Either a data-entry artifact or a real faculty contraction during the ownership transition. Note this is the REVERSE of the Texas null-sentinel-as-zero defect: here the newer value is the suspect one. No published roster exists to arbitrate.,YES_WAVE1
FL,1801100160,RISE-NEURO-0136,Palmetto General Hospital Program,US Graduates / International Graduates / DO Graduates Percent,US MD: 0.0%; DO: 100.0%; IMG: 0.0%,"FREIDA 2026: field_pct_usmd = '0.0', field_pct_do = '50.0', field_pct_img = '50.0'",CONFIRMED_CORRECTION,https://freida.ama-assn.org/program/1801100160,MEDIUM,UPDATE_REGISTRY_VALUE,FL_STAGE_STRUCTURED_PER_FIELD,"Cohort mix shifted from all-DO to half-DO/half-IMG between cycles. US MD remains 0.0% in both - a factual signal for a US MD applicant, not a policy.",YES_WAVE1
FL,1801100160,RISE-NEURO-0136,Palmetto General Hospital Program,Resident Gender Female/Male Percent,50.0% / 50.0%,FREIDA 2026: 33.3% / 66.7%,CONFIRMED_CORRECTION,https://freida.ama-assn.org/program/1801100160,MEDIUM,UPDATE_REGISTRY_VALUE,FL_STAGE_STRUCTURED_PER_FIELD,"The 33.3/66.7 split is what pins the derived census at a multiple of 3, most plausibly 6.",YES_WAVE1
FL,1801100160,RISE-NEURO-0136,Palmetto General Hospital Program,Application Deadline,2025-09-26,"No program-specific deadline for the 2027 cycle. FREIDA 2026: field_latest_date_current_year = null, field_univ_spec_app_date_use = true. Neurology is a September Application Cycle specialty in ERAS 2027.",STALE_REGISTRY_VALUE,https://systems.aamc.org/eras/erasstats/par/display.cfm?NAV_ROW=PAR&SPEC_CD=180,HIGH,REFRESH_FROM_CURRENT_CYCLE,FL_STAGE_STRUCTURED_PER_FIELD,Exactly the one-cycle-stale deadline defect the contract predicts.,YES_WAVE1
FL,1801100160,RISE-NEURO-0136,Palmetto General Hospital Program,Interviews Conducted Last Year / Interviews Per First Year Position,14 / 7.0:1,FREIDA 2026: field_interviews_conducted = 15; historical stats add 2025: 15 interviews / 2 positions (7.5 per position),CONFIRMED_CORRECTION,https://freida.ama-assn.org/program/1801100160,HIGH,UPDATE_REGISTRY_VALUE,FL_STAGE_STRUCTURED_PER_FIELD,The registry captured the 2024 row; the 2026 survey adds a 2025 row.,YES_WAVE1
FL,1801100160,RISE-NEURO-0136,Palmetto General Hospital Program,IMG Friendly Indicators (visas),FREIDA IMG graduates: 0.0%; visas: (empty),field_visa_status = [] (still empty in 2026); IMG percentage now 50.0%,CONFIRMED_CORRECTION,https://freida.ama-assn.org/program/1801100160,MEDIUM,UPDATE_REGISTRY_VALUE,FL_STAGE_STRUCTURED_PER_FIELD,The IMG figure moved from 0.0% to 50.0%; the visa list remains empty in both cycles. Aggregator claims of J-1 sponsorship are unsupported.,YES_WAVE1
FL,1801100160,RISE-NEURO-0136,Palmetto General Hospital Program,Survey Received / FREIDA Last Updated,2025-07-16 / 2026-02-19,Survey received 2026-07-21; program node last changed 2026-08-20T01:18:01Z,CONFIRMED_CORRECTION,https://freida.ama-assn.org/program/1801100160,HIGH,UPDATE_REGISTRY_VALUE,FL_STAGE_STRUCTURED_PER_FIELD,"A full survey cycle newer than the registry snapshot, and newer than the registry release date of 2026-07-09. This single fact is what re-classifies most of the rows above.",YES_WAVE1
FL,1801112154,RISE-NEURO-0203,University of Florida College of Medicine Jacksonville Program - Neurology,Program Website,http://hscj.ufl.edu/neurology/residency/,https://neurology.med.jax.ufl.edu/education/neurology-residency/,STALE_REGISTRY_VALUE,https://neurology.med.jax.ufl.edu/education/neurology-residency/,HIGH,REFRESH_FROM_CURRENT_CYCLE,FL_STAGE_STRUCTURED_PER_FIELD,"The registry URL still resolves but 301-redirects to the current campus domain. NRMP's directory also still prints the old hscj.ufl.edu address. Not wrong, but superseded.",YES_WAVE3
FL,1801112154,RISE-NEURO-0203,University of Florida College of Medicine Jacksonville Program - Neurology,Program Status,FREIDA: not accepting current year; accepting next year,"FREIDA: ACCEPTING APPLICATIONS (field_accepting_current_year=true, field_accepting_next_year=false)",CONFIRMED_CORRECTION,https://freida.ama-assn.org/program/1801112154,HIGH,UPDATE_REGISTRY_VALUE,FL_STAGE_STRUCTURED_PER_FIELD,The flags are inverted relative to the registry. The registry read the 2025 survey; the 2026 survey (received 2026-06-16) reverses both booleans and the rendered page badge now reads 'ACCEPTING APPLICATIONS'.,YES_WAVE3
FL,1801112154,RISE-NEURO-0203,University of Florida College of Medicine Jacksonville Program - Neurology,NRMP Main Match Participation,No,Yes (field_match_nrmp_main=true; NRMP directory: 'The program track is participating in the Match'; NRMP results show a quota every year 2022-2026),CONFIRMED_CORRECTION,https://www.nrmp.org/wp-content/uploads/2026/03/Main_Match_Program_Results_2022-2026.pdf,HIGH,UPDATE_REGISTRY_VALUE,FL_STAGE_STRUCTURED_PER_FIELD,This registry value is materially wrong and would have misled an applicant into thinking the program does not use the Match. Three independent sources contradict it.,YES_WAVE3
FL,1801112154,RISE-NEURO-0203,University of Florida College of Medicine Jacksonville Program - Neurology,Application Deadline,2025-09-15,December 31 (program's own published deadline),CONFIRMED_CORRECTION,https://neurology.med.jax.ufl.edu/education/neurology-residency/how-to-apply/,HIGH,UPDATE_REGISTRY_VALUE,FL_STAGE_STRUCTURED_PER_FIELD,"The program states verbatim 'The deadline for submitting your completed application is Dec. 31.' The 2026 survey sets field_univ_spec_app_date_use=true with field_latest_date_current_year=null, so FREIDA now carries no program-specific date at all. The registry value was a prior-cycle artifact.",YES_WAVE3
FL,1801112154,RISE-NEURO-0203,University of Florida College of Medicine Jacksonville Program - Neurology,Total Residents,12,Approved complement 12 AND actual census 12 - established separately,COMPLEMENT_VS_CENSUS,https://neurology.med.jax.ufl.edu/education/neurology-residency/residents/,HIGH,SPLIT_INTO_TWO_FIELDS,FL_STAGE_STRUCTURED_PER_FIELD,"The registry stores a single number where a reader needs two. Here they coincide, but the 12 in the registry derives from FREIDA field_total_positions (offered complement), whereas the census 12 comes from head-counting the program's published named roster. Reported separately in this dossier.",YES_WAVE3
FL,1801112154,RISE-NEURO-0203,University of Florida College of Medicine Jacksonville Program - Neurology,Residents Per Year,PGY-1: 4; PGY-2: 4; PGY-3: 4,"Program years PRG-1/PRG-2/PRG-3 = PGY-2/PGY-3/PGY-4, 4 each",SEMANTIC_MISMATCH,https://freida.ama-assn.org/program/1801112154,HIGH,FIX_FIELD_SEMANTICS_OR_NULL_HANDLING,FL_STAGE_STRUCTURED_PER_FIELD,"The registry's PGY labels are off by one because this is an ADVANCED program with no PGY-1. FREIDA renders 'PGY-1 Positions Not Offered' and the program's own block schedule is headed 'First Year Neurology Residency (PGY-2)', 'Second Year (PGY-3)', 'Third Year (PGY-4)'.",YES_WAVE3
FL,1801112154,RISE-NEURO-0203,University of Florida College of Medicine Jacksonville Program - Neurology,Offers Preliminary Positions,No,No - the program itself offers none; a paired Med-Prelim/Neurology PGY-1 track exists under the Internal Medicine department (NRMP code 1101140P1),SEMANTIC_MISMATCH,https://www.nrmp.org/wp-content/uploads/2026/03/Main_Match_Program_Results_2022-2026.pdf,HIGH,FIX_FIELD_SEMANTICS_OR_NULL_HANDLING,FL_STAGE_STRUCTURED_PER_FIELD,"Literally correct but misleading in isolation. The neurology program offers no prelim positions, yet a guaranteed coordinated PGY-1 in internal medicine on the same campus is central to how one actually enters this program.",YES_WAVE3
FL,1801112154,RISE-NEURO-0203,University of Florida College of Medicine Jacksonville Program - Neurology,Salary PGY1,69444,Not applicable - the program has no PGY-1 year; 69444 is the PRG-1 (PGY-2) entry stipend,SEMANTIC_MISMATCH,https://freida.ama-assn.org/program/1801112154,HIGH,FIX_FIELD_SEMANTICS_OR_NULL_HANDLING,FL_STAGE_STRUCTURED_PER_FIELD,"FREIDA's field_graduate_year_statistics has a null salary in its first element precisely because there is no PGY-1. The registry filled a PGY-1 row from field_first_year_salary, producing four salary lines for a three-year program.",YES_WAVE3
FL,1801112154,RISE-NEURO-0203,University of Florida College of Medicine Jacksonville Program - Neurology,Program Faculty Count,19,30 physician faculty (field_total_physician=30),CONFIRMED_CORRECTION,https://freida.ama-assn.org/program/1801112154,HIGH,UPDATE_REGISTRY_VALUE,FL_STAGE_STRUCTURED_PER_FIELD,The 2026 survey raises the count from 19 to 30. Not a null sentinel in this case - both values are real answers from different survey cycles.,YES_WAVE3
FL,1801112154,RISE-NEURO-0203,University of Florida College of Medicine Jacksonville Program - Neurology,Faculty Resident Ratio,1.50:1,2.5:1 (field_ratio_ft_faculty=2.50),CONFIRMED_CORRECTION,https://freida.ama-assn.org/program/1801112154,HIGH,UPDATE_REGISTRY_VALUE,FL_STAGE_STRUCTURED_PER_FIELD,Moves with the faculty count between survey cycles.,YES_WAVE3
FL,1801112154,RISE-NEURO-0203,University of Florida College of Medicine Jacksonville Program - Neurology,Female Faculty Percent,22.20%,40.00% full-time female faculty (field_pct_ft_female),CONFIRMED_CORRECTION,https://freida.ama-assn.org/program/1801112154,HIGH,UPDATE_REGISTRY_VALUE,FL_STAGE_STRUCTURED_PER_FIELD,2026 survey value.,YES_WAVE3
FL,1801112154,RISE-NEURO-0203,University of Florida College of Medicine Jacksonville Program - Neurology,Faculty Distribution,Physicians: 19; non-physicians: 4,"Physicians: 30; non-physicians: 0 (field_total_non_physician=0, field_part_time_paid_non_physicians=0)",CONFIRMED_CORRECTION,https://freida.ama-assn.org/program/1801112154,HIGH,UPDATE_REGISTRY_VALUE,FL_STAGE_STRUCTURED_PER_FIELD,"Both fields changed in the 2026 survey. Note the residency's own faculty page lists three PhD scientists, so the survey's 'non-physicians: 0' is itself questionable; the registry's older '4' may have been closer on that sub-field even though the physician count was lower.",YES_WAVE3
FL,1801112154,RISE-NEURO-0203,University of Florida College of Medicine Jacksonville Program - Neurology,US Graduates / International Graduates / DO Graduates Percent,US MD 16.7%; DO 58.3%; IMG 25.0%,"US MD 16.7%; DO 75.0%; IMG 8.3% (2026 survey, describing AY2025-2026)",CONFIRMED_CORRECTION,https://freida.ama-assn.org/program/1801112154,HIGH,UPDATE_REGISTRY_VALUE,FL_STAGE_STRUCTURED_PER_FIELD,"The 2026 figures resolve exactly to 2 US MD, 9 DO and 1 IMG against a denominator of 12, and match the archived AY2025-2026 roster person for person. The registry's DO/IMG split describes an earlier cohort and should not be applied to either the current or the prior year.",YES_WAVE3
FL,1801112154,RISE-NEURO-0203,University of Florida College of Medicine Jacksonville Program - Neurology,Resident Gender Female / Male Percent,33.3% / 66.7%,50.0% / 50.0% (field_pct_female / field_pct_male),CONFIRMED_CORRECTION,https://freida.ama-assn.org/program/1801112154,HIGH,UPDATE_REGISTRY_VALUE,FL_STAGE_STRUCTURED_PER_FIELD,2026 survey value.,YES_WAVE3
FL,1801112154,RISE-NEURO-0203,University of Florida College of Medicine Jacksonville Program - Neurology,Interviews Conducted Last Year,80,56 in 2025 (field_interviews_conducted=56),CONFIRMED_CORRECTION,https://freida.ama-assn.org/program/1801112154,HIGH,UPDATE_REGISTRY_VALUE,FL_STAGE_STRUCTURED_PER_FIELD,The 2026 survey adds a 2025 row (56 interviews / 4 positions) that the registry's historical series stops short of.,YES_WAVE3
FL,1801112154,RISE-NEURO-0203,University of Florida College of Medicine Jacksonville Program - Neurology,Interviews Per First Year Position,20.0:1,14.0:1 for 2025 (56/4),CONFIRMED_CORRECTION,https://freida.ama-assn.org/program/1801112154,HIGH,UPDATE_REGISTRY_VALUE,FL_STAGE_STRUCTURED_PER_FIELD,"Recomputed from the newer survey. A notable downward trend: 110:4 in 2021-2023, 80:4 in 2024, 56:4 in 2025.",YES_WAVE3
FL,1801112154,RISE-NEURO-0203,University of Florida College of Medicine Jacksonville Program - Neurology,Historical Interview Stats,2019: 85/4 ... 2024: 80/4,Same series plus 2025: 56/4,CONFIRMED_CORRECTION,https://freida.ama-assn.org/program/1801112154,HIGH,UPDATE_REGISTRY_VALUE,FL_STAGE_STRUCTURED_PER_FIELD,The 2026 survey extends field_historical_interview_stats by one year.,YES_WAVE3
FL,1801112154,RISE-NEURO-0203,University of Florida College of Medicine Jacksonville Program - Neurology,Healthcare Economics Curriculum,Yes,No - FREIDA renders 'Economics of health care systems curriculum - No',CONFIRMED_CORRECTION,https://freida.ama-assn.org/program/1801112154,HIGH,UPDATE_REGISTRY_VALUE,FL_STAGE_STRUCTURED_PER_FIELD,Flipped between survey cycles.,YES_WAVE3
FL,1801112154,RISE-NEURO-0203,University of Florida College of Medicine Jacksonville Program - Neurology,Step Preferences,US MD Step 1 passed: Yes; US MD Step 2 passed: Yes; IMG Step 1 passed: Yes; IMG Step 2 passed: Yes,"Same answers, and FREIDA renders them under the heading 'Medical Exam Licensing Requirements for Interview Consideration'",SEMANTIC_MISMATCH,https://freida.ama-assn.org/program/1801112154,HIGH,FIX_FIELD_SEMANTICS_OR_NULL_HANDLING,FL_STAGE_STRUCTURED_PER_FIELD,"The registry stores these as bare 'passed: Yes' flags with no timing. FREIDA's own rendering places them at INTERVIEW CONSIDERATION, which is the single most consequential fact in this dossier for a candidate with a delayed Step 2 result. The registry field name loses that.",YES_WAVE3
FL,1801112154,RISE-NEURO-0203,University of Florida College of Medicine Jacksonville Program - Neurology,DO Step 1 Required / DO Step 2 Required,Yes / Yes,No - field_do_usmle_req_ind=false; FREIDA renders 'Requires the USMLE Step 1 and/or Step 2 CK - No' for DO applicants,GENUINE_SOURCE_CONFLICT,https://freida.ama-assn.org/program/1801112154,HIGH,PRESERVE_BOTH_PENDING_PRIMARY_CONFIRMATION,FL_STAGE_STRUCTURED_PER_FIELD,"The registry asserts DO applicants must take USMLE; the 2026 survey says the opposite. DO applicants need COMLEX Levels 1 and 2, not USMLE.",YES_WAVE3
FL,1801112154,RISE-NEURO-0203,University of Florida College of Medicine Jacksonville Program - Neurology,Applicant Interview Format / Interview Style,In Person,Disputed - the program's own page describes an entirely virtual process; FREIDA field_interview_type=1 renders 'In Person'; OPDA specialty recommendation is 'Virtual',GENUINE_SOURCE_CONFLICT,https://neurology.med.jax.ufl.edu/education/neurology-residency/how-to-apply/,MEDIUM,PRESERVE_BOTH_PENDING_PRIMARY_CONFIRMATION,FL_STAGE_STRUCTURED_PER_FIELD,Preserved as a conflict rather than resolved. See domain 10 conflict_notes.,YES_WAVE3
FL,1801112154,RISE-NEURO-0203,University of Florida College of Medicine Jacksonville Program - Neurology,Program Director,(field absent from the registry row),"Shannon M LaBoy, MD, MS",CONFIRMED_CORRECTION,https://neurology.med.jax.ufl.edu/profile/laboy-shannon/,HIGH,UPDATE_REGISTRY_VALUE,FL_STAGE_STRUCTURED_PER_FIELD,"The known registry schema gap. The PD is in fact published in three independent places - the program site, her UF faculty profile, and the NRMP Program Directory.",YES_WAVE3
FL,1801112154,RISE-NEURO-0203,University of Florida College of Medicine Jacksonville Program - Neurology,Call Schedule,Year 1: Other for 7 week(s); Year 2: Other for 5; Year 3: Other for 2,Year 1: Other for 6 weeks; Year 2: 5; Year 3: 2,CONFIRMED_CORRECTION,https://freida.ama-assn.org/program/1801112154,MEDIUM,UPDATE_REGISTRY_VALUE,FL_STAGE_STRUCTURED_PER_FIELD,"Minor one-cycle drift in the first-year figure. The program's own block tables list 'Call (Nightfloat Calls) 6 weeks' in PGY-2, agreeing with the newer survey.",YES_WAVE3
FL,1801112154,RISE-NEURO-0203,University of Florida College of Medicine Jacksonville Program - Neurology,Program Faculty / Board Certification Pass Rate Evaluation,Yes,"Yes - but this is a yes/no answer about whether the program uses pass rates as a self-evaluation input, NOT a pass rate",SEMANTIC_MISMATCH,https://freida.ama-assn.org/program/1801112154,HIGH,FIX_FIELD_SEMANTICS_OR_NULL_HANDLING,FL_STAGE_STRUCTURED_PER_FIELD,A reader could easily take this field for a board pass rate. No pass rate is published; see domain 20.,YES_WAVE3
FL,1801112154,RISE-NEURO-0203,University of Florida College of Medicine Jacksonville Program - Neurology,Survey Received,2025-06-25,2026-06-16 (field_date_received on the live node--survey_2026),STALE_REGISTRY_VALUE,https://freida.ama-assn.org/program/1801112154,HIGH,REFRESH_FROM_CURRENT_CYCLE,FL_STAGE_STRUCTURED_PER_FIELD,This is the root cause of most of the SUPERSEDED rows above. The newer survey predates the registry release of 2026-07-09 by three weeks but was not ingested.,YES_WAVE3
FL,1801112154,RISE-NEURO-0203,University of Florida College of Medicine Jacksonville Program - Neurology,FREIDA Last Updated,2026-02-19,2026-08-20 (rendered 'Last Updated: 8/20/2026'; node changed 2026-08-20T01:18:01Z),STALE_REGISTRY_VALUE,https://freida.ama-assn.org/program/1801112154,HIGH,REFRESH_FROM_CURRENT_CYCLE,FL_STAGE_STRUCTURED_PER_FIELD,,YES_WAVE3
FL,1801112154,RISE-NEURO-0203,University of Florida College of Medicine Jacksonville Program - Neurology,IMG Friendly Indicators,FREIDA IMG graduates: 25.0%; visas: J-1 through ECFMG,IMG graduates 8.3% per the 2026 survey; visas J-1 through ECFMG,CONFIRMED_CORRECTION,https://freida.ama-assn.org/program/1801112154,HIGH,UPDATE_REGISTRY_VALUE,FL_STAGE_STRUCTURED_PER_FIELD,The IMG percentage fell by a factor of three between survey cycles. Treating 25% as current would overstate this program's recent IMG intake.,YES_WAVE3
FL,1801113148,RISE-NEURO-0095,Mayo Clinic College of Medicine and Science (Jacksonville) Program - Adult Neurology Residency (Florida),Program Name,Mayo Clinic College of Medicine and Science (Jacksonville) Program,Mayo Clinic College of Medicine and Science (Jacksonville) Program / marketed as 'Adult Neurology Residency (Florida)',SEMANTIC_MISMATCH,https://college.mayo.edu/academics/residencies-and-fellowships/adult-neurology-residency-florida/,HIGH,FIX_FIELD_SEMANTICS_OR_NULL_HANDLING,FL_STAGE_STRUCTURED_PER_FIELD,"The registry name is the FREIDA institutional-style string and does NOT contain the word ADULT, so it cannot by itself distinguish this program from the child neurology program at the same institution in the same city. The live program brands itself 'Adult Neurology Residency (Florida)'. This is the single most dangerous naming ambiguity in the ticket and is resolved by ACGME/NRMP code, not by nam",YES_WAVE1
FL,1801113148,RISE-NEURO-0095,Mayo Clinic College of Medicine and Science (Jacksonville) Program - Adult Neurology Residency (Florida),Program Website,http://college.mayo.edu/neurologyresidencyflorida,https://college.mayo.edu/academics/residencies-and-fellowships/adult-neurology-residency-florida/,STALE_REGISTRY_VALUE,https://college.mayo.edu/academics/residencies-and-fellowships/adult-neurology-residency-florida/,HIGH,REFRESH_FROM_CURRENT_CYCLE,FL_STAGE_STRUCTURED_PER_FIELD,The registry URL returns HTTP 404. The live path is /adult-neurology-residency-florida/.,YES_WAVE1
FL,1801113148,RISE-NEURO-0095,Mayo Clinic College of Medicine and Science (Jacksonville) Program - Adult Neurology Residency (Florida),Program Director,(empty),"Elizabeth A. Mauricio, M.D.",CONFIRMED_CORRECTION,https://freida.ama-assn.org/program/1801113148,HIGH,UPDATE_REGISTRY_VALUE,FL_STAGE_STRUCTURED_PER_FIELD,"The known registry schema gap, not a research gap. Recovered three ways: program page signature, FREIDA program_director paragraph (Elizabeth / A / Mauricio, mauricio.elizabeth@mayo.edu), NRMP directory.",YES_WAVE1
FL,1801113148,RISE-NEURO-0095,Mayo Clinic College of Medicine and Science (Jacksonville) Program - Adult Neurology Residency (Florida),Residents Per Year,PGY-1: 6; PGY-2: 6; PGY-3: 6,"6 per class verified by name (labelled PGY-2/3/4 by the program, not PGY-1/2/3); program website now advertises EIGHT positions per year",GENUINE_SOURCE_CONFLICT,https://college.mayo.edu/academics/residencies-and-fellowships/adult-neurology-residency-florida/application-process/,HIGH,PRESERVE_BOTH_PENDING_PRIMARY_CONFIRMATION,FL_STAGE_STRUCTURED_PER_FIELD,"Two defects in one field. (a) SEMANTIC: the registry's PGY-1/2/3 labels are the program's three NEUROLOGY years, which the program itself calls PGY-2, PGY-3 and PGY-4; there is a separate PGY-1 internal medicine preliminary year. (b) CONFLICT: the program's Application Process page says 'Eight positions are available on a competitive basis each year' and the Overview says it 'has since grown to ei",YES_WAVE1
FL,1801113148,RISE-NEURO-0095,Mayo Clinic College of Medicine and Science (Jacksonville) Program - Adult Neurology Residency (Florida),First Year Positions,6,6 per FREIDA 2026; 8 per the program's own 2026-cycle page,GENUINE_SOURCE_CONFLICT,https://college.mayo.edu/academics/residencies-and-fellowships/adult-neurology-residency-florida/application-process/,MEDIUM,PRESERVE_BOTH_PENDING_PRIMARY_CONFIRMATION,FL_STAGE_STRUCTURED_PER_FIELD,"Unresolved. FREIDA's historical series (4 positions 2019-2020, 6 positions 2021-2025) makes an increase to 8 plausible for the 2026 cycle but does not prove it.",YES_WAVE1
FL,1801113148,RISE-NEURO-0095,Mayo Clinic College of Medicine and Science (Jacksonville) Program - Adult Neurology Residency (Florida),Program Length,3 years,4 years total (PGY-1 IM preliminary + 3 ACGME neurology years); the accredited neurology segment is 3 years,SEMANTIC_MISMATCH,https://college.mayo.edu/academics/residencies-and-fellowships/adult-neurology-residency-florida/curriculum/,HIGH,FIX_FIELD_SEMANTICS_OR_NULL_HANDLING,FL_STAGE_STRUCTURED_PER_FIELD,Both are true of different things. The program calls itself 'The four-year Adult Neurology Residency'. A student told '3 years' would mis-plan by a year.,YES_WAVE1
FL,1801113148,RISE-NEURO-0095,Mayo Clinic College of Medicine and Science (Jacksonville) Program - Adult Neurology Residency (Florida),Medical School Graduation Timeline,No cap on the number of years,5 years since graduation,CONFIRMED_CORRECTION,https://freida.ama-assn.org/program/1801113148,HIGH,UPDATE_REGISTRY_VALUE,FL_STAGE_STRUCTURED_PER_FIELD,MATERIAL CORRECTION. FREIDA 2026 (received 2026-06-15): field_years_since_graduation = 5 with field_years_since_graduation_na = false. The registry carried the 2025-06-18 survey. A reader relying on the registry would wrongly tell a late-graduating applicant there is no recency screen.,YES_WAVE1
FL,1801113148,RISE-NEURO-0095,Mayo Clinic College of Medicine and Science (Jacksonville) Program - Adult Neurology Residency (Florida),Program Status,FREIDA: not accepting current year; accepting next year,FREIDA 2026: accepting current year = TRUE; accepting next year = FALSE,CONFIRMED_CORRECTION,https://freida.ama-assn.org/program/1801113148,HIGH,UPDATE_REGISTRY_VALUE,FL_STAGE_STRUCTURED_PER_FIELD,"The two flags have INVERTED since the registry snapshot. field_accepting_current_year = true, field_accepting_next_year = false.",YES_WAVE1
FL,1801113148,RISE-NEURO-0095,Mayo Clinic College of Medicine and Science (Jacksonville) Program - Adult Neurology Residency (Florida),Offers Preliminary Positions,Yes,"FREIDA 2026: field_offers_preliminary_positio = FALSE, while the program guarantees matched neurology applicants a place in its separate one-year Internal Medicine Preliminary Residency",SEMANTIC_MISMATCH,https://college.mayo.edu/academics/residencies-and-fellowships/adult-neurology-residency-florida/curriculum/,MEDIUM,FIX_FIELD_SEMANTICS_OR_NULL_HANDLING,FL_STAGE_STRUCTURED_PER_FIELD,"The neurology program itself does not offer preliminary positions; the internal medicine program does, and it reserves them for trainees who do all their training at Mayo Florida. Verbatim: 'Applicants who match in our Neurology Residency Program are guaranteed a position in our one-year Internal Medicine Preliminary Residency Program.'",YES_WAVE1
FL,1801113148,RISE-NEURO-0095,Mayo Clinic College of Medicine and Science (Jacksonville) Program - Adult Neurology Residency (Florida),Applicant Interview Format / Interview Style,In Person,"VIRTUAL interview days held October-January, plus a separate OPTIONAL in-person second look in February 2027",GENUINE_SOURCE_CONFLICT,https://college.mayo.edu/academics/residencies-and-fellowships/adult-neurology-residency-florida/application-process/,HIGH,PRESERVE_BOTH_PENDING_PRIMARY_CONFIRMATION,FL_STAGE_STRUCTURED_PER_FIELD,The program's own 2026-cycle page is explicit about 'a virtual interview day'. FREIDA's field_interview_type = 1 (which the registry rendered 'In Person') and field_video_interview = false both point the other way. Program page preferred under the source hierarchy; both preserved.,YES_WAVE1
FL,1801113148,RISE-NEURO-0095,Mayo Clinic College of Medicine and Science (Jacksonville) Program - Adult Neurology Residency (Florida),Application Deadline,2025-09-24,No program-set deadline; FREIDA field_univ_spec_app_date_use = true (uses the universal specialty application date); field_latest_date_current_year = null,STALE_REGISTRY_VALUE,https://freida.ama-assn.org/program/1801113148,MEDIUM,REFRESH_FROM_CURRENT_CYCLE,FL_STAGE_STRUCTURED_PER_FIELD,Prior-cycle value. Must not be presented to a 2026-cycle applicant as this program's deadline.,YES_WAVE1
FL,1801113148,RISE-NEURO-0095,Mayo Clinic College of Medicine and Science (Jacksonville) Program - Adult Neurology Residency (Florida),Salary PGY1 / PGY2 / PGY3 / PGY4,75093 / 75093 / 78199 / 82510,Mayo Graduate Level 1-4 effective 2026-03-11: 75105 / 77721 / 80936 / 85398,STALE_REGISTRY_VALUE,https://college.mayo.edu/academics/residencies-and-fellowships/admissions-and-benefits/stipend-and-benefits/,HIGH,REFRESH_FROM_CURRENT_CYCLE,FL_STAGE_STRUCTURED_PER_FIELD,"Stale by one cycle AND semantically mismatched: Mayo pays by 'Graduate Level', not PGY, and the registry lists PGY1 and PGY2 at an identical figure which matches no Mayo table. FREIDA 2026's field_graduate_year_statistics carries a NULL first-year salary (the PGY-1 sits in the IM preliminary program) then 77121 / 80936 / 85398.",YES_WAVE1
FL,1801113148,RISE-NEURO-0095,Mayo Clinic College of Medicine and Science (Jacksonville) Program - Adult Neurology Residency (Florida),Faculty Resident Ratio,2.60:1,2.50:1 (FREIDA 2026 field_ratio_ft_faculty),CONFIRMED_CORRECTION,https://freida.ama-assn.org/program/1801113148,HIGH,UPDATE_REGISTRY_VALUE,FL_STAGE_STRUCTURED_PER_FIELD,Minor update in the newer survey.,YES_WAVE1
FL,1801113148,RISE-NEURO-0095,Mayo Clinic College of Medicine and Science (Jacksonville) Program - Adult Neurology Residency (Florida),International Graduates / US Graduates,IMG 18.8%; US MD 68.8%; DO 12.5%,"Verified roster: non-US 44.4% (8/18), US MD 50.0% (9/18), US DO 5.6% (1/18). FREIDA 2026: IMG 45.0, US MD 50.0, DO 5.0.",CONFIRMED_CORRECTION,https://college.mayo.edu/academics/residencies-and-fellowships/adult-neurology-residency-florida/meet-our-trainees/,HIGH,UPDATE_REGISTRY_VALUE,FL_STAGE_STRUCTURED_PER_FIELD,LARGEST SINGLE REGISTRY ERROR IN THIS DOSSIER. The registry figures imply a denominator of 16 and come from the 2025-06-18 survey. The newer FREIDA survey and my independent named-roster count agree with each other to within rounding. A reader relying on the registry would believe this program takes about one IMG in five; nearly half the current cohort trained outside the United States.,YES_WAVE1
FL,1801113148,RISE-NEURO-0095,Mayo Clinic College of Medicine and Science (Jacksonville) Program - Adult Neurology Residency (Florida),Resident Gender Female/Male Percent,68.8% / 31.2%,75.0% / 25.0% (FREIDA 2026),CONFIRMED_CORRECTION,https://freida.ama-assn.org/program/1801113148,HIGH,UPDATE_REGISTRY_VALUE,FL_STAGE_STRUCTURED_PER_FIELD,Same stale-denominator-of-16 issue as the school-composition fields.,YES_WAVE1
FL,1801113148,RISE-NEURO-0095,Mayo Clinic College of Medicine and Science (Jacksonville) Program - Adult Neurology Residency (Florida),Medical Spanish Curriculum,No,No formal Medical Spanish curriculum found after independent search; recorded as RESEARCHED_NOT_FOUND rather than as an affirmative programme 'No',INSUFFICIENT_EVIDENCE,https://freida.ama-assn.org/program/1801113148,MEDIUM,NO_ACTION_INSUFFICIENT_EVIDENCE,FL_STAGE_STRUCTURED_PER_FIELD,"Deliberately NOT inherited - the contract flags this field as wrong at 3 of 16 Texas programs, twice via sibling-program contamination. Re-derived independently: a sweep of FREIDA's 210-field record for 'spanish', 'language', 'interpret' and 'bilingual' returned zero hits, and no program page carries language training. Same direction as the registry, but on my own evidence and expressed as an abse",YES_WAVE1
FL,1801113148,RISE-NEURO-0095,Mayo Clinic College of Medicine and Science (Jacksonville) Program - Adult Neurology Residency (Florida),Structured Didactic Activities PGY1 Hours,5,6 (FREIDA 2026 field_avg_hrs_lecture_conf_y1),CONFIRMED_CORRECTION,https://freida.ama-assn.org/program/1801113148,MEDIUM,UPDATE_REGISTRY_VALUE,FL_STAGE_STRUCTURED_PER_FIELD,Minor update.,YES_WAVE1
FL,1801113148,RISE-NEURO-0095,Mayo Clinic College of Medicine and Science (Jacksonville) Program - Adult Neurology Residency (Florida),Survey Received / FREIDA Last Updated,2025-06-18 / 2026-02-19,Survey received 2026-06-15; node changed 2026-08-20,CONFIRMED_CORRECTION,https://freida.ama-assn.org/program/1801113148,HIGH,UPDATE_REGISTRY_VALUE,FL_STAGE_STRUCTURED_PER_FIELD,"ROOT CAUSE of most defects above. The registry release of 2026-07-09 carries the 2025-06-18 survey, but a full newer survey cycle (received 2026-06-15, node revision 2026-08-20) was already live in FREIDA's ng-state payload. Re-reading that payload is what surfaced the years-since-graduation cap, the inverted accepting-applications flags, and the corrected composition percentages.",YES_WAVE1
FL,1801121025,RISE-NEURO-0205,"University of Florida Program (UF Neurology Residency), Gainesville",City / State / Zip,Gainesville / FL / 32611,"Gainesville, FL. Program address 1600 SW Archer Road, 32608 (NRMP); department physical address 1505 SW Archer Road, 32608; mailing Box 100236, 32610-0236",SEMANTIC_MISMATCH,https://programdirectory.nrmp.org/univ-of-florida-com-shands-hosp-fl-1824180c0/,HIGH,FIX_FIELD_SEMANTICS_OR_NULL_HANDLING,FL_STAGE_STRUCTURED_PER_FIELD,"32611 is the university's general mailing zip carried by FREIDA's address record, not the clinical or program address. Not an error, but a reader expecting a street address gets a campus box.",YES_WAVE3
FL,1801121025,RISE-NEURO-0205,"University of Florida Program (UF Neurology Residency), Gainesville",Program Status,FREIDA: not accepting current year; accepting next year,Accepting current year; NOT accepting next year,CONFIRMED_CORRECTION,https://freida.ama-assn.org/program/1801121025,HIGH,UPDATE_REGISTRY_VALUE,FL_STAGE_STRUCTURED_PER_FIELD,"The 2026 survey inverts both flags: field_accepting_current_year = true, field_accepting_next_year = false. The registry value is from the 2025 cycle.",YES_WAVE3
FL,1801121025,RISE-NEURO-0205,"University of Florida Program (UF Neurology Residency), Gainesville",Total Residents,32,Approved complement 32 AND actual enumerated census 32 - they coincide,COMPLEMENT_VS_CENSUS,https://neurology.ufl.edu/education/residency-program/residents/,HIGH,SPLIT_INTO_TWO_FIELDS,FL_STAGE_STRUCTURED_PER_FIELD,"The registry stores a single number where a reader may assume census. Here FREIDA's field_total_positions (32) and the named roster count (32) happen to agree, so the ambiguity is harmless at this program - but the two quantities are reported separately in this dossier.",YES_WAVE3
FL,1801121025,RISE-NEURO-0205,"University of Florida Program (UF Neurology Residency), Gainesville",Visa Sponsorship,J-1 through ECFMG; F-1,J-1 through ECFMG only; H-1B explicitly discontinued,CONFIRMED_CORRECTION,https://neurology.ufl.edu/education/residency-program/application/,HIGH,UPDATE_REGISTRY_VALUE,FL_STAGE_STRUCTURED_PER_FIELD,"The 2026 survey carries field_visa_status = ['J-1 through ECFMG'] with no F-1, and the program page states the department 'is no longer able to sponsor H-1B visas for housestaff'. F-1/OPT is no longer confirmed.",YES_WAVE3
FL,1801121025,RISE-NEURO-0205,"University of Florida Program (UF Neurology Residency), Gainesville",F1 OPT First Year,Yes,Not confirmed in the current cycle,STALE_REGISTRY_VALUE,https://freida.ama-assn.org/program/1801121025,MEDIUM,REFRESH_FROM_CURRENT_CYCLE,FL_STAGE_STRUCTURED_PER_FIELD,Carried from the 2025 survey; the 2026 survey record carries no F-1 value.,YES_WAVE3
FL,1801121025,RISE-NEURO-0205,"University of Florida Program (UF Neurology Residency), Gainesville",IMG Step 2 Required,Yes,No,CONFIRMED_CORRECTION,https://freida.ama-assn.org/program/1801121025,HIGH,UPDATE_REGISTRY_VALUE,FL_STAGE_STRUCTURED_PER_FIELD,"The 2026 survey carries field_usmle_img_pass_ck = false, a LOOSENING relative to the registry's 2025-cycle 'Yes'. Not relevant to Alejandra, who is a US MD graduate, but a real cycle-over-cycle policy change.",YES_WAVE3
FL,1801121025,RISE-NEURO-0205,"University of Florida Program (UF Neurology Residency), Gainesville",Step Preferences,US MD Step 1 passed: Yes; US MD Step 2 passed: No; IMG Step 1 passed: Yes; IMG Step 2 passed: Yes,US MD Step 1 passed: Yes; US MD Step 2 passed: No; IMG Step 1 passed: Yes; IMG Step 2 passed: NO,CONFIRMED_CORRECTION,https://freida.ama-assn.org/program/1801121025,HIGH,UPDATE_REGISTRY_VALUE,FL_STAGE_STRUCTURED_PER_FIELD,Only the IMG Step 2 element changed; the other three are confirmed.,YES_WAVE3
FL,1801121025,RISE-NEURO-0205,"University of Florida Program (UF Neurology Residency), Gainesville",International Graduates,18.8%,15.6% per the 2026 survey; 4 of 32 (12.5%) by enumerated roster,CONFIRMED_CORRECTION,https://freida.ama-assn.org/program/1801121025,HIGH,UPDATE_REGISTRY_VALUE,FL_STAGE_STRUCTURED_PER_FIELD,Three different figures across two survey cycles and the live roster; all preserved in domain 13.,YES_WAVE3
FL,1801121025,RISE-NEURO-0205,"University of Florida Program (UF Neurology Residency), Gainesville",US Graduates,US MD: 37.5%; DO: 43.8%,"2026 survey: US MD 40.6%, DO 43.8%. Enumerated roster: US MD 15/32 (46.9%), DO 12/32 (37.5%)",GENUINE_SOURCE_CONFLICT,https://neurology.ufl.edu/education/residency-program/residents/,HIGH,PRESERVE_BOTH_PENDING_PRIMARY_CONFIRMATION,FL_STAGE_STRUCTURED_PER_FIELD,The survey and the named roster disagree; most plausibly the survey describes the prior academic year's cohort. Neither was silently discarded.,YES_WAVE3
FL,1801121025,RISE-NEURO-0205,"University of Florida Program (UF Neurology Residency), Gainesville",Resident Gender Female Percent,53.1%,59.4%,CONFIRMED_CORRECTION,https://freida.ama-assn.org/program/1801121025,HIGH,UPDATE_REGISTRY_VALUE,FL_STAGE_STRUCTURED_PER_FIELD,field_pct_female = '59.4' in the 2026 survey.,YES_WAVE3
FL,1801121025,RISE-NEURO-0205,"University of Florida Program (UF Neurology Residency), Gainesville",Program Faculty Count,49,43 full-time physicians (2026 survey); 65 named active entries in the live department directory,GENUINE_SOURCE_CONFLICT,https://neurology.ufl.edu/about-us/directory/,HIGH,PRESERVE_BOTH_PENDING_PRIMARY_CONFIRMATION,FL_STAGE_STRUCTURED_PER_FIELD,"Three counts, three definitions. The registry's 49 is a 2025-cycle survey figure; the directory count is larger because it includes PhD scientists and regionally based clinicians.",YES_WAVE3
FL,1801121025,RISE-NEURO-0205,"University of Florida Program (UF Neurology Residency), Gainesville",Faculty Distribution,Physicians: 49; non-physicians: 8,Physicians: 43; non-physicians: 0,CONFIRMED_CORRECTION,https://freida.ama-assn.org/program/1801121025,HIGH,UPDATE_REGISTRY_VALUE,FL_STAGE_STRUCTURED_PER_FIELD,"field_total_physician = 43, field_total_non_physician = 0 in the 2026 survey. Note this is the FREIDA-zero pattern the contract warns about, but here 0 is the reported answer in a cycle where the physician count is also populated, so it reads as a genuine 0 rather than a null sentinel.",YES_WAVE3
FL,1801121025,RISE-NEURO-0205,"University of Florida Program (UF Neurology Residency), Gainesville",Faculty Resident Ratio,1.50:1,1.30:1,CONFIRMED_CORRECTION,https://freida.ama-assn.org/program/1801121025,HIGH,UPDATE_REGISTRY_VALUE,FL_STAGE_STRUCTURED_PER_FIELD,field_ratio_ft_faculty = '1.30'.,YES_WAVE3
FL,1801121025,RISE-NEURO-0205,"University of Florida Program (UF Neurology Residency), Gainesville",Female Faculty Percent,36.70%,39.50%,CONFIRMED_CORRECTION,https://freida.ama-assn.org/program/1801121025,HIGH,UPDATE_REGISTRY_VALUE,FL_STAGE_STRUCTURED_PER_FIELD,field_pct_ft_female = '39.50'.,YES_WAVE3
FL,1801121025,RISE-NEURO-0205,"University of Florida Program (UF Neurology Residency), Gainesville",Average Work Hours,54 hours/week,50 hours/week,CONFIRMED_CORRECTION,https://freida.ama-assn.org/program/1801121025,HIGH,UPDATE_REGISTRY_VALUE,FL_STAGE_STRUCTURED_PER_FIELD,field_avg_hours_on_duty_y1 = 50 in the 2026 survey.,YES_WAVE3
FL,1801121025,RISE-NEURO-0205,"University of Florida Program (UF Neurology Residency), Gainesville",Applicant Interview Format / Interview Style,In Person,Virtual for the 2026-2027 interview season,GENUINE_SOURCE_CONFLICT,https://neurology.ufl.edu/education/residency-program/application/,HIGH,PRESERVE_BOTH_PENDING_PRIMARY_CONFIRMATION,FL_STAGE_STRUCTURED_PER_FIELD,"The program page states it 'will conduct virtual interviews during the 2026-2027 interview season'. FREIDA's 2026 survey still carries field_interview_type = 1 (In Person) and field_video_interview = false. The program page is cycle-dated and more specific and should govern for planning, but both are preserved. This is materially good news for a Houston-based applicant.",YES_WAVE3
FL,1801121025,RISE-NEURO-0205,"University of Florida Program (UF Neurology Residency), Gainesville",Interviews Conducted Last Year,134,112,CONFIRMED_CORRECTION,https://freida.ama-assn.org/program/1801121025,HIGH,UPDATE_REGISTRY_VALUE,FL_STAGE_STRUCTURED_PER_FIELD,The 2026 survey adds a 2025 row to field_historical_interview_stats: 112 interviews for 8 first-year positions.,YES_WAVE3
FL,1801121025,RISE-NEURO-0205,"University of Florida Program (UF Neurology Residency), Gainesville",Interviews Per First Year Position,16.8:1,14:1 for the most recent cycle (112/8),CONFIRMED_CORRECTION,https://freida.ama-assn.org/program/1801121025,HIGH,UPDATE_REGISTRY_VALUE,FL_STAGE_STRUCTURED_PER_FIELD,Recomputed from the new 2025 row.,YES_WAVE3
FL,1801121025,RISE-NEURO-0205,"University of Florida Program (UF Neurology Residency), Gainesville",Historical Interview Stats,2019: 96/8; 2020: 136/8; 2021: 136/8; 2022: 127/8; 2023: 134/8; 2024: 134/8,Same six years plus 2025: 112/8,CONFIRMED_CORRECTION,https://freida.ama-assn.org/program/1801121025,HIGH,UPDATE_REGISTRY_VALUE,FL_STAGE_STRUCTURED_PER_FIELD,Seven-year series now available; position count has been a flat 8 every year since 2019.,YES_WAVE3
FL,1801121025,RISE-NEURO-0205,"University of Florida Program (UF Neurology Residency), Gainesville",Application Deadline,2025-12-01,No deadline date published in the current cycle,STALE_REGISTRY_VALUE,https://neurology.ufl.edu/education/residency-program/application/,HIGH,REFRESH_FROM_CURRENT_CYCLE,FL_STAGE_STRUCTURED_PER_FIELD,"The 2026 survey carries field_application_period = null and field_latest_date_current_year = null; the program page publishes a timeline (interviews mid-October to mid-December, ROL mid-February) but no deadline date.",YES_WAVE3
FL,1801121025,RISE-NEURO-0205,"University of Florida Program (UF Neurology Residency), Gainesville",Minimum LOR / Maximum LOR,3 / 4,Not published in the current cycle; a faculty letter is required,STALE_REGISTRY_VALUE,https://freida.ama-assn.org/program/1801121025,MEDIUM,REFRESH_FROM_CURRENT_CYCLE,FL_STAGE_STRUCTURED_PER_FIELD,"field_min_letters_req and field_max_letters_req are both null in the 2026 survey; field_faculty_letter = true, field_pgm_dir_letter_req_ind = false, field_chair_letter = false.",YES_WAVE3
FL,1801121025,RISE-NEURO-0205,"University of Florida Program (UF Neurology Residency), Gainesville",Program Director,(empty in registry),"Christina A. Wilson, MD, PhD - Program Director since 2015; christina.wilson@neurology.ufl.edu",CONFIRMED_CORRECTION,https://neurology.ufl.edu/education/residency-program/,HIGH,UPDATE_REGISTRY_VALUE,FL_STAGE_STRUCTURED_PER_FIELD,"The registry's empty Program Director field is the known schema gap, not a research gap. Filled from three independent sources: the program page bio, the FREIDA survey's program_individual paragraph, and the NRMP directory.",YES_WAVE3
FL,1801121025,RISE-NEURO-0205,"University of Florida Program (UF Neurology Residency), Gainesville",Medical Spanish Curriculum,No,"Cannot be re-derived from the current source; no formal Medical Spanish curriculum was found on any program, curriculum, tracks or GME page",SEMANTIC_MISMATCH,https://freida.ama-assn.org/program/1801121025,MEDIUM,FIX_FIELD_SEMANTICS_OR_NULL_HANDLING,FL_STAGE_STRUCTURED_PER_FIELD,"The FREIDA 2026 survey has NO Medical Spanish field at all and field_curriculum is an empty array, so the registry's 'No' has no current source behind it. Independent searching also found no Medical Spanish curriculum, so the registry's value is directionally right but unsupportable as stated. Verified fresh, not inherited - the contract flags this field as wrong at 3 of 16 Texas programs.",YES_WAVE3
FL,1801121025,RISE-NEURO-0205,"University of Florida Program (UF Neurology Residency), Gainesville",Call Schedule,Year 1: N/A; Year 2: N/A; Year 3: N/A; Year 4: N/A,"The survey answer is a sentinel, not an absence of call - the published structure is a night float system",SEMANTIC_MISMATCH,https://neurology.ufl.edu/education/residency-program/curriculum/,HIGH,FIX_FIELD_SEMANTICS_OR_NULL_HANDLING,FL_STAGE_STRUCTURED_PER_FIELD,"field_call_schedule is four 'N/A' entries and field_beeper_home_call is [99,99,99,99], both FREIDA sentinels. A reader taking 'N/A' at face value would wrongly conclude there is no call.",YES_WAVE3
FL,1801121025,RISE-NEURO-0205,"University of Florida Program (UF Neurology Residency), Gainesville",Salary Paid By,Non-profit institution,field_salary_paid_nonprofit = 'No' - UF is a public state university,GENUINE_SOURCE_CONFLICT,https://freida.ama-assn.org/program/1801121025,MEDIUM,PRESERVE_BOTH_PENDING_PRIMARY_CONFIRMATION,FL_STAGE_STRUCTURED_PER_FIELD,The registry's value is the opposite of the current survey answer.,YES_WAVE3
FL,1801121025,RISE-NEURO-0205,"University of Florida Program (UF Neurology Residency), Gainesville",Step 3 or COMLEX Level 3 Support,No,No support programme found; UF GME instead MANDATES Step 3 registration by September of the PGY-2 year,SEMANTIC_MISMATCH,https://gme.med.ufl.edu/wordpress/files/2024/08/GME_USMLE-COMLEX-Policy.pdf,HIGH,FIX_FIELD_SEMANTICS_OR_NULL_HANDLING,FL_STAGE_STRUCTURED_PER_FIELD,The UF GME USMLE/COMLEX Policy states residents 'must register and take the USMLE Step 3 for the first time no later than September of their PGY-2 year' and that those who fail 'must successfully pass this examination by the conclusion of their PYG-2 year'. A reader seeing 'Support: No' would miss that there is an affirmative institutional deadline.,YES_WAVE3
FL,1801121025,RISE-NEURO-0205,"University of Florida Program (UF Neurology Residency), Gainesville",Survey Received,2025-06-25,2026-06-30,CONFIRMED_CORRECTION,https://freida.ama-assn.org/program/1801121025,HIGH,UPDATE_REGISTRY_VALUE,FL_STAGE_STRUCTURED_PER_FIELD,"The live FREIDA page embeds a node--survey_2026 record with field_date_received = 2026-06-30, created and changed 2026-08-20 - a full cycle newer than the registry snapshot and dated after the 2026-07-09 registry release.",YES_WAVE3
FL,1801121025,RISE-NEURO-0205,"University of Florida Program (UF Neurology Residency), Gainesville",FREIDA Last Updated,2026-02-19,2026-08-20 (program node changed timestamp),CONFIRMED_CORRECTION,https://freida.ama-assn.org/program/1801121025,HIGH,UPDATE_REGISTRY_VALUE,FL_STAGE_STRUCTURED_PER_FIELD,FREIDA program node 127346 shows changed = 2026-08-20T01:18:01+00:00.,YES_WAVE3
FL,1801121025,RISE-NEURO-0205,"University of Florida Program (UF Neurology Residency), Gainesville",Interprofessional Teamwork,No,Contradicted by the published curriculum,GENUINE_SOURCE_CONFLICT,https://neurology.ufl.edu/education/residency-program/curriculum/,MEDIUM,PRESERVE_BOTH_PENDING_PRIMARY_CONFIRMATION,FL_STAGE_STRUCTURED_PER_FIELD,"FREIDA's structured answer is No, but the curriculum page describes multidisciplinary inpatient teams throughout (stroke ARNPs, neurocritical care APPs, off-service rotators from neurosurgery, anesthesia, psychiatry and pediatric neurology) and the MS and movement centres are explicitly interdisciplinary. This is likely a survey-question-scope mismatch rather than a factual claim about teamwork.",YES_WAVE3
FL,1801121026,RISE-NEURO-0216,University of Miami/Jackson Health System Program,Program Director,(empty),"Jason Margolesky, M.D., FAAN",CONFIRMED_CORRECTION,https://freida.ama-assn.org/program/1801121026,HIGH,UPDATE_REGISTRY_VALUE,FL_STAGE_STRUCTURED_PER_FIELD,"The documented registry schema gap. FREIDA carried the name all along in its program-director paragraph (field_first_name 'Jason', field_degrees 'MD', jhmargolesky@med.miami.edu), and three program pages confirm it. Not a research gap.",YES_WAVE1
FL,1801121026,RISE-NEURO-0216,University of Miami/Jackson Health System Program,Total Residents,45,Approved complement 45; actual named census 48 for 2025-2026,COMPLEMENT_VS_CENSUS,https://med.miami.edu/departments/neurology/education/neurology-residency-program/current-residents,HIGH,SPLIT_INTO_TWO_FIELDS,FL_STAGE_STRUCTURED_PER_FIELD,"45 is the approved complement, corroborated by four sources and internally consistent with 9 categorical x 4 years + 3 advanced x 3 years. The published named roster lists 48 residents. Must not be used as a roster denominator.",YES_WAVE1
FL,1801121026,RISE-NEURO-0216,University of Miami/Jackson Health System Program,Residents Per Year,PGY-1: 8; PGY-2: 12; PGY-3: 13; PGY-4: 12,Live 2025-2026 roster distribution: PGY-1 12; PGY-2 13; PGY-3 12; PGY-4 11,COMPLEMENT_VS_CENSUS,https://med.miami.edu/departments/neurology/education/neurology-residency-program/current-residents,HIGH,SPLIT_INTO_TWO_FIELDS,FL_STAGE_STRUCTURED_PER_FIELD,"Equals FREIDA field_program_size [8,12,13,12] summing to the complement of 45. Does not match the live roster. The registry also repeats these as 'Current Residents PGY1/PGY2/PGY3', which mislabels complement as current census.",YES_WAVE1
FL,1801121026,RISE-NEURO-0216,University of Miami/Jackson Health System Program,Current Residents PGY1 / PGY2 / PGY3,8 / 12 / 13,12 / 13 / 12,SEMANTIC_MISMATCH,https://med.miami.edu/departments/neurology/education/neurology-residency-program/current-residents,HIGH,FIX_FIELD_SEMANTICS_OR_NULL_HANDLING,FL_STAGE_STRUCTURED_PER_FIELD,"Field name says 'Current Residents' but the values are the FREIDA complement distribution, not a census.",YES_WAVE1
FL,1801121026,RISE-NEURO-0216,University of Miami/Jackson Health System Program,First Year Positions,8,NRMP 2026: 8 categorical + 4 advanced + 1 reserved = 13 entry positions. Program pages state 9 categorical + 3 advanced.,GENUINE_SOURCE_CONFLICT,https://www.nrmp.org/wp-content/uploads/2026/03/Main_Match_Program_Results_2022-2026.pdf,HIGH,PRESERVE_BOTH_PENDING_PRIMARY_CONFIRMATION,FL_STAGE_STRUCTURED_PER_FIELD,"FREIDA field_first_year_positions = 8 counts only the categorical PGY-1 quota and matches NRMP 2026 exactly. The program's own Eligibility and FAQ pages say 9 categorical and 3 advanced. NRMP shows the categorical quota oscillating 8-10 across 2022-2026, so the website figures are approximate steady-state numbers rather than the current quota.",YES_WAVE1
FL,1801121026,RISE-NEURO-0216,University of Miami/Jackson Health System Program,Salary PGY1 / PGY2 / PGY3 / PGY4,70790 / 73598 / 76597 / 80556,73622 / 76542 / 79661 / 83778 for academic year 2026-2027,STALE_REGISTRY_VALUE,https://graduate.jacksonhealth.org/resident-and-fellow-salary-and-benefits/,HIGH,REFRESH_FROM_CURRENT_CYCLE,FL_STAGE_STRUCTURED_PER_FIELD,"Jackson Health System's own GME salary page publishes the current scale. Notably FREIDA survey_2026 STILL reports 70790 despite a 2026-06-12 receipt date, so the employer HR page is fresher than the program's own survey answer. Registry also omits the union: pay follows a collective bargaining agreement with the Committee of Interns and Residents, plus a $75 biweekly supplement.",YES_WAVE1
FL,1801121026,RISE-NEURO-0216,University of Miami/Jackson Health System Program,Educational Stipend,On-call meal allowance,"$2,500 per year educational allowance (plus $1,500 per year for meals)",SEMANTIC_MISMATCH,https://med.miami.edu/departments/neurology/education/neurology-residency-program/frequently-asked-questions-about-residency-training-in-neurology,HIGH,FIX_FIELD_SEMANTICS_OR_NULL_HANDLING,FL_STAGE_STRUCTURED_PER_FIELD,"A field-mapping error: FREIDA's field_program_offers_2021 list contains the string 'On-call meal allowance' and the registry copied it into Educational Stipend, Meal Allowance AND Technology Allowance. The program FAQ states the real figures.",YES_WAVE1
FL,1801121026,RISE-NEURO-0216,University of Miami/Jackson Health System Program,Technology Allowance,On-call meal allowance,No technology allowance published,SEMANTIC_MISMATCH,https://med.miami.edu/departments/neurology/education/neurology-residency-program/frequently-asked-questions-about-residency-training-in-neurology,MEDIUM,FIX_FIELD_SEMANTICS_OR_NULL_HANDLING,FL_STAGE_STRUCTURED_PER_FIELD,Same mis-mapping. No technology or device allowance is published; three new lab coats and scrubs are provided annually.,YES_WAVE1
FL,1801121026,RISE-NEURO-0216,University of Miami/Jackson Health System Program,Medical Spanish Curriculum,Yes,Program checks the FREIDA option 'Instruction in medical Spanish or other non-English language'. No Medical Spanish curriculum is described on any program or department page.,SEMANTIC_MISMATCH,https://freida.ama-assn.org/program/1801121026,HIGH,FIX_FIELD_SEMANTICS_OR_NULL_HANDLING,FL_STAGE_STRUCTURED_PER_FIELD,"VERIFIED, NOT INHERITED - this field was wrong at 3 of 16 Texas programs. The underlying option does not even specify Spanish, and no curriculum, hours, instructor or format is published anywhere. 'Yes' materially overstates its own source.",YES_WAVE1
FL,1801121026,RISE-NEURO-0216,University of Miami/Jackson Health System Program,Applicant Interview Format / Interview Style,In Person,Virtual,CONFIRMED_CORRECTION,https://med.miami.edu/departments/neurology/education/neurology-residency-program/interviews,HIGH,UPDATE_REGISTRY_VALUE,FL_STAGE_STRUCTURED_PER_FIELD,"The program's own Interviews page states 'Interviews for invited applicants will be held virtually and take place from early November through end of January', and describes a Zoom welcome and virtual tours in lieu of a campus tour. FREIDA field_interview_type = 3 and field_video_interview = False are contradicted by the program's own page.",YES_WAVE1
FL,1801121026,RISE-NEURO-0216,University of Miami/Jackson Health System Program,ERAS Participates,No,Yes,CONFIRMED_CORRECTION,https://freida.ama-assn.org/program/1801121026,HIGH,UPDATE_REGISTRY_VALUE,FL_STAGE_STRUCTURED_PER_FIELD,"A plain registry defect. FREIDA field_participates_in_eras = True, and the program instructs applicants to apply through ERAS on three separate pages. Had this been trusted, the application route would have been described wrongly.",YES_WAVE1
FL,1801121026,RISE-NEURO-0216,University of Miami/Jackson Health System Program,Program Status,FREIDA: not accepting current year; accepting next year,FREIDA survey_2026: accepting current year (True); not accepting next year (False),CONFIRMED_CORRECTION,https://freida.ama-assn.org/program/1801121026,HIGH,UPDATE_REGISTRY_VALUE,FL_STAGE_STRUCTURED_PER_FIELD,"Exactly inverted by the newer survey cycle (field_accepting_current_year = True, field_accepting_next_year = False).",YES_WAVE1
FL,1801121026,RISE-NEURO-0216,University of Miami/Jackson Health System Program,Application Deadline,2025-11-01,CONFLICT: program pages say November 15 absolute; Jackson GME says September 15 to November 1,GENUINE_SOURCE_CONFLICT,https://med.miami.edu/departments/neurology/education/neurology-residency-program/application-information,HIGH,PRESERVE_BOTH_PENDING_PRIMARY_CONFIRMATION,FL_STAGE_STRUCTURED_PER_FIELD,Two official sources disagree and neither was silently preferred. The registry matches the Jackson GME date and is one cycle old. Conservative planning date is November 1; the stronger practical constraint is the program's statement that interview slots typically fill by October 15.,YES_WAVE1
FL,1801121026,RISE-NEURO-0216,University of Miami/Jackson Health System Program,Offers Preliminary Positions,Yes,FREIDA survey_2026 field_offers_preliminary_positio = False. The Neurology program offers no preliminary positions; it offers an Advanced track whose PGY-1 must be matched separately.,CONFIRMED_CORRECTION,https://freida.ama-assn.org/program/1801121026,HIGH,UPDATE_REGISTRY_VALUE,FL_STAGE_STRUCTURED_PER_FIELD,"The institution does sponsor Medicine-Preliminary positions (NRMP 1104140P0 and 1104140P3), but those belong to Internal Medicine, not to this Neurology program. Conflating them would misdescribe the advanced-track pathway.",YES_WAVE1
FL,1801121026,RISE-NEURO-0216,University of Miami/Jackson Health System Program,US MD Step 1 / Step 2 Required; IMG Step 1 / Step 2 Required,Yes (all four),A PASS in Steps 1 and 2 is required before the start of training; a SCORE is not required with the application or before interview,SEMANTIC_MISMATCH,https://freida.ama-assn.org/program/1801121026,HIGH,FIX_FIELD_SEMANTICS_OR_NULL_HANDLING,FL_STAGE_STRUCTURED_PER_FIELD,"The registry conflated FREIDA's two distinct field families: the *_pass_* fields (field_usmle_us_md_pass_1 / _ck and field_usmle_img_pass_1 / _ck, all True) with the *_required and *_req_int fields (field_usmle_step_1_required, field_usmle_step_2_required, field_usmle_step1_req_int, field_usmle_step2_req_int, all False). This is the single most consequential semantic error in the row for a candida",YES_WAVE1
FL,1801121026,RISE-NEURO-0216,University of Miami/Jackson Health System Program,DO Step 1 Required / DO Step 2 Required,Yes / Yes,No - FREIDA field_do_usmle_req_ind = False; DO applicants are not required to take the USMLE,CONFIRMED_CORRECTION,https://freida.ama-assn.org/program/1801121026,HIGH,UPDATE_REGISTRY_VALUE,FL_STAGE_STRUCTURED_PER_FIELD,"COMLEX Level 1 and Level 2-CE are accepted (field_comlex_do_pass_1 and field_comlex_do_pass_ce both True), and field_comlex_lvl1_req_int / lvl2_req_int are False.",YES_WAVE1
FL,1801121026,RISE-NEURO-0216,University of Miami/Jackson Health System Program,Program Faculty Count,82,Not determinable as a core-faculty count. 2025 survey said 82 physicians; survey_2026 returns 0 (null sentinel); the program says 'more than 100' department faculty; the directory exposes 113 profiles.,SEMANTIC_MISMATCH,https://med.miami.edu/departments/neurology/about-us/faculty,HIGH,FIX_FIELD_SEMANTICS_OR_NULL_HANDLING,FL_STAGE_STRUCTURED_PER_FIELD,"The documented FREIDA null-sentinel defect, caught in the act: field_total_physician = 0, field_total_non_physician = 0 and field_ratio_ft_faculty = '0.00' in the current survey. None of 82, 0 or 113 is the residency's ACGME core-faculty count, which is unpublished.",YES_WAVE1
FL,1801121026,RISE-NEURO-0216,University of Miami/Jackson Health System Program,Faculty Resident Ratio,1.80:1,Not determinable; survey_2026 field_ratio_ft_faculty = '0.00' (null sentinel),SEMANTIC_MISMATCH,https://freida.ama-assn.org/program/1801121026,MEDIUM,FIX_FIELD_SEMANTICS_OR_NULL_HANDLING,FL_STAGE_STRUCTURED_PER_FIELD,Derived from the stale 82 figure against a complement denominator.,YES_WAVE1
FL,1801121026,RISE-NEURO-0216,University of Miami/Jackson Health System Program,International Graduates / US Graduates,IMG 38.6%; US MD 56.8%; DO 4.5% (denominator 44),"survey_2026: US MD 48.9%, DO 6.7%, IMG 44.4% (denominator 45, i.e. 22 / 3 / 20)",STALE_REGISTRY_VALUE,https://freida.ama-assn.org/program/1801121026,MEDIUM,REFRESH_FROM_CURRENT_CYCLE,FL_STAGE_STRUCTURED_PER_FIELD,Registry values come from the survey received 2025-06-18; the newer survey received 2026-06-12 gives a different composition. The newer DO count of 3 matches the three DO degrees on the published roster exactly.,YES_WAVE1
FL,1801121026,RISE-NEURO-0216,University of Miami/Jackson Health System Program,Interviews Conducted Last Year,110,"survey_2026 field_interviews_conducted = 90; program pages say 100-120 invited interviews across 7 interview dates, and the FAQ says about 10% of over 950 applications",GENUINE_SOURCE_CONFLICT,https://med.miami.edu/departments/neurology/education/neurology-residency-program/program-statistics,MEDIUM,PRESERVE_BOTH_PENDING_PRIMARY_CONFIRMATION,FL_STAGE_STRUCTURED_PER_FIELD,The registry's 110 comes from the historical-interview-stats series rather than the current count.,YES_WAVE1
FL,1801121026,RISE-NEURO-0216,University of Miami/Jackson Health System Program,Hospital Outpatient Percent,30,20 (survey_2026 field_training_outpatient_clinic),CONFIRMED_CORRECTION,https://freida.ama-assn.org/program/1801121026,HIGH,UPDATE_REGISTRY_VALUE,FL_STAGE_STRUCTURED_PER_FIELD,Newer survey cycle.,YES_WAVE1
FL,1801121026,RISE-NEURO-0216,University of Miami/Jackson Health System Program,Structured Didactic Activities PGY1 Hours,5,4 (survey_2026 field_avg_hrs_lecture_conf_y1),CONFIRMED_CORRECTION,https://freida.ama-assn.org/program/1801121026,MEDIUM,UPDATE_REGISTRY_VALUE,FL_STAGE_STRUCTURED_PER_FIELD,Newer survey cycle.,YES_WAVE1
FL,1801121026,RISE-NEURO-0216,University of Miami/Jackson Health System Program,Call Schedule,Year 1: N/A; Year 2: N/A; Year 3: N/A; Year 4: N/A,Detailed four-year night-float and call schedule published by Jackson GME,CONFIRMED_CORRECTION,https://graduate.jacksonhealth.org/program/neurology/,HIGH,UPDATE_REGISTRY_VALUE,FL_STAGE_STRUCTURED_PER_FIELD,"The registry faithfully reproduced FREIDA's unanswered field_call_schedule (four 'N/A' entries), but the program's sponsoring institution publishes a full year-by-year call structure. An unanswered survey field was rendered as if it were the answer.",YES_WAVE1
FL,1801121026,RISE-NEURO-0216,University of Miami/Jackson Health System Program,Survey Received,2025-06-18,A newer cycle exists: survey_2026 with field_date_received 2026-06-12,STALE_REGISTRY_VALUE,https://freida.ama-assn.org/program/1801121026,HIGH,REFRESH_FROM_CURRENT_CYCLE,FL_STAGE_STRUCTURED_PER_FIELD,"THE KEYSTONE RECONCILIATION. The registry release date of 2026-07-09 is NEWER than the survey cycle it carries, so comparing release dates would have concealed a full cycle of change. Comparing survey dates as the contract directs exposed roughly a dozen superseded or corrected fields.",YES_WAVE1
FL,1801121027,RISE-NEURO-0240,University of South Florida Morsani Program - Adult Neurology Residency,Hospital,James A Haley Veterans Hosp,Tampa General Hospital is the primary teaching site; James A Haley Veterans Hospital is the program's administrative mailing address and a major participating site,SEMANTIC_MISMATCH,https://freida.ama-assn.org/program/1801121027,HIGH,FIX_FIELD_SEMANTICS_OR_NULL_HANDLING,FL_STAGE_STRUCTURED_PER_FIELD,"The registry stored the organisation line of FREIDA's postal address ('Dept of Neurology (127), 13000 Bruce B Downs Blvd, James A Haley Veterans Hosp'). FREIDA's field_institution AND field_survey.field_primary_teaching_site both resolve to Tampa General Hospital, and the program's Where We Train page says residents 'do a majority of their neurology inpatient training at this location' about TGH. ",YES_WAVE3
FL,1801121027,RISE-NEURO-0240,University of South Florida Morsani Program - Adult Neurology Residency,Program Status,FREIDA: not accepting current year; accepting next year,"FREIDA 2026 survey: field_accepting_current_year=true, field_accepting_next_year=false - the inverse of the registry",CONFIRMED_CORRECTION,https://freida.ama-assn.org/program/1801121027,MEDIUM,UPDATE_REGISTRY_VALUE,FL_STAGE_STRUCTURED_PER_FIELD,Both flags flipped between survey cycles. FREIDA's accepting-applications flags are frequently mis-set by programs and neither reading should be relied on for application planning; the program's own page and its published 1 October 2026 to 28 February 2027 interview window indicate it is recruiting for the 2027 Match.,YES_WAVE3
FL,1801121027,RISE-NEURO-0240,University of South Florida Morsani Program - Adult Neurology Residency,Residents Per Year,PGY-1: 8; PGY-2: 8; PGY-3: 8; PGY-4: 8,"FREIDA 2026 field_program_size=[12,12,8,8]; named census 12/7/8/8",CONFIRMED_CORRECTION,https://freida.ama-assn.org/program/1801121027,HIGH,UPDATE_REGISTRY_VALUE,FL_STAGE_STRUCTURED_PER_FIELD,The registry carries the pre-expansion per-level figures from the 2025 survey.,YES_WAVE3
FL,1801121027,RISE-NEURO-0240,University of South Florida Morsani Program - Adult Neurology Residency,Total Residents,32,40 total positions per FREIDA 2026 (field_total_positions); 35 named residents in the actual AY2026-27 census,COMPLEMENT_VS_CENSUS,https://health.usf.edu/medicine/neurology/residency/2028/,HIGH,SPLIT_INTO_TWO_FIELDS,FL_STAGE_STRUCTURED_PER_FIELD,"The registry's 32 is neither the current complement (40) nor the current census (35). It is the prior cycle's per-level figures summed. This is the exact defect pattern the contract warns about: a total spliced from position counts rather than head-counts, matching no real year.",YES_WAVE3
FL,1801121027,RISE-NEURO-0240,University of South Florida Morsani Program - Adult Neurology Residency,First Year Positions,8,12,CONFIRMED_CORRECTION,https://www.nrmp.org/wp-content/uploads/2026/03/Main_Match_Program_Results_2022-2026.pdf,HIGH,UPDATE_REGISTRY_VALUE,FL_STAGE_STRUCTURED_PER_FIELD,FREIDA 2026 field_first_year_positions=12; NRMP 2026 shows code 1109180C0 at quota 12 filled 12; the residency Overview page says 'Twelve (12) Adult Neurology residents are recruited each year'; and the PGY-1 page names twelve residents. Four independent confirmations.,YES_WAVE3
FL,1801121027,RISE-NEURO-0240,University of South Florida Morsani Program - Adult Neurology Residency,Salary PGY1,67343,69364,STALE_REGISTRY_VALUE,https://health.usf.edu/media/gyaje2us/resident-stipends-2026-2027.pdf,HIGH,REFRESH_FROM_CURRENT_CYCLE,FL_STAGE_STRUCTURED_PER_FIELD,"USF GME's own 2026-2027 Housestaff Stipends PDF gives CS-1 $69,364, matching FREIDA 2026 exactly. The registry figure is the prior cycle.",YES_WAVE3
FL,1801121027,RISE-NEURO-0240,University of South Florida Morsani Program - Adult Neurology Residency,Salary PGY2,69343,71424,STALE_REGISTRY_VALUE,https://health.usf.edu/media/gyaje2us/resident-stipends-2026-2027.pdf,HIGH,REFRESH_FROM_CURRENT_CYCLE,FL_STAGE_STRUCTURED_PER_FIELD,"CS-2 $71,424 on the 2026-2027 stipend schedule.",YES_WAVE3
FL,1801121027,RISE-NEURO-0240,University of South Florida Morsani Program - Adult Neurology Residency,Salary PGY3,71835,73991,STALE_REGISTRY_VALUE,https://health.usf.edu/media/gyaje2us/resident-stipends-2026-2027.pdf,HIGH,REFRESH_FROM_CURRENT_CYCLE,FL_STAGE_STRUCTURED_PER_FIELD,"CS-3 $73,991 on the 2026-2027 stipend schedule.",YES_WAVE3
FL,1801121027,RISE-NEURO-0240,University of South Florida Morsani Program - Adult Neurology Residency,Salary PGY4,74931,77179,STALE_REGISTRY_VALUE,https://health.usf.edu/media/gyaje2us/resident-stipends-2026-2027.pdf,HIGH,REFRESH_FROM_CURRENT_CYCLE,FL_STAGE_STRUCTURED_PER_FIELD,"CS-4 $77,179 on the 2026-2027 stipend schedule, effective for contracts starting 2026-07-01.",YES_WAVE3
FL,1801121027,RISE-NEURO-0240,University of South Florida Morsani Program - Adult Neurology Residency,Meal Allowance / Educational Stipend / Technology Allowance,On-call meal allowance (all three fields),"One FREIDA answer, field_program_offers_2021=['Free parking','On-call meal allowance']",SEMANTIC_MISMATCH,https://freida.ama-assn.org/program/1801121027,HIGH,FIX_FIELD_SEMANTICS_OR_NULL_HANDLING,FL_STAGE_STRUCTURED_PER_FIELD,"The registry rendered a single multi-select answer into three separate named fields, creating the appearance of an educational stipend and a technology allowance that FREIDA never reported. There is no evidence of either.",YES_WAVE3
FL,1801121027,RISE-NEURO-0240,University of South Florida Morsani Program - Adult Neurology Residency,Family Medical Leave Unpaid Days,NGO,FREIDA sentinel 999 (Negotiable); the GME leave policy grants up to 10 days of compensated parental/medical/caregiver leave per qualifying event,SEMANTIC_MISMATCH,https://health.usf.edu/medicine/gme/current/stipend-benefits,HIGH,FIX_FIELD_SEMANTICS_OR_NULL_HANDLING,FL_STAGE_STRUCTURED_PER_FIELD,field_leave_unpaid=999 is a FREIDA null/negotiable sentinel that the registry rendered as 'NGO'. The institutional leave policy is the substantive source.,YES_WAVE3
FL,1801121027,RISE-NEURO-0240,University of South Florida Morsani Program - Adult Neurology Residency,Program Faculty Count,42,FREIDA 2026 answers field_total_physician=0 and field_total_non_physician=0 (null sentinels); the department roster names 55 individuals; the residency page names 4 core plus 8 affiliated,SEMANTIC_MISMATCH,https://health.usf.edu/medicine/neurology/faculty/,MEDIUM,FIX_FIELD_SEMANTICS_OR_NULL_HANDLING,FL_STAGE_STRUCTURED_PER_FIELD,Textbook instance of the warned pattern: FREIDA null sentinels stored as 0 against a real multi-dozen faculty. Neither 42 nor 0 corresponds to anything published by the department.,YES_WAVE3
FL,1801121027,RISE-NEURO-0240,University of South Florida Morsani Program - Adult Neurology Residency,Faculty Distribution / Faculty Resident Ratio / Female Faculty Percent,Physicians: 42; non-physicians: 3 / 1.30:1 / 47.60%,Not answered in the 2026 survey (field_ratio_ft_faculty='0.00'; all full-time faculty breakdown fields null),STALE_REGISTRY_VALUE,https://freida.ama-assn.org/program/1801121027,MEDIUM,REFRESH_FROM_CURRENT_CYCLE,FL_STAGE_STRUCTURED_PER_FIELD,All three derive from the prior survey and have no counterpart in the current one.,YES_WAVE3
FL,1801121027,RISE-NEURO-0240,University of South Florida Morsani Program - Adult Neurology Residency,Interviews Conducted Last Year / Interviews Per First Year Position,82 / 10.3:1,117 interviews; about 9.75:1 against 12 positions,CONFIRMED_CORRECTION,https://freida.ama-assn.org/program/1801121027,HIGH,UPDATE_REGISTRY_VALUE,FL_STAGE_STRUCTURED_PER_FIELD,"FREIDA 2026 field_interviews_conducted=117 and field_historical_interview_stats now extends to a 2025 entry of 117, which the registry's history (ending 2024) does not contain.",YES_WAVE3
FL,1801121027,RISE-NEURO-0240,University of South Florida Morsani Program - Adult Neurology Residency,Historical Interview Stats,2019: 74/8; 2020: 90/8; 2021: 95/8; 2022: 95/8; 2023: 82/8; 2024: 82/8,"Same six years confirmed, plus a 2025 entry of 117 interviews present in the 2026 survey",CONFIRMED_CORRECTION,https://freida.ama-assn.org/program/1801121027,HIGH,UPDATE_REGISTRY_VALUE,FL_STAGE_STRUCTURED_PER_FIELD,The six registry years match FREIDA exactly; the registry is simply missing the newest year.,YES_WAVE3
FL,1801121027,RISE-NEURO-0240,University of South Florida Morsani Program - Adult Neurology Residency,Application Deadline,2025-11-30,Not published in the current cycle (FREIDA 2026 field_application_period and field_latest_date_current_year are both null); the program says to apply as early as possible and follow the NRMP calendar,STALE_REGISTRY_VALUE,https://freida.ama-assn.org/program/1801121027,HIGH,REFRESH_FROM_CURRENT_CYCLE,FL_STAGE_STRUCTURED_PER_FIELD,The registry date is the prior cycle's answer. Converting a null into a date would mislead an applicant about a hard deadline that the program no longer publishes.,YES_WAVE3
FL,1801121027,RISE-NEURO-0240,University of South Florida Morsani Program - Adult Neurology Residency,Offers Preliminary Positions,Yes,"No - FREIDA 2026 field_offers_preliminary_positio=false. The institution's Medicine-Preliminary NRMP positions (1109140P0) belong to Internal Medicine, not to this program",CONFIRMED_CORRECTION,https://freida.ama-assn.org/program/1801121027,HIGH,UPDATE_REGISTRY_VALUE,FL_STAGE_STRUCTURED_PER_FIELD,This program is categorical and delivers its own PGY-1 internally; it does not offer standalone preliminary positions.,YES_WAVE3
FL,1801121027,RISE-NEURO-0240,University of South Florida Morsani Program - Adult Neurology Residency,Required Supplemental Information,Yes,No - FREIDA 2026 field_nxt_supplement=false,CONFIRMED_CORRECTION,https://freida.ama-assn.org/program/1801121027,MEDIUM,UPDATE_REGISTRY_VALUE,FL_STAGE_STRUCTURED_PER_FIELD,Changed between survey cycles.,YES_WAVE3
FL,1801121027,RISE-NEURO-0240,University of South Florida Morsani Program - Adult Neurology Residency,US MD Step 1 Required / IMG Step 1 Required / DO Step 1 Required / DO COMLEX Level 1 Required,Yes (all four),"FREIDA 2026 answers field_usmle_step_1_required=false, field_usmle_step1_req_int=false, field_do_usmle_req_ind=false, with the per-cohort 'must have passed' fields null; institutional policy GME-201 independently requires a passing Step/Level I before training begins",GENUINE_SOURCE_CONFLICT,https://health.usf.edu/media/oyvdt3wb/gme-201-completion-of-usmle-comlex-policy.pdf,HIGH,PRESERVE_BOTH_PENDING_PRIMARY_CONFIRMATION,FL_STAGE_STRUCTURED_PER_FIELD,"The FREIDA-level answer changed from Yes to false between cycles, but institutional policy positively requires Step 1. The substantive answer is 'required for appointment'. Reporting the registry's Yes without the policy citation would be right by accident; reporting FREIDA's false as 'not required' would be wrong.",YES_WAVE3
FL,1801121027,RISE-NEURO-0240,University of South Florida Morsani Program - Adult Neurology Residency,Step Preferences,US MD Step 1 passed: Yes; IMG Step 1 passed: Yes,"Not answered in the 2026 survey (field_usmle_us_md_pass_1, field_usmle_img_pass_1, field_usmle_us_md_pass_ck, field_usmle_img_pass_ck all null)",STALE_REGISTRY_VALUE,https://freida.ama-assn.org/program/1801121027,MEDIUM,REFRESH_FROM_CURRENT_CYCLE,FL_STAGE_STRUCTURED_PER_FIELD,The 2026 survey left every per-cohort pass-requirement question blank.,YES_WAVE3
FL,1801121027,RISE-NEURO-0240,University of South Florida Morsani Program - Adult Neurology Residency,Medical School Graduation Timeline,2,FREIDA 2026 field_years_since_graduation=2 (confirmed); the program's IMG block separately says 'Graduation from medical school within the last 3 years',GENUINE_SOURCE_CONFLICT,https://health.usf.edu/medicine/neurology/residency/applicant-information/,HIGH,PRESERVE_BOTH_PENDING_PRIMARY_CONFIRMATION,FL_STAGE_STRUCTURED_PER_FIELD,The registry value is confirmed at the FREIDA level but contradicted by the program's own page for international graduates. Both preserved.,YES_WAVE3
FL,1801121027,RISE-NEURO-0240,University of South Florida Morsani Program - Adult Neurology Residency,Visa Sponsorship / J1 / H1B,J-1 through ECFMG / Yes / No,"J-1 through ECFMG confirmed; H-1B not routinely offered but the program page says it will consider H-1B for applicants with Steps 1 & 2 >250, and GME-202 provides a narrow institutional exception pathway",GENUINE_SOURCE_CONFLICT,https://health.usf.edu/medicine/neurology/residency/applicant-information/,HIGH,PRESERVE_BOTH_PENDING_PRIMARY_CONFIRMATION,FL_STAGE_STRUCTURED_PER_FIELD,The registry's flat 'H1B: No' is the FREIDA answer and is incomplete against the program's own page and institutional policy.,YES_WAVE3
FL,1801121027,RISE-NEURO-0240,University of South Florida Morsani Program - Adult Neurology Residency,Program Director,(field absent from the registry row),"Alfred T. Frontera, MD (afronter@usf.edu)",INSUFFICIENT_EVIDENCE,https://health.usf.edu/medicine/neurology/residency/faculty/,HIGH,NO_ACTION_INSUFFICIENT_EVIDENCE,FL_STAGE_STRUCTURED_PER_FIELD,"The registry row carries no Program Director field at all. This is the schema gap the contract describes, not a research gap: the PD is published on the residency Faculty page, in the Letter to Applicants signature, and in FREIDA's field_program_director paragraph.",YES_WAVE3
FL,1801121027,RISE-NEURO-0240,University of South Florida Morsani Program - Adult Neurology Residency,Residents by gender,Female 59.4% / Male 40.6%,FREIDA 2026: female 58.1% / male 41.9% over an implied denominator of 31 (AY2025-26),CONFIRMED_CORRECTION,https://freida.ama-assn.org/program/1801121027,MEDIUM,UPDATE_REGISTRY_VALUE,FL_STAGE_STRUCTURED_PER_FIELD,Newer survey figures; both describe the prior academic year rather than the current 35-person census.,YES_WAVE3
FL,1801121027,RISE-NEURO-0240,University of South Florida Morsani Program - Adult Neurology Residency,US MD / DO / IMG Graduates Percent,62.5% / 18.8% / 18.8%,"FREIDA 2026: 61.3% / 25.8% / 12.9%, implying 19 US MD + 8 DO + 4 IMG over a denominator of 31",CONFIRMED_CORRECTION,https://freida.ama-assn.org/program/1801121027,MEDIUM,UPDATE_REGISTRY_VALUE,FL_STAGE_STRUCTURED_PER_FIELD,"The registry percentages resolve to a denominator of 32 and the 2026 survey's to 31. Neither describes the current 35-person census. The 12.9% IMG figure means roughly four international graduates were in post in AY2025-26, none of whom the program identifies - which is why this dossier carries 15 residents in the UNKNOWN bucket rather than asserting zero IMGs.",YES_WAVE3
FL,1801121027,RISE-NEURO-0240,University of South Florida Morsani Program - Adult Neurology Residency,IMG Friendly Indicators,FREIDA IMG graduates: 18.8%; visas: J-1 through ECFMG,"IMG share now 12.9%; J-1 through ECFMG confirmed; the program's own IMG screens are demanding (first-attempt Steps 1 and 2 at 225+, one year US clinical experience, graduation within 3 years, current ECFMG certification)",CONFIRMED_CORRECTION,https://health.usf.edu/medicine/neurology/residency/applicant-information/,HIGH,UPDATE_REGISTRY_VALUE,FL_STAGE_STRUCTURED_PER_FIELD,"The IMG share fell between cycles. More importantly, the registry's 'IMG friendly' framing obscures a demanding published screen - and none of it applies to Alejandra, who is not an IMG.",YES_WAVE3
FL,1801121027,RISE-NEURO-0240,University of South Florida Morsani Program - Adult Neurology Residency,Survey Received / FREIDA Last Updated,2025-06-18 / 2026-02-19,FREIDA survey_2026 field_date_received=2026-07-08; node created and changed 2026-08-20,CONFIRMED_CORRECTION,https://freida.ama-assn.org/program/1801121027,HIGH,UPDATE_REGISTRY_VALUE,FL_STAGE_STRUCTURED_PER_FIELD,"The single most consequential reconciliation finding. The registry release of 2026-07-09 predates the current survey's availability by weeks, so the registry is one full survey cycle behind and every position, salary, interview and policy-flag change above flows from that one fact.",YES_WAVE3
FL,1801121027,RISE-NEURO-0240,University of South Florida Morsani Program - Adult Neurology Residency,Requires Previous GME,No,No for the categorical track; the 1-position reserved track 1109180R0 requires prior graduate medical education by NRMP's definition,GENUINE_SOURCE_CONFLICT,https://www.nrmp.org/wp-content/uploads/2026/03/Main_Match_Program_Results_2022-2026.pdf,HIGH,PRESERVE_BOTH_PENDING_PRIMARY_CONFIRMATION,FL_STAGE_STRUCTURED_PER_FIELD,The registry's flat 'No' is correct for the track Alejandra would apply to but wrong for the R track the program also ran in 2026.,YES_WAVE3
FL,1801122152,RISE-NEURO-0030,Cleveland Clinic Foundation/Florida Weston Program (self-described as the Cleveland Clinic Florida Neurology Residency Program),Program Website,http://www.clevelandclinic.org/florida/,https://my.clevelandclinic.org/florida/medical-professionals/education/graduate-medical-education/neurology-residency,CONFIRMED_CORRECTION,https://my.clevelandclinic.org/florida/medical-professionals/education/graduate-medical-education/neurology-residency,HIGH,UPDATE_REGISTRY_VALUE,FL_STAGE_STRUCTURED_PER_FIELD,The registry stores a generic Cleveland Clinic Florida landing URL. The program-specific URL is the one FREIDA itself now carries in field_xpp_policy_leave_url and the one the NRMP directory publishes under More Information.,YES_WAVE2
FL,1801122152,RISE-NEURO-0030,Cleveland Clinic Foundation/Florida Weston Program (self-described as the Cleveland Clinic Florida Neurology Residency Program),Program Status,FREIDA: not accepting current year; accepting next year,"Accepting current year; not accepting next year (FREIDA 2026: field_accepting_current_year = true, field_accepting_next_year = false)",CONFIRMED_CORRECTION,"https://freida-admin.ama-assn.org/api/node/program?include=field_image.field_media_image,field_specialty,field_survey,field_survey.field_program_director,field_survey.field_program_contact,field_survey.field_primary_teaching_site,field_institution,field_participant_institution,field_sponsor_institut",HIGH,UPDATE_REGISTRY_VALUE,FL_STAGE_STRUCTURED_PER_FIELD,"Values exactly transposed between the 2025 and 2026 survey cycles. Corroborated as currently recruiting by an Active NRMP track, an interview window of 2026-10-01 to 2027-02-28, and a 4/4 fill in the 2026 Match.",YES_WAVE2
FL,1801122152,RISE-NEURO-0030,Cleveland Clinic Foundation/Florida Weston Program (self-described as the Cleveland Clinic Florida Neurology Residency Program),Program Length,3 years,"3 accredited years (PGY-2 to PGY-4) PLUS a required, separately matched PGY-1 internal medicine year — four years of training in total",SEMANTIC_MISMATCH,https://my.clevelandclinic.org/florida/medical-professionals/education/graduate-medical-education/neurology-residency,HIGH,FIX_FIELD_SEMANTICS_OR_NULL_HANDLING,FL_STAGE_STRUCTURED_PER_FIELD,"FREIDA field_accredited_length = 3 and field_required_length = 3 are correct for the accredited programme, but a reader takes '3 years' to mean total training. Because this is an ADVANCED programme the total is four years. This is arguably the single most consequential registry defect for an applicant.",YES_WAVE2
FL,1801122152,RISE-NEURO-0030,Cleveland Clinic Foundation/Florida Weston Program (self-described as the Cleveland Clinic Florida Neurology Residency Program),Total Residents,12,Approved complement 12; ACTUAL PUBLISHED CENSUS 10,COMPLEMENT_VS_CENSUS,https://my.clevelandclinic.org/florida/medical-professionals/education/graduate-medical-education/neurology-residency,HIGH,SPLIT_INTO_TWO_FIELDS,FL_STAGE_STRUCTURED_PER_FIELD,"FREIDA field_total_positions = 12 and field_program_size = [4,4,4] are complement. The published roster names 10 residents, distributed 4/3/3. Independently corroborated: FREIDA 2026's 30.0 / 20.0 / 50.0 USMD/DO/IMG percentages resolve to whole people only against a denominator of 10.",YES_WAVE2
FL,1801122152,RISE-NEURO-0030,Cleveland Clinic Foundation/Florida Weston Program (self-described as the Cleveland Clinic Florida Neurology Residency Program),Current Residents PGY1 / PGY2 / PGY3,4 / 4 / 4,Complement 4 / 4 / 4; actual published census 3 (PGY-2) / 3 (PGY-3) / 4 (PGY-4),COMPLEMENT_VS_CENSUS,https://my.clevelandclinic.org/florida/medical-professionals/education/graduate-medical-education/neurology-residency,HIGH,SPLIT_INTO_TWO_FIELDS,FL_STAGE_STRUCTURED_PER_FIELD,"Two compounding defects. First, these are complement figures, not head counts. Second, the PGY labels are offset by one year: because FREIDA indexes an Advanced programme's three accredited years as years 1-3, 'PGY1' here denotes the programme's first neurology year, which is PGY-2 in ACGME terms. There are no PGY-1 neurology residents at this programme.",YES_WAVE2
FL,1801122152,RISE-NEURO-0030,Cleveland Clinic Foundation/Florida Weston Program (self-described as the Cleveland Clinic Florida Neurology Residency Program),Residents Per Year,PGY-1: 4; PGY-2: 4; PGY-3: 4,4 PGY-2-entry positions per year (FREIDA field_first_year_positions = 4); NRMP 1383180A0 quota was 4 in both 2025 and 2026 and 2 in 2021-2024,PARTIALLY CONFIRMED / SEMANTIC_MISMATCH,https://www.nrmp.org/wp-content/uploads/2026/03/Main_Match_Program_Results_2022-2026.pdf,HIGH,REVIEW,FL_STAGE_STRUCTURED_PER_FIELD,"The number 4 is right for the current cycle but the PGY labelling is offset as above, and the figure is recent: the quota was 2 per year from 2021 through 2024 and rose to 4 in 2025. The program page confirms the transition: 'As an Advanced program, we are in the process of transitioning to a four resident per year program.'",YES_WAVE2
FL,1801122152,RISE-NEURO-0030,Cleveland Clinic Foundation/Florida Weston Program (self-described as the Cleveland Clinic Florida Neurology Residency Program),NRMP Main Match Participation,No,YES — NRMP 1383180A0 is Active and filled 4 of 4 in the 2026 Match,CONFIRMED_CORRECTION,https://programdirectory.nrmp.org/cleveland-clinic-florida-fl-1383180a0/,HIGH,UPDATE_REGISTRY_VALUE,FL_STAGE_STRUCTURED_PER_FIELD,"Flatly wrong in the registry. Contradicted by FREIDA 2026 field_match_nrmp_main = true and field_pgm_no_match_ind = false, by the NRMP directory's 'Program Status: Active — The program track is participating in the Match', and by NRMP's own March 2026 Program Results. Materially misleading: a reader would conclude this program cannot be matched into.",YES_WAVE2
FL,1801122152,RISE-NEURO-0030,Cleveland Clinic Foundation/Florida Weston Program (self-described as the Cleveland Clinic Florida Neurology Residency Program),Offers Preliminary Positions,Yes,"The NEUROLOGY program offers none (FREIDA 2026 field_offers_preliminary_positio = false); a dedicated coordinated preliminary year exists as NRMP 1383140P0 'Med-Prelim/Neurology' inside the Cleveland Clinic Florida INTERNAL MEDICINE program, ACGME 1401121528",SEMANTIC_MISMATCH,https://programdirectory.nrmp.org/cleveland-clinic-florida-fl-1383140p0/,HIGH,FIX_FIELD_SEMANTICS_OR_NULL_HANDLING,FL_STAGE_STRUCTURED_PER_FIELD,"Both values answer different questions and both are defensible. The operative applicant fact is that the prelim exists, auto-matches with a neurology match, requires no separate interview, and must be actively ranked.",YES_WAVE2
FL,1801122152,RISE-NEURO-0030,Cleveland Clinic Foundation/Florida Weston Program (self-described as the Cleveland Clinic Florida Neurology Residency Program),Salary PGY1 / PGY2 / PGY3 / PGY4,66491 / 66491 / 69043 / 72854,AY2026-2027: PGY1 69106 / PGY2 71470 / PGY3 73994 / PGY4 76889,CONFIRMED_CORRECTION,https://my.clevelandclinic.org/florida/medical-professionals/education/graduate-medical-education/benefits,HIGH,UPDATE_REGISTRY_VALUE,FL_STAGE_STRUCTURED_PER_FIELD,"One full cycle stale. The institution's own Benefits page carries an AY2026-2027 table and FREIDA 2026 independently reports field_first_year_salary = 71470 with graduate-year salaries 71470 / 73994 / 76889 — note FREIDA's first slot salary is null, itself confirming there is no PGY-1 year in this programme.",YES_WAVE2
FL,1801122152,RISE-NEURO-0030,Cleveland Clinic Foundation/Florida Weston Program (self-described as the Cleveland Clinic Florida Neurology Residency Program),Program Faculty Count,36,"22 physicians, 0 non-physicians (FREIDA 2026 field_total_physician = 22)",CONFIRMED_CORRECTION,"https://freida-admin.ama-assn.org/api/node/program?include=field_image.field_media_image,field_specialty,field_survey,field_survey.field_program_director,field_survey.field_program_contact,field_survey.field_primary_teaching_site,field_institution,field_participant_institution,field_sponsor_institut",HIGH,UPDATE_REGISTRY_VALUE,FL_STAGE_STRUCTURED_PER_FIELD,"Not the FREIDA-null-sentinel-stored-as-zero defect the contract warns about — the registry's 36 is a real prior-cycle answer that the program revised downward in the 2026 survey. The program page's own team list names 26 people across four institutions, 19 at Weston, which is a third unit of count.",YES_WAVE2
FL,1801122152,RISE-NEURO-0030,Cleveland Clinic Foundation/Florida Weston Program (self-described as the Cleveland Clinic Florida Neurology Residency Program),Faculty Resident Ratio,3.00:1,1.80 (FREIDA 2026 field_ratio_ft_faculty),CONFIRMED_CORRECTION,"https://freida-admin.ama-assn.org/api/node/program?include=field_image.field_media_image,field_specialty,field_survey,field_survey.field_program_director,field_survey.field_program_contact,field_survey.field_primary_teaching_site,field_institution,field_participant_institution,field_sponsor_institut",HIGH,UPDATE_REGISTRY_VALUE,FL_STAGE_STRUCTURED_PER_FIELD,Moved with the faculty count between survey cycles.,YES_WAVE2
FL,1801122152,RISE-NEURO-0030,Cleveland Clinic Foundation/Florida Weston Program (self-described as the Cleveland Clinic Florida Neurology Residency Program),Female Faculty Percent,27.80%,45.50% full-time female faculty (FREIDA 2026 field_pct_ft_female),CONFIRMED_CORRECTION,"https://freida-admin.ama-assn.org/api/node/program?include=field_image.field_media_image,field_specialty,field_survey,field_survey.field_program_director,field_survey.field_program_contact,field_survey.field_primary_teaching_site,field_institution,field_participant_institution,field_sponsor_institut",HIGH,UPDATE_REGISTRY_VALUE,FL_STAGE_STRUCTURED_PER_FIELD,2026 cycle.,YES_WAVE2
FL,1801122152,RISE-NEURO-0030,Cleveland Clinic Foundation/Florida Weston Program (self-described as the Cleveland Clinic Florida Neurology Residency Program),International Graduates / US Graduates,IMG 60.0%; US MD 20.0%; DO 20.0%,"IMG 50.0%; US MD 30.0%; DO 20.0% (FREIDA 2026), matching the published roster exactly at 5 / 3 / 2 of 10",CONFIRMED_CORRECTION,"https://freida-admin.ama-assn.org/api/node/program?include=field_image.field_media_image,field_specialty,field_survey,field_survey.field_program_director,field_survey.field_program_contact,field_survey.field_primary_teaching_site,field_institution,field_participant_institution,field_sponsor_institut",HIGH,UPDATE_REGISTRY_VALUE,FL_STAGE_STRUCTURED_PER_FIELD,The 2026 figures reconcile to the named roster to the person; the registry's do not.,YES_WAVE2
FL,1801122152,RISE-NEURO-0030,Cleveland Clinic Foundation/Florida Weston Program (self-described as the Cleveland Clinic Florida Neurology Residency Program),Resident Gender Female / Male Percent,60.0% / 40.0%,70.0% / 30.0% (FREIDA 2026 field_pct_female / field_pct_male),CONFIRMED_CORRECTION,"https://freida-admin.ama-assn.org/api/node/program?include=field_image.field_media_image,field_specialty,field_survey,field_survey.field_program_director,field_survey.field_program_contact,field_survey.field_primary_teaching_site,field_institution,field_participant_institution,field_sponsor_institut",MEDIUM,UPDATE_REGISTRY_VALUE,FL_STAGE_STRUCTURED_PER_FIELD,Recorded for completeness as a registry-field reconciliation only. No gender was inferred from any resident's name anywhere in this dossier.,YES_WAVE2
FL,1801122152,RISE-NEURO-0030,Cleveland Clinic Foundation/Florida Weston Program (self-described as the Cleveland Clinic Florida Neurology Residency Program),Application Deadline,2025-12-31,No program-specific deadline is published for the current cycle,STALE_REGISTRY_VALUE,https://my.clevelandclinic.org/florida/medical-professionals/education/graduate-medical-education/neurology-residency,HIGH,REFRESH_FROM_CURRENT_CYCLE,FL_STAGE_STRUCTURED_PER_FIELD,The registry value belongs to the prior (2026) cycle. The program page states no date. Interview window for this cycle is 2026-10-01 to 2027-02-28.,YES_WAVE2
FL,1801122152,RISE-NEURO-0030,Cleveland Clinic Foundation/Florida Weston Program (self-described as the Cleveland Clinic Florida Neurology Residency Program),Interviews Conducted Last Year / Interviews Per First Year Position,85 / 21.3:1,100 interviews (FREIDA 2026 field_interviews_conducted) against 4 positions = 25.0:1,CONFIRMED_CORRECTION,"https://freida-admin.ama-assn.org/api/node/program?include=field_image.field_media_image,field_specialty,field_survey,field_survey.field_program_director,field_survey.field_program_contact,field_survey.field_primary_teaching_site,field_institution,field_participant_institution,field_sponsor_institut",HIGH,UPDATE_REGISTRY_VALUE,FL_STAGE_STRUCTURED_PER_FIELD,"FREIDA field_historical_interview_stats now includes a 2025 row of 100 interviews / 4 positions, which the registry's history stops short of.",YES_WAVE2
FL,1801122152,RISE-NEURO-0030,Cleveland Clinic Foundation/Florida Weston Program (self-described as the Cleveland Clinic Florida Neurology Residency Program),Historical Interview Stats,2019: 75/3; 2020: 85/3; 2021: 85/3; 2022: 85/3; 2023: 85/3; 2024: 85/4,Same six rows PLUS 2025: 100 interviews / 4 positions,CONFIRMED_CORRECTION,"https://freida-admin.ama-assn.org/api/node/program?include=field_image.field_media_image,field_specialty,field_survey,field_survey.field_program_director,field_survey.field_program_contact,field_survey.field_primary_teaching_site,field_institution,field_participant_institution,field_sponsor_institut",HIGH,UPDATE_REGISTRY_VALUE,FL_STAGE_STRUCTURED_PER_FIELD,The 2026 survey extends the series by one year.,YES_WAVE2
FL,1801122152,RISE-NEURO-0030,Cleveland Clinic Foundation/Florida Weston Program (self-described as the Cleveland Clinic Florida Neurology Residency Program),Required Supplemental Information,Yes,No (FREIDA 2026 field_nxt_supplement = false),CONFIRMED_CORRECTION,"https://freida-admin.ama-assn.org/api/node/program?include=field_image.field_media_image,field_specialty,field_survey,field_survey.field_program_director,field_survey.field_program_contact,field_survey.field_primary_teaching_site,field_institution,field_participant_institution,field_sponsor_institut",HIGH,UPDATE_REGISTRY_VALUE,FL_STAGE_STRUCTURED_PER_FIELD,No supplemental application beyond standard ERAS components is required next season.,YES_WAVE2
FL,1801122152,RISE-NEURO-0030,Cleveland Clinic Foundation/Florida Weston Program (self-described as the Cleveland Clinic Florida Neurology Residency Program),Night Float,No,"Yes, including in year one (FREIDA 2026 field_night_float = true, field_night_float_y1 = true)",CONFIRMED_CORRECTION,"https://freida-admin.ama-assn.org/api/node/program?include=field_image.field_media_image,field_specialty,field_survey,field_survey.field_program_director,field_survey.field_program_contact,field_survey.field_primary_teaching_site,field_institution,field_participant_institution,field_sponsor_institut",MEDIUM,UPDATE_REGISTRY_VALUE,FL_STAGE_STRUCTURED_PER_FIELD,"The 2026 cycle reverses the registry value, but the program page describes call only as every-nth-night coverage and never mentions night float, so the newer value is unconfirmed by the program's own text.",YES_WAVE2
FL,1801122152,RISE-NEURO-0030,Cleveland Clinic Foundation/Florida Weston Program (self-described as the Cleveland Clinic Florida Neurology Residency Program),Call Schedule,Year 1: Every sixth night for 25 weeks; Year 2: Every sixth night for 25 weeks; Year 3: Other for 2 weeks,"FREIDA 2026: 'Every eighth night' 25 weeks, 'Every eighth night' 25 weeks, 'Other' 2 weeks. Program page: 'The on-call schedule averages every 6th night for PGY2 and PGY3 residents.'",GENUINE_SOURCE_CONFLICT,"https://freida-admin.ama-assn.org/api/node/program?include=field_image.field_media_image,field_specialty,field_survey,field_survey.field_program_director,field_survey.field_program_contact,field_survey.field_primary_teaching_site,field_institution,field_participant_institution,field_sponsor_institut",MEDIUM,PRESERVE_BOTH_PENDING_PRIMARY_CONFIRMATION,FL_STAGE_STRUCTURED_PER_FIELD,The registry matches the program page; FREIDA's own answer changed between cycles. Both preserved. The program page adds that PGY4 residents have no regular call schedule.,YES_WAVE2
FL,1801122152,RISE-NEURO-0030,Cleveland Clinic Foundation/Florida Weston Program (self-described as the Cleveland Clinic Florida Neurology Residency Program),Visa Sponsorship / J1 / H1B,J-1 through ECFMG; H-1B; F-1 / Yes / Yes,"FREIDA 2026 field_visa_status = ['J-1 through ECFMG','H-1B','F-1']; the program page states only 'We sponsor J-1 and H-1B visas'",PARTIALLY CONFIRMED,https://my.clevelandclinic.org/florida/medical-professionals/education/graduate-medical-education/neurology-residency,MEDIUM,REVIEW,FL_STAGE_STRUCTURED_PER_FIELD,J-1 and H-1B are confirmed by the program itself. F-1 rests on FREIDA alone. Not relevant to Alejandra.,YES_WAVE2
FL,1801122152,RISE-NEURO-0030,Cleveland Clinic Foundation/Florida Weston Program (self-described as the Cleveland Clinic Florida Neurology Residency Program),Medical School Graduation Timeline,5,5 years (FREIDA 2026 field_years_since_graduation = 5); the program page publishes the rule under its 'International Medical Graduates' heading,CONFIRMED WITH A SCOPE CAVEAT,https://my.clevelandclinic.org/florida/medical-professionals/education/graduate-medical-education/neurology-residency,HIGH,REVIEW,FL_STAGE_STRUCTURED_PER_FIELD,"Number confirmed. The scope is ambiguous: FREIDA stores it program-wide, the program page presents it as an IMG rule. Not a barrier for a June 2027 graduate.",YES_WAVE2
FL,1801122152,RISE-NEURO-0030,Cleveland Clinic Foundation/Florida Weston Program (self-described as the Cleveland Clinic Florida Neurology Residency Program),Program Director,(field absent from the registry row),"Mansour Afshani, MD — Interim Program Director",UNVERIFIED IN REGISTRY / RESOLVED BY RESEARCH,"https://freida-admin.ama-assn.org/api/node/program?include=field_image.field_media_image,field_specialty,field_survey,field_survey.field_program_director,field_survey.field_program_contact,field_survey.field_primary_teaching_site,field_institution,field_participant_institution,field_sponsor_institut",HIGH,REVIEW,FL_STAGE_STRUCTURED_PER_FIELD,"The known registry schema gap, not a research gap. Filled from three concordant 2026 sources. Note the unresolved title conflict with Efrain Salgado's provider biography, recorded in the conflicts array.",YES_WAVE2
FL,1801122152,RISE-NEURO-0030,Cleveland Clinic Foundation/Florida Weston Program (self-described as the Cleveland Clinic Florida Neurology Residency Program),Family Medical Leave Paid Days / Unpaid Days,0 / 60,"FREIDA 2026 field_leave_paid = 999 and field_leave_unpaid = 999 — FREIDA's 'Negotiable' sentinel. The institution's Benefits page publishes 8 weeks maternity at 100% pay plus 4 weeks parental at 100% pay, totalling 12 weeks at 100% pay",SEMANTIC_MISMATCH,https://my.clevelandclinic.org/florida/medical-professionals/education/graduate-medical-education/benefits,HIGH,FIX_FIELD_SEMANTICS_OR_NULL_HANDLING,FL_STAGE_STRUCTURED_PER_FIELD,"Exactly the FREIDA sentinel defect pattern the contract names, in a different field from the ones the registry already flagged: 999 means Negotiable, and '0 paid days' is a materially misleading rendering of an institution that in fact publishes twelve fully paid weeks.",YES_WAVE2
FL,1801122152,RISE-NEURO-0030,Cleveland Clinic Foundation/Florida Weston Program (self-described as the Cleveland Clinic Florida Neurology Residency Program),Non Hospital Ambulatory Care Percent,NGO,"FREIDA 2026 field_train_ambulatory_nonhospit = 999 (the 'Negotiable' sentinel, which FREIDA's public page renders as NGO)",SEMANTIC_MISMATCH,"https://freida-admin.ama-assn.org/api/node/program?include=field_image.field_media_image,field_specialty,field_survey,field_survey.field_program_director,field_survey.field_program_contact,field_survey.field_primary_teaching_site,field_institution,field_participant_institution,field_sponsor_institut",HIGH,FIX_FIELD_SEMANTICS_OR_NULL_HANDLING,FL_STAGE_STRUCTURED_PER_FIELD,The registry's own Evidence Notes correctly identify this as the Negotiable sentinel. Recorded so that no downstream reader treats 'NGO' as a percentage or as a non-governmental-organisation site type.,YES_WAVE2
FL,1801122152,RISE-NEURO-0030,Cleveland Clinic Foundation/Florida Weston Program (self-described as the Cleveland Clinic Florida Neurology Residency Program),Meal Allowance / Educational Stipend / Technology Allowance,All three recorded as 'On-call meal allowance',"On-call meal stipend for in-house overnight call; SEPARATELY, up to $2,500 per academic year in conference reimbursement at PGY-3 and above, and a Cleveland Clinic issued iPhone for every resident",SEMANTIC_MISMATCH,https://my.clevelandclinic.org/florida/medical-professionals/education/graduate-medical-education/benefits,HIGH,FIX_FIELD_SEMANTICS_OR_NULL_HANDLING,FL_STAGE_STRUCTURED_PER_FIELD,The registry collapsed three distinct benefit fields into one FREIDA answer. The institution's Benefits page shows the educational stipend and technology provision are real and separate from the meal allowance. A reader of the registry would wrongly conclude there is no education fund and no technology provision.,YES_WAVE2
FL,1801122152,RISE-NEURO-0030,Cleveland Clinic Foundation/Florida Weston Program (self-described as the Cleveland Clinic Florida Neurology Residency Program),Step 3 or COMLEX Level 3 Support,No,Searched and not established either way; the Benefits page does not mention licensure or examination fee support,INSUFFICIENT_EVIDENCE,https://my.clevelandclinic.org/florida/medical-professionals/education/graduate-medical-education/benefits,LOW,NO_ACTION_INSUFFICIENT_EVIDENCE,FL_STAGE_STRUCTURED_PER_FIELD,"The registry records a FREIDA 'No'. The institution's Benefits page is silent on licensure and examination fees, so the registry answer is neither confirmed nor contradicted.",YES_WAVE2
FL,1801122152,RISE-NEURO-0030,Cleveland Clinic Foundation/Florida Weston Program (self-described as the Cleveland Clinic Florida Neurology Residency Program),Survey Received / FREIDA Last Updated,2025-06-11 / 2026-02-19,field_date_received 2026-06-15; survey node changed 2026-08-20; program node changed 2026-08-20,CONFIRMED_CORRECTION,"https://freida-admin.ama-assn.org/api/node/program?include=field_image.field_media_image,field_specialty,field_survey,field_survey.field_program_director,field_survey.field_program_contact,field_survey.field_primary_teaching_site,field_institution,field_participant_institution,field_sponsor_institut",HIGH,UPDATE_REGISTRY_VALUE,FL_STAGE_STRUCTURED_PER_FIELD,"THE STRUCTURAL FINDING BEHIND MOST OF THE SUPERSESSIONS ABOVE. The registry snapshot (release 2026-07-09) carries the 2025-06-11 survey, but FREIDA has since published a full new survey cycle received 2026-06-15. That one fact explains the salary, faculty-count, accepting-applications, interview-volume, supplemental-application, night-float, call-schedule, resident-composition and gender supersess",YES_WAVE2
FL,1801122152,RISE-NEURO-0030,Cleveland Clinic Foundation/Florida Weston Program (self-described as the Cleveland Clinic Florida Neurology Residency Program),Evidence Notes (registry self-assessment),Hydrated from public FREIDA program/survey API and public FREIDA program page; 999 sentinels rendered as NGO; Residency Explorer not available,"Accurate as a description of method, and the sentinel caveat is correct — but the hydration captured only the 2025 survey cycle and no program-website, NRMP, institutional or faculty data at all",CONFIRMED AS METHOD DESCRIPTION / NOT_RELEVANT_TO_DOSSIER AS EVIDENCE,"https://freida-admin.ama-assn.org/api/node/program?include=field_image.field_media_image,field_specialty,field_survey,field_survey.field_program_director,field_survey.field_program_contact,field_survey.field_primary_teaching_site,field_institution,field_participant_institution,field_sponsor_institut",HIGH,REVIEW,FL_STAGE_STRUCTURED_PER_FIELD,"Worth recording plainly: the registry row for this program is a FREIDA-only artefact. Every distinguishing fact in this dossier — the Advanced structure's four-year consequence, the withdrawn R track, the Step 2 rank-list rule, the ten named residents, the Universidad Central del Caribe and Puerto Rico faculty, the absence of any in-house fellowship, the multi-site nature of the Parkinson's design",YES_WAVE2
ALL,ALL_31_SPECIALTY_TABS,,ENTIRE REGISTRY SCHEMA,Current Residents PGY4 (column does not exist),COLUMN ABSENT,"Every one of the 31 specialty tabs carries Current Residents PGY1/PGY2/PGY3 and Salary PGY1-PGY4, but NO Current Residents PGY4. Any specialty longer than three years is structurally truncated by one class (~6,139 programs).",SEMANTIC_MISMATCH,"direct inspection of the 2026-07-09 workbook, all 31 tabs",HIGH,FIX_FIELD_SEMANTICS_OR_NULL_HANDLING,ALL_REGISTRY_SYSTEMIC,"NEVER compute a resident census by summing PGY1+PGY2+PGY3. Use actual_census from 03_RESIDENT_COMPOSITION_ESTIMATES.csv, which is roster-derived.",NO
ALL,ALL_34,,ALL 34 IN-SCOPE PROGRAMS,Medical Spanish Curriculum,(varies; frequently 'Yes'),UNRELIABLE. Wrong at 3 of 16 Texas programs (twice by contamination from a sibling program) and wrong or unsupportable at 5 Florida programs. At one program the underlying FREIDA option reads 'medical Spanish OR OTHER NON-ENGLISH LANGUAGE'.,SEMANTIC_MISMATCH,per-program domain 24 in 01_PROGRAM_DOMAIN_FACTS.jsonl,HIGH,DO_NOT_PROJECT_LEGACY_FIELD,ALL_REGISTRY_SYSTEMIC,Do not normalize this legacy field into an affirmative student-facing fact. Use the researched spanish_latino block in 06_FELLOWSHIPS_OUTCOMES_NORMALIZED.jsonl instead.,NO
