acgme_id,rise_program_id,program_name,state,kind,locus,detail,handling,adversarially_validated
1804800001,RISE-NEURO-0247,University of Texas at Austin Dell Medical School/Ascension Seton Medical Center Program,TX,CONFLICT,domain:7_yog_limit,Registry value 5 CONFIRMED as a faithful copy of FREIDA but the registry has no field to capture that the program itself publishes 3 for IMGs. Classed CONFLICT rather than SUPERSEDED because the two sources may be answering different questions.,Preserve both readings; do not project a single value,NO
1804800001,RISE-NEURO-0247,University of Texas at Austin Dell Medical School/Ascension Seton Medical Center Program,TX,CONFLICT,domain:10_deadline_signaling,"Two conflicts preserved: registry deadline vs program deadline, and FREIDA in-person vs program virtual. The 8-signal arithmetic across the twin codes is the single most actionable strategic output of this dossier.",Preserve both readings; do not project a single value,NO
1804800001,RISE-NEURO-0247,University of Texas at Austin Dell Medical School/Ascension Seton Medical Center Program,TX,CONFLICT,domain:15_core_faculty,"REGISTRY DEFECT CONFIRMED exactly as the contract predicted: 'Program Faculty Count: 0', 'Faculty Resident Ratio: 0.00:1' and 'Faculty Distribution: Physicians: 0; non-physicians: 0' are FREIDA null sentinels written as zero against a real faculty of at least 30. Classed SEMANTIC_MISMATCH and superseded. I am NOT resolving 30 vs 100+ - both are official and they answer different questions.",Preserve both readings; do not project a single value,NO
1804800001,RISE-NEURO-0247,University of Texas at Austin Dell Medical School/Ascension Seton Medical Center Program,TX,CONFLICT_PRESERVED,conflicts[0],"STROKE CENTER DESIGNATION AT MY PROGRAM'S NAMESAKE HOSPITAL. Dell Med's own Vascular Neurology Fellowship page describes Ascension Seton Medical Center Austin as a '447-bed' facility that is a 'primary plus thrombectomy-capable stroke center with robust cardiology services', reserving 'Comprehensive Stroke Center' and 'Level 1 trauma center' for the 211-bed Dell Seton Medical Center. Ascension's own hospital page for Ascension Seton Medical Center Austin calls it a 'Comprehensive Level 1 Stroke Center' with the American Heart Association 'Stroke Gold Plus, Target Stroke Honor Roll' award. A third source reports 391 beds and Joint Commission comprehensive stroke certification. The most likely reconciliation is that Texas operates a state stroke-facility designation ('Level I Comprehensive') that is distinct from Joint Commission Comprehensive Stroke Center certification, and that the two pages are quoting different schemes; the bed discrepancy (447 vs 391) may reflect licensed versus staffed beds. I have not resolved it. This matters for the twin-program question because it is one of the few genuine clinical differences between the two named sites: Dell Seton is the region's Comprehensive Stroke Center and holds the Level IV epilepsy monitoring unit and Austin's first neuro-ICU, while Ascension Seton Medical Center Austin is the larger general hospital with the stronger cardiology and obstetric case mix.",Preserve; do not resolve,NO
1804800001,RISE-NEURO-0247,University of Texas at Austin Dell Medical School/Ascension Seton Medical Center Program,TX,CONFLICT_PRESERVED,conflicts[1],"YEAR-OF-GRADUATION LIMIT: 3 YEARS OR 5 YEARS. The program's Application Details page states, inside its International Medical Graduates block, 'Graduated from medical school within the past three years', and its FAQ repeats 'Is there a ""time since graduation"" cutoff? How many years? Yes, three years.' FREIDA survey_2026 for the same ACGME ID reports field_years_since_graduation = 5 with field_years_since_graduation_na = false and no graduate-type qualifier, and the registry faithfully copied that 5. The likeliest reading is that 5 is the program's general administrative answer to the AMA and 3 is the tighter rule it actually applies to IMGs, but the program never says so. Preserved unresolved. Non-binding for Alejandra, who will be zero years out.",Preserve; do not resolve,NO
1804800001,RISE-NEURO-0247,University of Texas at Austin Dell Medical School/Ascension Seton Medical Center Program,TX,CONFLICT_PRESERVED,conflicts[2],"INTERVIEW FORMAT: VIRTUAL OR IN PERSON. The program's own page is unambiguous: 'Interviews are held virtually most Tuesdays from late October through December', with 'an optional in-person second look at the end of the application cycle prior to rank list submission'. FREIDA survey_2026 reports field_interview_type = 1 and field_video_interview = false, i.e. in person, and the registry carried 'Applicant Interview Format: In Person' and 'Interview Style: In Person'. I favour the program's own page but record both; the practical answer for Alejandra is that she should plan on a virtual interview day finishing by 12:30-1 p.m. Central plus an optional self-funded in-person second look, which is cheap given Austin is a 2.5-3 hour drive from Houston.",Preserve; do not resolve,NO
1804800001,RISE-NEURO-0247,University of Texas at Austin Dell Medical School/Ascension Seton Medical Center Program,TX,CONFLICT_PRESERVED,conflicts[3],"APPLICATION DEADLINE: OCTOBER 15 OR DECEMBER 15. The program states 'Applications for each academic year are accepted until October 15' with extensions available on request to the coordinators. The registry carried 'Application Deadline: 2025-12-15'. This is not merely one cycle stale - it is two months later than the program's own published cutoff, so acting on the registry value would risk a missed deadline. The program's date governs.",Preserve; do not resolve,NO
1804800001,RISE-NEURO-0247,University of Texas at Austin Dell Medical School/Ascension Seton Medical Center Program,TX,CONFLICT_PRESERVED,conflicts[4],"FACULTY SIZE: 30 OR 'OVER 100'. FREIDA survey_2026 reports field_total_physician = 30 and field_ratio_ft_faculty = '1.90' for ACGME 1804800001. The Directors' Welcome, signed by my own program director and the department chair, states 'Our growing neurology faculty, currently over 100 members'. These are almost certainly different denominators - program-attributed physician faculty versus the entire Dell Med Department of Neurology including child neurology, PM&R, neuropsychology and PhD researchers across the Mulva Clinic - but neither source defines its scope, so I report both. The registry's 'Program Faculty Count: 0' and 'Faculty Resident Ratio: 0.00:1' are FREIDA null sentinels rendered as zero and are wrong under any reading.",Preserve; do not resolve,NO
1804800001,RISE-NEURO-0247,University of Texas at Austin Dell Medical School/Ascension Seton Medical Center Program,TX,CONFLICT_PRESERVED,conflicts[5],"PGY-1 SALARY: $69,528 OR $69,582. The Dell Med GME salary and benefits page publishes the AY2026-2027 PGY-1 rate as $69,528; FREIDA survey_2026 field_first_year_salary reports 69582 and field_graduate_year_statistics leads with 69582. The PGY-2, PGY-3 and PGY-4 figures ($71,747 / $74,652 / $77,629) match to the dollar across both sources, which isolates the discrepancy to a single transposed digit in one of the two. A $54 difference is immaterial to any decision but is recorded rather than silently smoothed.",Preserve; do not resolve,NO
1804800001,RISE-NEURO-0247,University of Texas at Austin Dell Medical School/Ascension Seton Medical Center Program,TX,CONFLICT_PRESERVED,conflicts[6],"NMSS DESIGNATION OF THE MS CENTER - I CHALLENGE THE SIBLING AGENT'S WAVE-1 FINDING. The sibling reported that MS/neuroimmunology at the Austin program is anchored by an 'NMSS-designated center'. I could not substantiate that claim from any official source. I fetched the UT Medicine Multiple Sclerosis and Neuroimmunology Center clinic page, the parent Mulva Clinic for the Neurosciences page and the UT Medicine multiple sclerosis conditions page and searched all three raw HTML documents for 'National Multiple Sclerosis', 'Partner in', 'Center for Comprehensive', 'designat' and 'recogni'. None of those pages carries any NMSS designation language whatsoever. The only NMSS link I could verify is that Leorah Freeman, M.D., Ph.D. is 'medical director and creator of the Moving Stronger program, a unique exercise program developed in collaboration with the YMCA and the Texas chapter of the National Multiple Sclerosis Society' - a program collaboration, not a center designation. I believe the likely origin of the claim is a 2014 article headlined 'UT Medicine Multiple Sclerosis Clinic Selected As MS Partner In Care', which concerns UT Medicine SAN ANTONIO, an entirely different institution that shares the 'UT Medicine' brand string that Dell Med's clinical practice recently adopted when uthealthaustin.org began redirecting to utmedicine.org. This correction does NOT weaken the MS finding - the center, the five named MS faculty and the fact that my program director and one associate program director are both MS neuroimmunologists are all solidly verified. It corrects only the designation claim.",Preserve; do not resolve,NO
1804800001,RISE-NEURO-0247,University of Texas at Austin Dell Medical School/Ascension Seton Medical Center Program,TX,CONFLICT_PRESERVED,conflicts[7],"MOVEMENT DISORDERS MATURITY - I PARTIALLY CHALLENGE THE SIBLING'S WAVE-1 FINDING. The sibling reported movement disorders as 'still being built', citing a February 2026 job posting. I confirm the posting exactly (posted 18 February 2026, UT Austin Dell Medical School, closing 25 August 2027, seeking a fellowship-trained movement disorders neurologist to 'develop a comprehensive program in movement disorders' and build 'a new comprehensive movement disorders program'), and I confirm there is no movement disorders fellowship, no Movement Disorders Center in the Mulva Clinic's subspecialty list, and no academic movement disorders division. BUT 'still being built' materially understates what already exists on the clinical side at MY site specifically. The adult residency's own Curriculum page states that at the Ascension Seton Brain & Spine Institute 'Residents complete outpatient rotations as part of this comprehensive program with an array of neurologists with different subspecialities, including epileptologists, clinical neurophysiologists and movement disorder specialists', and separately lists 'additional outpatient offerings such as epilepsy and movement disorder rotations' as a named PGY-4 rotation. I verified one such specialist from a primary source: Erik Z. Krause, D.O., ABPN-certified neurologist at Ascension Medical Group Seton Neurology, Jefferson Building, 1600 W 38th St Ste 200, with movement disorders fellowship training, treating Parkinson's disease, tremor, myoclonus, dystonia, Huntington's disease, tics and ataxia, and 'trained in deep brain stimulation (DBS) programming and botulinum toxin injections'. Dell Med also lists Mariana Georgeta Varga, M.D. as 'Affiliate Faculty, Department of Neurology... a neurologist specializing in movement disorders' with ",Preserve; do not resolve,NO
1804800001,RISE-NEURO-0247,University of Texas at Austin Dell Medical School/Ascension Seton Medical Center Program,TX,CONFLICT_PRESERVED,conflicts[8],"REGISTRY SAYS THE PROGRAM IS NOT ACCEPTING APPLICATIONS THIS YEAR - IT IS. The registry's 'Program Status' field reads 'FREIDA: not accepting current year; accepting next year'. The FREIDA survey_2026 record I read (received 2026-07-21, node changed 2026-08-20) reports field_accepting_current_year = true. This is a straight reversal driven by the registry being hydrated from the prior survey cycle. Acting on the registry value would have caused Alejandra to skip a program that is actively recruiting for exactly her cycle.",Preserve; do not resolve,NO
1804800001,RISE-NEURO-0247,University of Texas at Austin Dell Medical School/Ascension Seton Medical Center Program,TX,CONFLICT_PRESERVED,conflicts[9],"STEP 2 REQUIREMENT SEMANTICS. The registry reports 'US MD Step 2 Required: Yes', 'IMG Step 2 Required: Yes', 'DO Step 2 Required: Yes' and similarly for Step 1. FREIDA's underlying survey separates two different questions: field_usmle_us_md_pass_ck = true (a PASSING score is required at some point) versus field_usmle_step_2_required = false and field_usmle_step2_req_int = false (a score is NOT a required application element and NOT required for an interview). The registry collapsed the first into the language of the second. This is the most consequential registry defect in the whole row for Alejandra, because read naively it says a program with a late-arriving Step 2 score is closed to her when the program's own survey says the opposite.",Preserve; do not resolve,NO
1804800004,RISE-NEURO-0251,University of Texas Health Science Center at Tyler Program,TX,CONFLICT,domain:7_yog_limit,"Registry field 'Medical School Graduation Timeline: 5' is CONFIRMED as a faithful copy of FREIDA but is CONTRADICTED by the program's own prose. Preserved as a conflict, not silently resolved.",Preserve both readings; do not project a single value,NO
1804800004,RISE-NEURO-0251,University of Texas Health Science Center at Tyler Program,TX,CONFLICT,domain:21_salary_benefits,"Also a MENTAL-HEALTH conflict: FREIDA says inpatient and outpatient mental health benefits are 'Not Available', while the university publicises the UT Employee Assistance Program (UTEAP) and UT Tyler Wellness on the residency's own Resident Resources page. Worth a direct question.",Preserve both readings; do not project a single value,NO
1804800004,RISE-NEURO-0251,University of Texas Health Science Center at Tyler Program,TX,CONFLICT_PRESERVED,conflicts[0],"PROGRAM TYPE - THE CENTRAL CONFLICT. NRMP's own Program Results 2022-2026 lists UT Tyler Neurology under exactly one code, 3626180R0, for both appointment years it has participated in (2025 and 2026). NRMP defines an 'R' code as a Physician position that 'begins in the year of the Match', is 'reserved for physicians with prior graduate medical education', and explicitly states 'Physician positions are not available to senior medical students.' FREIDA's 2026 program survey, completed by the program itself and received 2026-06-12, instead ticks field_pgy2_pos_type_advanced = true with field_pgy2_pos_type_reserved = false, which would make it an 'A' code that a senior student CAN match. The program's own webpage uses the word 'advanced' in plain English ('The program is currently an advanced one and will accept residents starting in the PGY-2 year') without naming an NRMP code. The 2027-appointment-year code is not yet published anywhere. This conflict decides whether Alejandra is eligible to apply at all in her graduating cycle and cannot be resolved from published sources; it must be settled by direct enquiry to the program.",Preserve; do not resolve,NO
1804800004,RISE-NEURO-0251,University of Texas Health Science Center at Tyler Program,TX,CONFLICT_PRESERVED,conflicts[1],"AUTOMATIC PRELIM MATCH. The program page asserts 'An applicant who matches into Neurology, will automatically match in the Transitional Year for internship.' FREIDA's 2026 survey for the same program sets field_coordinated_pgy1_pos = false and field_offers_preliminary_positio = false, and UT Tyler's Transitional Year is a structurally separate NRMP program with its own code (3626999P0) and its own quota (8/8 filled in 2026) that an applicant must rank independently. The program sentence also sits in a paragraph about the 2028-2029 season, so it may describe a future intention rather than current practice. An applicant who relied on it and did not separately rank preliminary/TY programs could end up matched to neurology with no intern year.",Preserve; do not resolve,NO
1804800004,RISE-NEURO-0251,University of Texas Health Science Center at Tyler Program,TX,CONFLICT_PRESERVED,conflicts[2],"PROGRAM'S OWN TIMELINE IS INTERNALLY INCONSISTENT. The page reads 'our goal, in 2028-2029 season, we will interview candidates for both PGY-1 and PGY-2 years with a PGY1 start date of July 2028.' An application season labelled 2028-2029 produces a July 2029 start, not July 2028; a July 2028 PGY-1 start comes from the 2027-2028 season. The landing page separately says 'Our goal is that for 2028, the program will be able to simultaneously interview for PGY-1 and PGY-2 years.' Which cycle actually opens PGY-1 recruitment is therefore ambiguous by one year on the program's own pages - directly material to whether Alejandra's 2026-27 or her fallback 2027-28 cycle is the first with a PGY-1 option.",Preserve; do not resolve,NO
1804800004,RISE-NEURO-0251,University of Texas Health Science Center at Tyler Program,TX,CONFLICT_PRESERVED,conflicts[3],"RESIDENT COUNT: COMPLEMENT PRESENTED AS CENSUS ON THE PROGRAM'S OWN SITE. The UT Tyler Neurology department page's stat block reads '12 Residents in Training' under the heading 'Neurology at a Glance'. The program's Current Residents page names eight. FREIDA's field_total_positions = 12 and field_program_size = [4,4,4] confirm 12 is the approved complement. The true current headcount is 8 and there is no PGY-4 class. This is the Stage A complement-as-census defect appearing in the primary source rather than in the registry - and here the registry's 'Total Residents: 8' is actually the more accurate figure.",Preserve; do not resolve,NO
1804800004,RISE-NEURO-0251,University of Texas Health Science Center at Tyler Program,TX,CONFLICT_PRESERVED,conflicts[4],YEAR-OF-GRADUATION LIMIT. The program page states 'we do not place exclusions based on ... number of years since medical school graduation.' The program's own FREIDA 2026 survey sets field_years_since_graduation = 5 with field_years_since_graduation_na = false. Both are official and they contradict each other. Moot for Alejandra (YOG 0-1) but a live issue for any older applicant.,Preserve; do not resolve,NO
1804800004,RISE-NEURO-0251,University of Texas Health Science Center at Tyler Program,TX,CONFLICT_PRESERVED,conflicts[5],"SALARY. The UT Tyler GME office publishes 'Resident Annual Salary - 2026-2027' as PGY-1 $64,168 / PGY-2 $66,664 / PGY-3 $69,160 / PGY-4 $71,656. FREIDA's 2026 survey reports PGY-2 $64,100 / PGY-3 $66,500 / PGY-4 $68,900 with the PGY-1 slot null. Both are official institutional sources and neither is obviously stale. The practically important point is separate from the conflict: because entry is at PGY-2, the registry's 'Salary PGY1: 64100' is not the figure an entering resident would be paid under either table.",Preserve; do not resolve,NO
1804800004,RISE-NEURO-0251,University of Texas Health Science Center at Tyler Program,TX,CONFLICT_PRESERVED,conflicts[6],"MOONLIGHTING. The neurology program page states 'Residents in the UT Tyler Neurology Residency Program are not permitted to moonlight at any point during their residency training.' The institutional GME Residency Benefits page states 'With program director approval, moonlighting opportunities are available to residents who have obtained a Texas Medical Board license.' FREIDA field_allows_moonlighting = false agrees with the program. The program-specific prohibition is the operative rule, but the institutional page would mislead an applicant who read only it.",Preserve; do not resolve,NO
1804800004,RISE-NEURO-0251,University of Texas Health Science Center at Tyler Program,TX,CONFLICT_PRESERVED,conflicts[7],"INTERVIEW FORMAT. The program page says 'Following ACGME and NRMP recommendations, we will conduct all residency recruitment activities virtually' and lists a 'Virtual interview season October to January' and a 'Virtual Open House September 28, 2026'. FREIDA's 2026 survey sets field_interview_type = 1 (In Person) and field_video_interview = false; the registry likewise carries 'Applicant Interview Format: In Person'. The program's own dated calendar is the better evidence and says virtual, but the AMA listing an applicant is likely to consult says in person.",Preserve; do not resolve,NO
1804800004,RISE-NEURO-0251,University of Texas Health Science Center at Tyler Program,TX,CONFLICT_PRESERVED,conflicts[8],"INTERVIEW VOLUME. Registry: 'Interviews Conducted Last Year: 65' and 'Interviews Per First Year Position: 16.3:1', with historical '2023: 50/null; 2024: 65/0'. FREIDA's 2026 survey gives field_interviews_conducted = 50 and a revised history of 2023: 50 interviews / null positions, 2024: 65 / 0 positions, 2025: 50 interviews / 4 positions - i.e. 12.5 interviews per position, not 16.3:1. Note the 2024 row records 0 first-year positions, consistent with the program not participating in the 2024 Match per NRMP.",Preserve; do not resolve,NO
1804800004,RISE-NEURO-0251,University of Texas Health Science Center at Tyler Program,TX,CONFLICT_PRESERVED,conflicts[9],"FACULTY COUNT. The department page advertises '12 Faculty Experts... Focusing on 10 neurological specialties'. The residency Faculty & Staff page names 11 physicians plus one non-physician program administrator, and FREIDA's 2026 survey gives field_total_physician = 11. The '12' most likely counts Rebecca Sims or an unlisted faculty member. Minor, but it is the same over-count pattern as the resident stat block on the same page.",Preserve; do not resolve,NO
1804800004,RISE-NEURO-0251,University of Texas Health Science Center at Tyler Program,TX,CONFLICT_PRESERVED,conflicts[10],"PD TITLE. The residency Faculty & Staff page lists Dr. Chitnis as 'Professor and Interim Chair of Neurology'; the department directory page lists her as 'Department Chair'. Additionally, effective 2026-09-01 she was appointed Associate Dean for Faculty Affairs while retaining both the chair and the program director roles - a material concentration of duties in one person at a program with no other published leadership depth beyond a single APD.",Preserve; do not resolve,NO
1804800004,RISE-NEURO-0251,University of Texas Health Science Center at Tyler Program,TX,CONFLICT_PRESERVED,conflicts[11],"SUPPORTING GME PROGRAMS. The residency landing page states 'We have robust GME programs in Internal Medicine, Family Medicine, Psychiatry, RADIOLOGY and NEUROSURGERY to support the multidisciplinary care of neurology patients.' The UT Tyler GME office's own program list contains no Radiology residency and no Neurosurgery residency - the 12 residencies are Anesthesiology, Family Medicine (Athens), Family Medicine (Tyler), General Preventive Medicine, General Surgery, Internal Medicine, Neurology, Occupational & Environmental Medicine, Psychiatry, Rural Family Medicine, Rural Psychiatry and Transitional Year. The claimed radiology and neurosurgery training programs do not appear to exist at this sponsor.",Preserve; do not resolve,NO
1804800004,RISE-NEURO-0251,University of Texas Health Science Center at Tyler Program,TX,CONFLICT_PRESERVED,conflicts[12],"MENTAL HEALTH BENEFITS. FREIDA's 2026 survey records both field_benefit_inpatient_mental and field_benefit_outpatient_mental as 'Not Available' (and disability-HIV 'Not Available'), while the residency's Resident Resources page promotes 'UT Tyler Wellness' and the 'UT Employee Assistance Program (UTEAP)' under a Wellness Program heading. These may be describing different things (insurance coverage vs an EAP), but as published they read as contradictory.",Preserve; do not resolve,NO
1804800004,RISE-NEURO-0251,University of Texas Health Science Center at Tyler Program,TX,CONFLICT_PRESERVED,conflicts[13],"LETTERS OF RECOMMENDATION. Registry: 'Minimum LOR: 2'. Program page and FREIDA 2026 survey both say three ('Three letters of recommendation'; field_min_letters_req = 3, field_max_letters_req = 4). The registry minimum is stale by one cycle and would under-prepare an applicant.",Preserve; do not resolve,NO
1804800004,RISE-NEURO-0251,University of Texas Health Science Center at Tyler Program,TX,CONFLICT_PRESERVED,conflicts[14],"ACCEPTING STATUS. Registry: 'Program Status: FREIDA: not accepting current year; accepting next year'. FREIDA's 2026 survey: field_accepting_current_year = true, field_accepting_next_year = false - the exact inverse. The program's own dated calendar (registration opens 2026-09-02, Match Day 2027-03-19) confirms it is actively recruiting now.",Preserve; do not resolve,NO
1804800004,RISE-NEURO-0251,University of Texas Health Science Center at Tyler Program,TX,CONFLICT_PRESERVED,conflicts[15],"MEDICAL EDUCATION GAP EXPECTATION. Registry: 'Gap Experience Requirement: Research or other medical education pursuits (clinical experience not required)'. FREIDA 2026 survey field_medical_education_gap: 'Clinical experience in the US or outside the US'. The program now expects a gap to be filled with clinical work, the opposite of what the registry says.",Preserve; do not resolve,NO
1804800005,RISE-NEURO-0039,"Doctors Hospital At Renaissance, Ltd. Program",TX,CONFLICT,domain:5_step2_timing,Timing was NOT inferred from the existence of a score minimum - there is no published minimum at all. The determination rests on the enumerated ERAS documentation list versus the FREIDA interview-requirement flag. This is the single most decision-relevant conflict in the dossier for a student testing late September 2026 with mid-October results.,Preserve both readings; do not project a single value,NO
1804800005,RISE-NEURO-0039,"Doctors Hospital At Renaissance, Ltd. Program",TX,CONFLICT_PRESERVED,conflicts[0],"TOTAL RESIDENTS. Registry (FREIDA snapshot 2026-02-19): 'Total Residents: 16' and 'Current Residents PGY1: 4; PGY2: 4; PGY3: 4'. Program's own roster page: 6 residents (4 PGY-1, 2 PGY-2), with no PGY-3 or PGY-4 tabs. NRMP 2026 program results: 4 categorical + 2 reserved filled, nothing 2022-2025. PRESERVED AS: 16 = ACGME-approved complement (FREIDA field_total_positions 16, field_program_size [4,4,4,4]); 6 = actual current census. Both values are correct for different questions; the registry field is mislabeled as a census.",Preserve; do not resolve,NO
1804800005,RISE-NEURO-0039,"Doctors Hospital At Renaissance, Ltd. Program",TX,CONFLICT_PRESERVED,conflicts[1],ERAS PARTICIPATION. Registry: 'ERAS Participates: No'. Program website: 'accepts applications through the internet-based ERAS program'. FREIDA 2026 survey (received 2026-07-21): field_participates_in_eras = true. PRESERVED; primary sources preferred. Registry value appears to be a stale/default from the older FREIDA snapshot.,Preserve; do not resolve,NO
1804800005,RISE-NEURO-0039,"Doctors Hospital At Renaissance, Ltd. Program",TX,CONFLICT_PRESERVED,conflicts[2],NRMP MAIN MATCH PARTICIPATION. Registry: 'NRMP Main Match Participation: No'. FREIDA 2026 survey: field_match_nrmp_main = true. NRMP Program Results March 2026: the program appears with two codes and 6 filled positions in the 2026 Match. PRESERVED; NRMP's own published results are decisive against the registry value.,Preserve; do not resolve,NO
1804800005,RISE-NEURO-0039,"Doctors Hospital At Renaissance, Ltd. Program",TX,CONFLICT_PRESERVED,conflicts[3],"STEP 2 CK TIMING. Program website: Step 2 results are part of the documentation that 'must include' items submitted through ERAS (implies required at submission). FREIDA 2026 survey: field_usmle_step2_req_int = false and field_usmle_step_2_required = false (not required for interview). Logically irreconcilable. PRESERVED UNRESOLVED; see step2_timing. Program website treated as the stricter planning assumption, not as a resolution.",Preserve; do not resolve,NO
1804800005,RISE-NEURO-0039,"Doctors Hospital At Renaissance, Ltd. Program",TX,CONFLICT_PRESERVED,conflicts[4],"SALARY PAID BY / TAX STATUS. Registry: 'Salary Paid By: Non-profit institution'. FREIDA 2026 survey: field_salary_paid_nonprofit = 'No'. DHR Health GME Health Equity Needs Assessment 2025: 'DHR Health is a for-profit, physician-owned hospital'. DHR site footer: 'DHR Health meets the federal definition of a physician-owned hospital (42 CFR 489.3)'. PRESERVED; registry value contradicted by three independent DHR/FREIDA sources.",Preserve; do not resolve,NO
1804800005,RISE-NEURO-0039,"Doctors Hospital At Renaissance, Ltd. Program",TX,CONFLICT_PRESERVED,conflicts[5],"FACULTY COUNT. Registry: 'Program Faculty Count: 0', 'Faculty Resident Ratio: 0.00:1', 'Female Faculty Percent: 0.00%'. FREIDA 2026 survey: field_total_physician = 7, field_ratio_ft_faculty = 0.40, field_pct_ft_female = 28.60. Program website: 8 named faculty (PD + 2 APD + 5 core). PRESERVED; three different counts. Registry zeros are placeholder artifacts; the 7-vs-8 gap between FREIDA and the website is unexplained and may reflect a part-time or newly added faculty member.",Preserve; do not resolve,NO
1804800005,RISE-NEURO-0039,"Doctors Hospital At Renaissance, Ltd. Program",TX,CONFLICT_PRESERVED,conflicts[6],"ADDITIONAL TRAINING BEYOND ACCREDITED LENGTH. Registry: 'No'. FREIDA 2026 survey: field_beyond_accredited_length = true. PRESERVED unresolved; the program publishes no description of any additional training requirement, so the meaning of the FREIDA flag is unclear.",Preserve; do not resolve,NO
1804800005,RISE-NEURO-0039,"Doctors Hospital At Renaissance, Ltd. Program",TX,CONFLICT_PRESERVED,conflicts[7],"WORK HOURS. Registry: 'Average Work Hours: 0 hours/week', 'Average Hours Per Week First Year: 0', 'Maximum Consecutive Hours First Year: 0'. FREIDA 2026 survey: field_avg_hours_on_duty_y1 = 40, field_max_hours_on_duty_y1 = 12, field_avg_24hr_off_duty_y1 = 1.00. PRESERVED; registry zeros are null-sentinels from a period when the program had no residents to report on.",Preserve; do not resolve,NO
1804800005,RISE-NEURO-0039,"Doctors Hospital At Renaissance, Ltd. Program",TX,CONFLICT_PRESERVED,conflicts[8],"INTERVIEW STATISTICS. Registry: 'Interviews Conducted Last Year: 0', 'Historical Interview Stats: 2024: 0/null'. FREIDA 2026 survey: field_historical_interview_stats = [{2024: 0 interviews}, {2025: 80 interviews, 4 first-year positions}], field_interviews_conducted = 80. PRESERVED; not truly contradictory - the registry simply predates the program's first recruitment season.",Preserve; do not resolve,NO
1804800005,RISE-NEURO-0039,"Doctors Hospital At Renaissance, Ltd. Program",TX,CONFLICT_PRESERVED,conflicts[9],"PGY-2 RESERVED POSITIONS. NRMP 2026: code 2353180R0, 'Reserved'/Physician positions, quota 2, filled 2 - PGY-2 positions reserved for physicians with prior GME. FREIDA 2026 survey: field_pgy2_pos_type_reserved is empty/false and field_requires_previous_gme = 'No'. PRESERVED; NRMP's published results are preferred as the authoritative record of positions actually offered, and the program's roster (2 PGY-2 residents with no PGY-1 year at DHR) corroborates NRMP.",Preserve; do not resolve,NO
1804800005,RISE-NEURO-0039,"Doctors Hospital At Renaissance, Ltd. Program",TX,CONFLICT_PRESERVED,conflicts[10],"GLORIA MIRELES, MD - AFFILIATION. DHR Health neurology residency page lists her as Core Faculty / Neurology / Movement Disorders. Third-party directories (Healthgrades, WebMD, Doximity, US News, accessed via search summaries) place her at South Texas Neurological Center, McAllen, with hospital affiliations to Rio Grande Regional Hospital and McAllen Medical Center, and no DHR affiliation; no DHR physician profile page exists for her (multiple slug patterns 404). PRESERVED; the program's own page is preferred for her core-faculty role, and aggregator training details (UTMB Galveston; residency 'Kino Community Hospital') are recorded as LOW confidence and not relied upon.",Preserve; do not resolve,NO
1804800005,RISE-NEURO-0039,"Doctors Hospital At Renaissance, Ltd. Program",TX,CONFLICT_PRESERVED,conflicts[11],"ZUKA KHABBAZEH, MD - SUBSPECIALTY. Residency page lists her expertise as 'Neurophysiology / Neuromuscular Medicine / Movement Disorders'. Her own DHR Health physician biography lists residency at University of Cincinnati Medical Center, an EEG fellowship at Wayne State/Harper Hospital, and a neuromuscular disease and clinical EMG fellowship at Henry Ford Hospital - with no movement disorders training mentioned. PRESERVED unresolved; relevant to how much weight to place on the program's movement disorders claim.",Preserve; do not resolve,NO
1804800005,RISE-NEURO-0039,"Doctors Hospital At Renaissance, Ltd. Program",TX,CONFLICT_PRESERVED,conflicts[12],"PROGRAM DIRECTOR NAME FORM. Residency page: 'Roberto Cruz Saldana, MD'. DHR Health physician directory: 'R. Alejandro Cruz, MD' / 'Roberto Alejandro Cruz, M.D.'. DHR Health press release: 'Dr. Roberto Alejandro Cruz'. PRESERVED as a naming variance, not a substantive conflict - identity confirmed by matching neuroimmunology/MS subspecialty and the 'only fellowship-trained neuroimmunologist in the RGV' claim appearing in both places.",Preserve; do not resolve,NO
1804800005,RISE-NEURO-0039,"Doctors Hospital At Renaissance, Ltd. Program",TX,CONFLICT_PRESERVED,conflicts[13],"UNIVERSITY AFFILIATION. FREIDA 2026 survey: field_program_best_described_as = 'Community-based university affiliated'. FREIDA institution node 489651: medical school relationship = 'Univ of Texas Rio Grande Valley Sch of Med', but that node's revision_timestamp is 2019, making it stale. DHR Health's current GME page names no medical school partner in its text and identifies its DIO as serving the 'RGV GME Consortium / DHR Health'. Separate news coverage reports DHR Health announced the end of its partnership with Texas A&M University. PRESERVED unresolved; the identity of the current degree-granting medical school affiliate could not be confirmed from a current primary source.",Preserve; do not resolve,NO
1804800005,RISE-NEURO-0039,"Doctors Hospital At Renaissance, Ltd. Program",TX,CONFLICT_PRESERVED,conflicts[14],"RESEARCH ROTATION DURATION. FREIDA 2026 survey: field_research_rotation = 'Required', field_research_rotation_duration = 2 (units unspecified). Published block schedule: a single Research block, PGY-3 block 11. PRESERVED as a minor unresolved discrepancy.",Preserve; do not resolve,NO
1804800006,RISE-NEURO-0010,Baylor University Medical Center Program,TX,CONFLICT,domain:5_step2_timing,"Per contract, no timing was inferred from minimum-score language (there is none). This conflict is preserved verbatim in the conflicts array and drives an explicit action item: email the coordinator (Kathy.Nguyen1@BSWHealth.org) before submission to ask whether an application without a Step 2 CK score will be reviewed.",Preserve both readings; do not project a single value,NO
1804800006,RISE-NEURO-0010,Baylor University Medical Center Program,TX,CONFLICT_PRESERVED,conflicts[0],"STEP 2 CK TIMING. The official program page lists 'USMLE scores (Step 1 and 2 mandatory) or COMLEX scores (Level 1 and 2 mandatory)' inside the enumerated list of materials to submit with the ERAS application, implying a Step 2 CK score is expected at submission. The program's own FREIDA survey, received 2026-07-21, answers field_usmle_step2_req_int = FALSE and field_comlex_lvl2_req_int = FALSE, i.e. Step 2 is NOT required for interview consideration, while answering TRUE only to the 'must have passed' items. Both are program-authored. Neither is dismissed; the conflict is reported as PUBLISHED SOURCES CONFLICT and an explicit email to the coordinator is recommended.",Preserve; do not resolve,NO
1804800006,RISE-NEURO-0010,Baylor University Medical Center Program,TX,CONFLICT_PRESERVED,conflicts[1],"ERAS AND NRMP PARTICIPATION. The registry asserts 'ERAS Participates: No' and 'NRMP Main Match Participation: No'. The program's July 2026 FREIDA survey answers field_participates_in_eras = TRUE and field_match_nrmp_main = TRUE, and the program page says outright 'We use the Electronic Residency Application Service (ERAS)' with an 'Apply at ERAS' button. The registry values are false and would, if believed, have caused an applicant to skip this program entirely.",Preserve; do not resolve,NO
1804800006,RISE-NEURO-0010,Baylor University Medical Center Program,TX,CONFLICT_PRESERVED,conflicts[2],"RESIDENT CENSUS VERSUS APPROVED COMPLEMENT. The registry reports 'Total Residents: 16' and 'Current Residents PGY1: 4, PGY2: 4, PGY3: 4'. FREIDA's field_total_positions = 16 and field_program_size = [4,4,4,4] are approved-complement values, not a head count. Five independent signals indicate the program's inaugural class started July 2026, which puts the actual census near 4 (PGY-1 only) and means there are no PGY-2, PGY-3 or PGY-4 residents at all in 2026-27. The registry's PGY2 and PGY3 counts of 4 each are almost certainly not real people.",Preserve; do not resolve,NO
1804800006,RISE-NEURO-0010,Baylor University Medical Center Program,TX,CONFLICT_PRESERVED,conflicts[3],"FACULTY COUNT. The registry says 'Program Faculty Count: 20', 'Faculty Distribution: Physicians: 20; non-physicians: 0', 'Female Faculty Percent: 60.00%' and 'Faculty Resident Ratio: 1.20:1'. The official faculty page names 38 physicians (2 leadership + 36 core). The current FREIDA survey writes field_total_physician = 0, field_total_non_physician = 0 and field_ratio_ft_faculty = '0.00' and leaves every field_full_time_* gender breakdown null -- null sentinels rendered as zero. So there are three different faculty pictures in play (20, 38 and 0) and only the 38 named individuals are independently verifiable.",Preserve; do not resolve,NO
1804800006,RISE-NEURO-0010,Baylor University Medical Center Program,TX,CONFLICT_PRESERVED,conflicts[4],"NIGHT FLOAT AND MOONLIGHTING. The registry says 'Night Float: No' and 'Moonlighting: No'. FREIDA 2026 says field_night_float = true, field_night_float_y1 = true and field_allows_moonlighting = true, and the published block schedule contains explicit 'Nights - Inpatient' rotations of 4 weeks in each of PGY-2, PGY-3 and PGY-4. The registry values are wrong.",Preserve; do not resolve,NO
1804800006,RISE-NEURO-0010,Baylor University Medical Center Program,TX,CONFLICT_PRESERVED,conflicts[5],"BENEFITS AVAILABILITY. The registry marks 'Major Medical Residents', 'Major Medical Dependents', 'Outpatient Mental Health', 'Inpatient Mental Health', 'Group Life Insurance', 'Dental Insurance' and 'Disability Insurance' all as 'Not Available'. FREIDA 2026 reports resident major medical, group life, disability, disability-HIV, outpatient mental health and inpatient mental health as 'Fully Paid by Institution', dependents as 'Institution & Resident Share Cost', and dental as 'Available, Not Paid By Institution'. Only domestic-partner major medical is genuinely 'Not Available'. Seven registry fields are wrong in the same direction.",Preserve; do not resolve,NO
1804800006,RISE-NEURO-0010,Baylor University Medical Center Program,TX,CONFLICT_PRESERVED,conflicts[6],"PGY-1 BLOCK TABLE INTERNALLY INCONSISTENT. The program's own published PGY-1 table lists 'BUMC Internal Medicine Wards, 4' twice, and its listed rows sum to 17 blocks against a stated 'Total 52'. Only the de-duplicated 13-block reading (13 x 4 weeks = 52 weeks) is consistent with the program's own statement of '13 rotations annually'. The duplicate row appears to be a CMS error, but both readings are preserved here rather than one being silently chosen.",Preserve; do not resolve,NO
1804800006,RISE-NEURO-0010,Baylor University Medical Center Program,TX,CONFLICT_PRESERVED,conflicts[7],"BUMC BED COUNT. Three official or quasi-official numbers disagree: the residency page says BUMC is a '1,000+ bed tertiary acute care hospital'; the BSWH hospital page for the same facility says 914 beds; FREIDA's institution node 480351 says 856 beds, but that node's revision_timestamp is 2019-10-17 and it is seven years stale. The 914 figure from the current hospital page is the most defensible.",Preserve; do not resolve,NO
1804800006,RISE-NEURO-0010,Baylor University Medical Center Program,TX,CONFLICT_PRESERVED,conflicts[8],"PROGRAM COORDINATOR IDENTITY. The official program page and FREIDA both name Kathy Nguyen (Kathy.Nguyen1@BSWHealth.org; FREIDA gives BUMCGME@BSWHealth.org and 214-820-9714). residencyprograms.io names 'Alejandro Lopez' with phone 214-820-9543; Doximity names 'Natalie Gittus', who is in fact BUMC's institutional Director of Accreditation, not this program's coordinator. Both aggregators are wrong; the official name is used.",Preserve; do not resolve,NO
1804800006,RISE-NEURO-0010,Baylor University Medical Center Program,TX,CONFLICT_PRESERVED,conflicts[9],"PROGRAM PAGE RECRUITMENT BANNER IS ONE CYCLE STALE. The live page on 2026-09-11 still reads 'Now accepting applicants for Match 2026!', identical to the 2025-09-16 and 2026-05-12 Wayback captures, even though FREIDA's July 2026 survey shows the program accepting for the current (Match 2027) season with an interview window of 2026-10-01 to 2027-01-31. An applicant reading only the program page could wrongly conclude the program is not recruiting for her cycle.",Preserve; do not resolve,NO
1804800006,RISE-NEURO-0010,Baylor University Medical Center Program,TX,CONFLICT_PRESERVED,conflicts[10],PROGRAM TYPE. The registry records 'Program Type: Other' and 'Program Best Described As: Other'. FREIDA's July 2026 survey answers 'Community-based university affiliated'. The registry value is the stale prior-survey answer.,Preserve; do not resolve,NO
1804800167,RISE-NEURO-0009,Baylor Scott & White Medical Center - Baylor College of Medicine (Temple) Program,TX,CONFLICT,domain:2_visa,Registry 'H1B: No' is directionally right but flattens a documented exception pathway. Both texts preserved rather than picking a winner.,Preserve both readings; do not project a single value,NO
1804800167,RISE-NEURO-0009,Baylor Scott & White Medical Center - Baylor College of Medicine (Temple) Program,TX,CONFLICT,domain:13_resident_composition,"I trust the name-level directory over both aggregate self-reports because every one of the 20 records is individually attributable to a named person and a named school on the program's own page. The FREIDA and registry figures are preserved rather than discarded. Denominators differ (20 vs 16 vs 15), which explains part but not all of the gap.",Preserve both readings; do not project a single value,NO
1804800167,RISE-NEURO-0009,Baylor Scott & White Medical Center - Baylor College of Medicine (Temple) Program,TX,CONFLICT_PRESERVED,conflicts[0],"PROGRAM NAME VERSUS INSTITUTIONAL HANDBOOK — THE CENTRAL AFFILIATION CONFLICT. The ACGME/FREIDA program name, the FREIDA sponsoring-institution name, and the program's own public page all read 'Baylor Scott & White Medical Center - Baylor College of Medicine (Temple)'. But the House Staff Handbook that BSW Temple's own GME page links as the governing policy document, revised March 2024, opens with: 'The handbook serves as a general reference for information pertaining to The Texas A&M Health Science Center College of Medicine - Baylor Scott & White Graduate Medical Education Programs. Revised March 2024. This edition of the House Staff Handbook supersedes any and all previous editions.' So the institution's current, self-declared-superseding policy document still carries the OLD Texas A&M co-branding while every other current artefact carries the Baylor College of Medicine name. Resolution by primary evidence: the Baylor College of Medicine name is the CURRENT and CORRECT one. Baylor Scott & White Health and Baylor College of Medicine announced a new 20-year affiliation on 17 November 2020 anchored by 'a progressive four-year regional medical school campus in Temple, Texas', with an inaugural class of 40 students anticipated in Autumn 2023 and campus growth of 40 students a year over four years, overseen by the BCM School of Medicine Dean with students 'educated by Baylor College of Medicine faculty members' and 'trained in the state-of-the-art facilities at Baylor Scott & White Medical Center - Temple'. The same release describes Texas A&M's relationship with BSWH as CONTINUING BUT RELOCATED — a major expansion of the Texas A&M Health DALLAS campus, with the release listing Texas A&M College of Medicine campuses as Bryan/College Station, Houston and Austin/Round Rock, ",Preserve; do not resolve,NO
1804800167,RISE-NEURO-0009,Baylor Scott & White Medical Center - Baylor College of Medicine (Temple) Program,TX,CONFLICT_PRESERVED,conflicts[1],"STEP 2 TIMING — FREIDA'S INTERVIEW FIELD VERSUS THE PROGRAM PAGE'S TRANSCRIPT CHECKLIST. FREIDA (survey received 2026-06-30) sets field_usmle_step2_req_int = false, i.e. Step 2 is not required for an interview. The program page's eligibility list nevertheless asks eligible candidates to provide 'USMLE or COMLEX transcripts for parts I and II'. The checklist carries no date and does not state that a score must exist at submission, and the FREIDA field is both newer and purpose-built for the timing question, so I have coded the timing as NO PUBLISHED INITIAL-REVIEW BARRIER — but the tension is real and is not resolved away.",Preserve; do not resolve,NO
1804800167,RISE-NEURO-0009,Baylor Scott & White Medical Center - Baylor College of Medicine (Temple) Program,TX,CONFLICT_PRESERVED,conflicts[2],"RESIDENT COMPOSITION — A THREE-WAY DISAGREEMENT. Name-by-name directory roster (n=20, September 2026): 11 US MD-school, 6 US DO-school, 3 IMG (1 Caribbean, 2 other) = 55% / 30% / 15%. FREIDA (n=16, survey received 2026-06-30): field_pct_usmd = 37.5, field_pct_do = 31.2, field_pct_img = 31.2 = 6 / 5 / 5. Registry snapshot (n=15): US MD 13.3%, DO 40.0%, IMG 46.7% = 2 / 6 / 7. Different denominators explain part of the gap but not the direction: the registry portrays a program that is 46.7% IMG and 13.3% US MD, whereas the named roster shows 15% IMG and 55% US MD. The DO count is the only figure stable across all three sources.",Preserve; do not resolve,NO
1804800167,RISE-NEURO-0009,Baylor Scott & White Medical Center - Baylor College of Medicine (Temple) Program,TX,CONFLICT_PRESERVED,conflicts[3],"RESIDENT COUNT — COMPLEMENT VERSUS CENSUS VERSUS DEMOGRAPHIC BASE. Steady-state complement 24 (6 first-year positions x 4 years); current census 20 (FREIDA field_program_size [6,6,4,4], verified name by name); FREIDA demographic denominator 16 (which equals the registry's own PGY1 6 + PGY2 6 + PGY3 4, omitting PGY-4). All three are legitimate and all three are preserved. The 20-versus-24 gap is fully explained by the program's expansion from 2 first-year positions (2019-2021) to 4 (2022-2025) to 6 (current).",Preserve; do not resolve,NO
1804800167,RISE-NEURO-0009,Baylor Scott & White Medical Center - Baylor College of Medicine (Temple) Program,TX,CONFLICT_PRESERVED,conflicts[4],H-1B VISA SPONSORSHIP — PUBLIC PAGE VERSUS HANDBOOK. The BSWH GME Hiring Policies page says 'H-1B visas are not sponsored by Baylor Scott & White Health for housestaff training; BSWH sponsors only J-1 visas for housestaff training.' The Temple House Staff Handbook says H-1B 'is only for the exceptional candidate' and lays out a complete DIO-approval pathway including a written Request for H-1B Sponsorship signed by the program director and department chair at least 30 days before rank list submission. Both preserved; practical guidance is that J-1 is the only sponsorship to plan on.,Preserve; do not resolve,NO
1804800167,RISE-NEURO-0009,Baylor Scott & White Medical Center - Baylor College of Medicine (Temple) Program,TX,CONFLICT_PRESERVED,conflicts[5],"HOSPITAL BED COUNT. The program page and the neurophysiology fellowship page both describe 'Baylor Scott & White Medical Center - Temple is a 640-bed teaching and research hospital with a Level I trauma center.' The FREIDA institution record for the same facility (institution ID 480140) gives field_number_beds = 567, with 32 bassinets, 43 NICU, 16 PICU, 33 surgical ICU and 14 cardiac ICU beds. Both preserved.",Preserve; do not resolve,NO
1804800167,RISE-NEURO-0009,Baylor Scott & White Medical Center - Baylor College of Medicine (Temple) Program,TX,CONFLICT_PRESERVED,conflicts[6],"RESIDENT CREDENTIAL VERSUS MEDICAL SCHOOL — ONE RECORD. PGY-3 Nisha Sarah John is published in the program's own directory with professional title 'DO' but with medical school 'Penn State University College of Medicine', which is an LCME MD-granting institution with no osteopathic program. One of the two fields is wrong in the source. I counted her by school (us_md) and flagged the discrepancy rather than silently choosing.",Preserve; do not resolve,NO
1804800167,RISE-NEURO-0009,Baylor Scott & White Medical Center - Baylor College of Medicine (Temple) Program,TX,CONFLICT_PRESERVED,conflicts[7],"MS AND NEUROIMMUNOLOGY — PROGRAM CLAIM VERSUS ATTRIBUTABLE EVIDENCE. The program states its faculty include specialists in 'neuroimmunology' and lists 'Multiple sclerosis' among faculty areas of expertise, and says residents manage 'demyelinating disease'. Yet none of the 16 core faculty or 2 leaders carries MS, neuroimmunology or autoimmune neurology as a listed specialty, board certification or stated interest; BSW Temple's neuroscience pages name a stroke centre, an epilepsy centre, a movement disorders centre and a brain and spine tumour programme but no MS clinic; a provider-directory query returned no MS or neuroimmunology neurologist; and there is no MS elective or fellowship. The claim is preserved alongside the absence of corroboration.",Preserve; do not resolve,NO
1804800167,RISE-NEURO-0009,Baylor Scott & White Medical Center - Baylor College of Medicine (Temple) Program,TX,CONFLICT_PRESERVED,conflicts[8],"FACULTY COUNTS AND RATIO — REGISTRY VERSUS CURRENT FREIDA. Registry: 'Program Faculty Count: 25', 'Faculty Distribution: Physicians: 25; non-physicians: 4', 'Faculty Resident Ratio: 1.40:1', 'Female Faculty Percent: 32.00%'. Current FREIDA survey: field_total_physician = 23, field_total_non_physician = 6, field_ratio_ft_faculty = 1.10, field_pct_ft_female = 26.10. The registry figures come from the superseded 2025 survey.",Preserve; do not resolve,NO
1804800167,RISE-NEURO-0009,Baylor Scott & White Medical Center - Baylor College of Medicine (Temple) Program,TX,CONFLICT_PRESERVED,conflicts[9],"AGGREGATOR CLAIMS QUARANTINED. residencyadvisor.com's page for ACGME 1804800167 asserts 'STEP 237 - 262' and 'Status: Continued Accreditation' and lists NRMP codes '1725180R0, 1725180C0'. No official source publishes any Step score or range for this program (FREIDA's minimum-score fields are explicitly null); ACGME accreditation status could not be verified without defeating a CAPTCHA, which the contract forbids; and FREIDA lists only NRMP code 1725180C0, not an R0 code. None of these three claims is carried into this dossier as fact.",Preserve; do not resolve,NO
1804800168,RISE-NEURO-0166,Texas Tech University HSC El Paso Program,TX,CONFLICT,domain:2_visa,"Registry 'Visa Sponsorship: J-1 through ECFMG', 'J1: Yes', 'H1B: No' = CONFIRMED at program level but the institutional GME page adds a restriction the registry does not carry, and FREIDA's 2026 visa field is now empty. Not decision-relevant for Alejandra (U.S. MD graduate of an LCME-accredited Puerto Rico school; no visa needed), but recorded in full because it materially changes the applicant pool.",Preserve both readings; do not project a single value,NO
1804800168,RISE-NEURO-0166,Texas Tech University HSC El Paso Program,TX,CONFLICT,domain:4_step2_requirement_minimum,"Registry field 'IMG Step 2 Required = Yes' is CONFLICT (superseded-or-changed; cannot tell which without asking the program). Alejandra's planning midpoint of 235 (A PLANNING ASSUMPTION, NOT A SCORE) and her stated 230-240 planning range sit above the only number this program has ever published (220), and she passed Step 1 first attempt, so the published score posture is not a barrier for her. No match probability is expressed or implied.",Preserve both readings; do not project a single value,NO
1804800168,RISE-NEURO-0166,Texas Tech University HSC El Paso Program,TX,CONFLICT,domain:5_step2_timing,"RESEARCHED_NOT_FOUND is expressly NOT being translated into 'not required'. The honest reading is that published sources conflict: a document list that implies scores at submission, a before-ranking rule written for an exam that no longer exists, and a FREIDA survey that marks Step 2 not required. See step2_timing.final_code.",Preserve both readings; do not project a single value,NO
1804800168,RISE-NEURO-0166,Texas Tech University HSC El Paso Program,TX,CONFLICT,domain:10_deadline_signaling,Registry 'Application Deadline: 2025-09-30' is SUPERSEDED/WRONG - it matches no published program date. Registry 'Interviews Conducted Last Year: 40' and 'Interviews Per First Year Position: 10.0:1' are SUPERSEDED by FREIDA 2026 (50 and 12.5:1). Registry 'Applicant Interview Format: In Person' is a CONFLICT against the program's own FAQ. The December 1 deadline is materially favourable to an applicant whose Step 2 CK score lands mid-October 2026.,Preserve both readings; do not project a single value,NO
1804800168,RISE-NEURO-0166,Texas Tech University HSC El Paso Program,TX,CONFLICT,domain:13_resident_composition,"Registry 'International Graduates 72.7%', 'US Graduates: US MD 9.1%; DO 18.2%', 'Resident Gender Female Percent 45.5%', 'Resident Gender Male Percent 54.5%' are ALL SUPERSEDED by the 2026 survey. The nameable-roster denominator of 7 is used for resident_composition because that is the number that can actually be defended person-by-person; the 16-based aggregate is reported here rather than fabricated into named rows.",Preserve both readings; do not project a single value,NO
1804800168,RISE-NEURO-0166,Texas Tech University HSC El Paso Program,TX,CONFLICT,domain:15_core_faculty,"Registry 'Program Faculty Count: 9' and 'Faculty Distribution: Physicians: 9; non-physicians: 2' exactly matched the faculty page at the time of the 2025 survey and are CONFIRMED for that snapshot, but are SUPERSEDED by the 2026 survey (field_total_physician=11, field_total_non_physician=0, field_ratio_ft_faculty=0.70 vs registry 0.50:1). Note the 2026 survey's 'non-physician = 0' is itself suspect given two named faculty nurse practitioners - likely the FREIDA null-as-zero sentinel the contract warns about. CONFLICT preserved on Narvaez Correa's training: the faculty page says she completed her neurology residency at TTUHSC El Paso and a neuromuscular fellowship at VCU, while the TTP provider directory records an internal medicine residency at Jacobi and a generic 'Neurology' fellowship at VCU; the archived Former Neurology Residents page independently confirms she was a 2020-2023 graduate of THIS residency with a VCU neuromuscular fellowship, so the directory record is the erroneous one. Registry 'Female Faculty Percent 37.50%' vs FREIDA 2026 field_pct_ft_female 18.20% - SUPERSEDED/CONFLICT.",Preserve both readings; do not project a single value,NO
1804800168,RISE-NEURO-0166,Texas Tech University HSC El Paso Program,TX,CONFLICT,domain:21_salary_benefits,"Registry Salary PGY1-4 (61114/63109/65099/67092) exactly match the program page and are therefore CONFIRMED as a faithful copy, but are SUPERSEDED by the newer FREIDA figures - the contract's predicted 'salary one cycle stale' defect, confirmed. Registry 'Vacation: 15' is a SEMANTIC_MISMATCH: it records only the PGY-1 value where vacation actually rises to 20 days in PGY-3/4. Registry 'Educational Stipend' and 'Technology Allowance' both literally read 'On-call meal allowance', which is a hydration artefact - the underlying FREIDA list is a single multi-select (free parking / on-call meal allowance / technology allowance) that has been copied into three differently-named registry fields. Registry 'Call Schedule' understates PGY-1 call: it says 'Year 1: Once per week for 12 week(s)' where FREIDA 2026 says 'Every fifth night' for 12 weeks.",Preserve both readings; do not project a single value,NO
1804800168,RISE-NEURO-0166,Texas Tech University HSC El Paso Program,TX,CONFLICT_PRESERVED,conflicts[0],"CATEGORICAL TRANSITION DATE - the program contradicts itself on its own site. The Adult Neurology Residency Program landing page states: 'Starting July 1, 2024, our program transitions to a categorical format, enabling residents to complete all four years of training on our campus.' The Program History page, two clicks away in the same section, states: 'July 1, 2025: The residency program transformed into a categorical program, allowing residents to complete all four years of training on campus.' Both were fetched on 2026-09-11. No winner is picked here; the practical consequence is only that the first fully categorical intern cohort is either the 2024 or the 2025 entering class, which matters for interpreting the empty PGY-1 section on the Resident Profiles page.",Preserve; do not resolve,NO
1804800168,RISE-NEURO-0166,Texas Tech University HSC El Paso Program,TX,CONFLICT_PRESERVED,conflicts[1],"APPLICATION DEADLINE - registry says 2025-09-30; the program says December 1 on two separate live pages ('Application Deadline: December 1' and 'What is the deadline for applications? Dec. 1.'); FREIDA's 2026 survey publishes no deadline at all (field_application_period, field_latest_date_current_year both empty). The registry date matches no program-published date in any era and appears to be a stale or mis-hydrated FREIDA value. This is the single most consequential registry error for application planning: a September 30 deadline would have made this program unreachable for an applicant whose Step 2 CK score arrives mid-October; the real December 1 deadline makes it comfortably reachable.",Preserve; do not resolve,NO
1804800168,RISE-NEURO-0166,Texas Tech University HSC El Paso Program,TX,CONFLICT_PRESERVED,conflicts[2],"INTERVIEW FORMAT - three-way. The program FAQ says 'The 2023-2024 interview season will be virtual' (scoped to a season three cycles old and never updated). FREIDA's 2026 survey has field_interview_type = 1 with field_video_interview = false, which the registry rendered as 'Applicant Interview Format: In Person'. The OPDA/CMSS Adult Neurology specialty recommendation for 2026-2027 is 'Virtual'. The program's current format is genuinely unknown from published sources.",Preserve; do not resolve,NO
1804800168,RISE-NEURO-0166,Texas Tech University HSC El Paso Program,TX,CONFLICT_PRESERVED,conflicts[3],INTERVIEW WINDOW END DATE - the live FAQ and Application Process page say interviews run 'Mid-October through Mid-January'; the archived residency landing page (live to 2025-11-15) says 'interviews will take place between mid-October to early February'. A three-week difference at the tail of the season.,Preserve; do not resolve,NO
1804800168,RISE-NEURO-0166,Texas Tech University HSC El Paso Program,TX,CONFLICT_PRESERVED,conflicts[4],"SALARY YEAR AND AMOUNT - the program's Salary and Benefits page contradicts itself within a single screen: a header block says 'The salary figures on this page are for the 2025-2026 academic year' and a paragraph above the same table says 'The figures below reflect the 2024-2025 schedule supplied for this page.' Separately, the table's figures (PGY-1 $61,114.36 through PGY-4 $67,092.82), which the registry copies exactly, are superseded by FREIDA's survey received 2026-06-15 (PGY-1 $62,642 through PGY-4 $68,770, about +2.5%). Three different answers to 'what does a PGY-1 earn'.",Preserve; do not resolve,NO
1804800168,RISE-NEURO-0166,Texas Tech University HSC El Paso Program,TX,CONFLICT_PRESERVED,conflicts[5],"VISA - the neurology program says 'Texas Tech Health El Paso sponsors J1 visas only' and routes IMGs through ECFMG; the institutional GME Visa Information page says in its entirety 'Texas Tech Health El Paso (TTEP) is not considering applications from individuals who require sponsorship for an employment visa, including those with H1B visas or those currently on student or postgraduate visas'; FREIDA's 2026 survey leaves field_visa_status EMPTY. The first two are reconcilable if J-1 is read as ECFMG-sponsored rather than employer-sponsored, but the GME page's exclusion of applicants on student/postgraduate (F-1/OPT) visas is an additional institutional bar the program page never mentions.",Preserve; do not resolve,NO
1804800168,RISE-NEURO-0166,Texas Tech University HSC El Paso Program,TX,CONFLICT_PRESERVED,conflicts[6],"STEP 2 REQUIREMENT - the registry (from the FREIDA survey received 2025-06-25) records 'IMG Step 2 Required: Yes' and 'US MD Step 2 Required: No'; the FREIDA survey received 2026-06-15 sets field_usmle_step_2_required, field_usmle_step2_req_int, field_usmle_us_md_pass_ck and field_usmle_img_pass_ck ALL to false; the program's own required-document list asks for 'USMLE Steps 1, 2 (CK and CS), and Step 3 scores' at submission while exempting Step 3 and Step 2 CS from submission in the next breath. Whether Step 2 CK is required, of whom, and when, cannot be resolved from published text.",Preserve; do not resolve,NO
1804800168,RISE-NEURO-0166,Texas Tech University HSC El Paso Program,TX,CONFLICT_PRESERVED,conflicts[7],"STEP 2 CS REFERENCES A DISCONTINUED EXAM - both the live Application Process page and the live FAQ require USMLE Step 2 CS ('Must be completed before the ranking deadline'). Step 2 CS was permanently discontinued by the USMLE program in January 2021. This is not merely stale: it is the ONLY sentence either page contains that attaches a deadline to any part of Step 2, so the program's only published Step 2 timing rule is inoperative as written.",Preserve; do not resolve,NO
1804800168,RISE-NEURO-0166,Texas Tech University HSC El Paso Program,TX,CONFLICT_PRESERVED,conflicts[8],"FACULTY COUNT - the departmental faculty page names 9 physicians and 2 faculty nurse practitioners (which the registry copies exactly as 'Physicians: 9; non-physicians: 2'); the FREIDA survey received 2026-06-15 reports field_total_physician = 11 and field_total_non_physician = 0 with field_ratio_ft_faculty = 0.70 against the registry's 0.50:1; the Texas Tech Physicians provider directory returns 9 M.D.s tagged to Neurology (one of whom, Mohammad Ghatali, is absent from the faculty page, while Claudia Prospero Ponce appears on the faculty page under a joint Ophthalmology/Neurology appointment) plus a tenth epilepsy physician, Richard Brower M.D., named only in institutional news. The '0 non-physicians' figure is almost certainly the FREIDA null-as-zero sentinel, since two faculty nurse practitioners are named on the department's own page.",Preserve; do not resolve,NO
1804800168,RISE-NEURO-0166,Texas Tech University HSC El Paso Program,TX,CONFLICT_PRESERVED,conflicts[9],"FEMALE FACULTY PERCENTAGE - registry 'Female Faculty Percent: 37.50%' versus FREIDA 2026 field_pct_ft_female = 18.20%. Note that FREIDA's field_pct_female in the same 2026 record is 37.5 but refers to RESIDENTS, not faculty - so the registry value may be a field-mapping error in which a resident gender percentage was written into a faculty field.",Preserve; do not resolve,NO
1804800168,RISE-NEURO-0166,Texas Tech University HSC El Paso Program,TX,CONFLICT_PRESERVED,conflicts[10],"NARVAEZ CORREA TRAINING RECORD - the departmental faculty page says Isabel Victoria Narvaez Correa 'completed her neurology residency at Texas Tech University Health Sciences Center El Paso' and a 'fellowship in neuromuscular medicine at Virginia Commonwealth University'; the Texas Tech Physicians provider directory records her residency as 'Internal Medicine | NYC Health + Hospitals Jacobi Medical Center' and her fellowship as a generic 'Neurology | Virginia Commonwealth University'. The archived Former Neurology Residents page independently confirms she was a 2020-2023 graduate of THIS neurology residency who went to a VCU neuromuscular fellowship, which makes the provider-directory record the erroneous one. Preserved because it demonstrates that the institution's own directory carries training-history errors, so directory fields were corroborated rather than trusted alone.",Preserve; do not resolve,NO
1804800168,RISE-NEURO-0166,Texas Tech University HSC El Paso Program,TX,CONFLICT_PRESERVED,conflicts[11],"RESIDENT CENSUS - registry 'Total Residents: 16' and 'Current Residents PGY1: 4 / PGY2: 4 / PGY3: 4' against a published roster that names only 7 residents and shows an EMPTY PGY-3 year and NO PGY-1 section, against FREIDA 2026 percentages that resolve to integers only on a denominator of 16. Complement 16 and nameable roster 7 are both true statements about different things; the registry field name invites a reader to treat the complement as a census.",Preserve; do not resolve,NO
1804800168,RISE-NEURO-0166,Texas Tech University HSC El Paso Program,TX,CONFLICT_PRESERVED,conflicts[12],"ACCEPTING-APPLICATIONS STATUS - registry 'Program Status: FREIDA: not accepting current year; accepting next year' is exactly inverted relative to the FREIDA survey received 2026-06-15, which sets field_accepting_current_year = true and field_accepting_next_year = false.",Preserve; do not resolve,NO
1804800168,RISE-NEURO-0166,Texas Tech University HSC El Paso Program,TX,CONFLICT_PRESERVED,conflicts[13],"PRELIMINARY POSITIONS - registry 'Offers Preliminary Positions: Yes' against FREIDA 2026 field_offers_preliminary_positio = false, field_pgy1_pos_type_prelim = false and field_pgy1_post_type_categorical = true, and against the program's own FAQ: 'Is a preliminary year required? No. Residents will complete all four years at our campus.'",Preserve; do not resolve,NO
1804800168,RISE-NEURO-0166,Texas Tech University HSC El Paso Program,TX,CONFLICT_PRESERVED,conflicts[14],"PGY-1 CALL FREQUENCY - registry 'Call Schedule: Year 1: Once per week for 12 week(s)' against FREIDA 2026 field_call_schedule[0] = {'value': 'Every fifth night', 'duration': 12}. Every-fifth-night and once-per-week are materially different intern years; the registry appears to have propagated the PGY-2 value into PGY-1.",Preserve; do not resolve,NO
1804800168,RISE-NEURO-0166,Texas Tech University HSC El Paso Program,TX,CONFLICT_PRESERVED,conflicts[15],"VACATION - registry 'Vacation: 15' against FREIDA 2026 field_graduate_year_statistics, which gives 15 paid vacation days in PGY-1 and PGY-2 and 20 in PGY-3 and PGY-4, plus 12 paid sick days from PGY-2 onward. The registry records only the intern-year value under an unqualified field name.",Preserve; do not resolve,NO
1804800168,RISE-NEURO-0166,Texas Tech University HSC El Paso Program,TX,CONFLICT_PRESERVED,conflicts[16],INTERVIEWS CONDUCTED - registry 'Interviews Conducted Last Year: 40' and 'Interviews Per First Year Position: 10.0:1' against FREIDA 2026 field_interviews_conducted = 50 and field_historical_interview_stats showing 2025: 50 interviews for 4 positions (12.5:1). The registry's history string stops at 2024.,Preserve; do not resolve,NO
1804800168,RISE-NEURO-0166,Texas Tech University HSC El Paso Program,TX,CONFLICT_PRESERVED,conflicts[17],"UMC TRAUMA CATCHMENT RADIUS - the archived program page says UMC 'has the only Level 1 Trauma Center in a 280-mile radius'; UMC's own website says 'The only Level 1 Trauma Center in a 270-mile radius of El Paso'. A trivial discrepancy, recorded because both are used as recruitment claims.",Preserve; do not resolve,NO
1804800168,RISE-NEURO-0166,Texas Tech University HSC El Paso Program,TX,CONFLICT_PRESERVED,conflicts[18],"PROGRAM CONTACT - the program's own pages name Autum Waskoviak (autum.waskoviak@ttep.edu) as Residency Program Coordinator in the footer of every residency page, and Marcela Guerrero as Medical Student Coordinator and Interventional Neurology Fellowship coordinator; FREIDA's 2026 contact paragraphs list Paisith Piriyawat and Marcela Guerrero, both on the retired @ttuhsc.edu email domain. An applicant following FREIDA would email the wrong person at a dead domain.",Preserve; do not resolve,NO
1804800168,RISE-NEURO-0166,Texas Tech University HSC El Paso Program,TX,CONFLICT_PRESERVED,conflicts[19],"PROGRAM SIZE HISTORY - the Program History page says ACGME approved the program in March 2015 'as an advanced program, initially accredited to accept three residents per year, for a total of nine residents', and the Chairman's Message (October 2020 vantage) says 'we started a neurology residency currently with three positions per year'; the program now has 4 positions per year and a complement of 16. The expansion from 9 to 16 is unannounced on any page and is visible only in FREIDA's historical interview statistics (3 positions 2019-2020, 2 in 2021, 3 in 2022, 4 from 2023 onward).",Preserve; do not resolve,NO
1804800169,RISE-NEURO-0254,University of Texas Rio Grande Valley Program,TX,CONFLICT,domain:2_visa,"Re-verified as required (volatile, application-critical). The J-1 finding matched the registry and is reused. The H-1B and F-1 OPT findings CHANGED against the registry on FREIDA. Two independent UTRGV-authored pages (program level and institution level) both state J-1 only, so the primary sources are preferred and the FREIDA 'Yes' values are most likely survey-entry errors -- but the conflict is preserved, not resolved. Institution-level policy is the stronger constraint here because visa sponsorship at UTRGV is administered centrally by GME.",Preserve both readings; do not project a single value,NO
1804800169,RISE-NEURO-0254,University of Texas Rio Grande Valley Program,TX,CONFLICT,domain:5_step2_timing,"This is the single most strategically important item in the dossier and the timing was determined from an EXPLICIT published timing statement, not inferred from the existence of a score minimum. See the step2_timing block for the applied determination against the student's late-September 2026 test date.",Preserve both readings; do not project a single value,NO
1804800169,RISE-NEURO-0254,University of Texas Rio Grande Valley Program,TX,CONFLICT,domain:7_yog_limit,"Registry value (3) matches the program website but is contradicted by the newer FREIDA survey (5). Because the FREIDA survey (6/23/2026) is NEWER than the program webpage -- which carries demonstrable staleness artifacts from 2021-2023 -- the direction of this conflict is genuinely ambiguous. Conflict preserved, not resolved.",Preserve both readings; do not project a single value,NO
1804800169,RISE-NEURO-0254,University of Texas Rio Grande Valley Program,TX,CONFLICT,domain:14_leadership,"The ticket flagged the empty registry 'Program Director' field as a genuine gap; it is now filled, and the filling turned up a materially more important finding than the name itself. This is logged as CONFLICT rather than VERIFIED because official directories and the program's own recruitment behaviour disagree. The departure date (8/25/2026) rests on search-engine indexes of a page that now 404s and could NOT be directly confirmed -- archive.org returned HTTP 429 on the one retrieval attempt -- so it is reported with that provenance stated rather than as established fact. The OPEN PD job posting is directly verified and is the strongest single piece of evidence. DECISION RELEVANCE: an applicant would be interviewing at a two-resident program whose PD search may still be open; this is worth asking about directly on the interview trail.",Preserve both readings; do not project a single value,NO
1804800169,RISE-NEURO-0254,University of Texas Rio Grande Valley Program,TX,CONFLICT_PRESERVED,conflicts[0],"RECRUITING STATUS (resolved as temporal change, both values retained): Registry 2026-07-09 recorded 'FREIDA: not accepting current year; accepting next year' (FREIDA last updated 2026-02-19). A search-engine-cached snapshot of an older NRMP URL read 'Program Status: Initial -- The program track has not yet been activated for participation in the Match.' LIVE on 2026-09-11: NRMP (updated daily) reads 'PROGRAM STATUS: ACTIVE -- The program track is participating in the Match', and FREIDA (updated 8/20/2026) displays 'ACCEPTING APPLICATIONS'. Both live primary sources agree the program IS recruiting for 2026-2027.",Preserve; do not resolve,NO
1804800169,RISE-NEURO-0254,University of Texas Rio Grande Valley Program,TX,CONFLICT_PRESERVED,conflicts[1],"STEP 2 CK TIMING (unresolved, most decision-critical): Program website -- 'interviews offered prior to receiving Step 2 scores... required before ranking'. FREIDA 8/20/2026 -- 'Must Have Passed USMLE Step 2 CK: Yes' listed under 'Medical Exam Licensing Requirements FOR INTERVIEW CONSIDERATION'. Primary program prose preferred; FREIDA value retained and flagged.",Preserve; do not resolve,NO
1804800169,RISE-NEURO-0254,University of Texas Rio Grande Valley Program,TX,CONFLICT_PRESERVED,conflicts[2],"PROGRAM DIRECTOR (unresolved): UTRGV GME Program Directory (live) and NRMP (live, updated daily) both name Ramsis Benjamin, MD, MPH. Against that: FREIDA 8/20/2026 lists Program Director as 'Unknown Unknown'; UTRGV job posting FRGV2030 (opened 06/30/2026, no close date, desired start 08/01/2026) actively seeks 'a full-time faculty member to serve as the Program Director of the newly founded Neurology Residency Program'; Dr. Benjamin is absent from the full 307-entry UTRGV SOM faculty directory (verified against positive controls); his UT Health RGV provider page returns 404; search-engine indexes of that removed page reported a departure from UT Health RGV effective 8/25/2026; and the program's Director's Welcome is unsigned.",Preserve; do not resolve,NO
1804800169,RISE-NEURO-0254,University of Texas Rio Grande Valley Program,TX,CONFLICT_PRESERVED,conflicts[3],"VISA -- H-1B AND F-1 OPT (unresolved): Program website 'H-1B visas cannot be supported' and institutional GME policy 'MUST obtain a J-1 visa sponsored by ECFMG'. FREIDA 8/20/2026 reports H-1B: Yes and F-1 (OPT 1st year): Yes. Registry recorded H1B No, F1 OPT No. Two UTRGV-authored sources at two levels say J-1 only; FREIDA values likely survey error but retained.",Preserve; do not resolve,NO
1804800169,RISE-NEURO-0254,University of Texas Rio Grande Valley Program,TX,CONFLICT_PRESERVED,conflicts[4],YEARS SINCE GRADUATION (unresolved): Program website '3 years' (matching registry); FREIDA 8/20/2026 survey 'within the past 5 year(s)'. FREIDA survey is the newer document but the program page is the more specific statement.,Preserve; do not resolve,NO
1804800169,RISE-NEURO-0254,University of Texas Rio Grande Valley Program,TX,CONFLICT_PRESERVED,conflicts[5],"COMLEX POLICY (registry superseded): Registry recorded 'COMLEX Level 1 passed: No; COMLEX Level 2 passed: No' and 'DO Step 1 Required: Yes; DO Step 2 Required: Yes'. Both the program website (COMLEX Level 1 = 500+, Level 2 = 500+, 'successful completion of Step 2 (USMLE or COMLEX)') and FREIDA 8/20/2026 (DO: COMLEX Level 1 Yes, COMLEX Level 2 Yes, 'Requires the USMLE Step 1 and/or Step 2 CK: No') show COMLEX IS accepted and USMLE is NOT required of DO applicants. Registry value is wrong for the current cycle.",Preserve; do not resolve,NO
1804800169,RISE-NEURO-0254,University of Texas Rio Grande Valley Program,TX,CONFLICT_PRESERVED,conflicts[6],MEDICAL SPANISH CURRICULUM (registry superseded): Registry recorded 'Medical Spanish Curriculum: Yes'. FREIDA 8/20/2026 (survey 6/23/2026) lists under Not Offered: 'Instruction in medical Spanish or other non-English language: No'. Materially changes domain 24.,Preserve; do not resolve,NO
1804800169,RISE-NEURO-0254,University of Texas Rio Grande Valley Program,TX,CONFLICT_PRESERVED,conflicts[7],RESEARCH ROTATION (registry superseded): Registry 'Research Rotation: Required'; FREIDA 8/20/2026 'Research rotation: Optional'.,Preserve; do not resolve,NO
1804800169,RISE-NEURO-0254,University of Texas Rio Grande Valley Program,TX,CONFLICT_PRESERVED,conflicts[8],"GAP EXPERIENCE REQUIREMENT (registry superseded, direction reversed): Registry 'Research or other medical education pursuits (clinical experience not required)'; FREIDA 8/20/2026 'Clinical experience in the US or outside the US' required for gaps of 1+ year.",Preserve; do not resolve,NO
1804800169,RISE-NEURO-0254,University of Texas Rio Grande Valley Program,TX,CONFLICT_PRESERVED,conflicts[9],INTERVIEW FORMAT (registry superseded): Registry 'In Person'; program website 'we will conduct all residency interviews virtually for the 2026 application season'; FREIDA 8/20/2026 'Applicant Interview Format: Virtual'.,Preserve; do not resolve,NO
1804800169,RISE-NEURO-0254,University of Texas Rio Grande Valley Program,TX,CONFLICT_PRESERVED,conflicts[10],"APPLICATION DEADLINE (registry is a prior-cycle artifact): Registry 'Application Deadline: 2025-11-30'. No current source publishes any deadline date; FREIDA gives 'Program Starts Reviewing Applications: Application service release date' under a '2026 - 2027' heading, and the program publishes only month ranges. Exactly the staleness the ticket predicted.",Preserve; do not resolve,NO
1804800169,RISE-NEURO-0254,University of Texas Rio Grande Valley Program,TX,CONFLICT_PRESERVED,conflicts[11],"SALARY (registry one year stale): Registry PGY1 63,600 / PGY2 66,000 / PGY3 68,000 / PGY4 71,000 -- these match FREIDA's still-outdated figures. UTRGV's own GME page publishes 2026-2027 rates effective 2026-07-01: PGY1 65,600 / PGY2 68,000 / PGY3 70,400 / PGY4 73,000.",Preserve; do not resolve,NO
1804800169,RISE-NEURO-0254,University of Texas Rio Grande Valley Program,TX,CONFLICT_PRESERVED,conflicts[12],"FACULTY COUNT (registry superseded and internally disputed): Registry 'Program Faculty Count: 8', ratio 0.70:1, Female Faculty 33.30%. FREIDA 8/20/2026: 5 faculty, ratio 0.6:1, Female Faculty 0%. UTRGV's own SOM directory filtered to 'Neurology Residency' returns only 2 entries, of whom exactly 1 is a physician (Carlos Martinez-Menendez); the UT Health RGV Neurology (Harlingen) clinic page also lists only Martinez-Menendez.",Preserve; do not resolve,NO
1804800169,RISE-NEURO-0254,University of Texas Rio Grande Valley Program,TX,CONFLICT_PRESERVED,conflicts[13],"RESIDENT COUNT (registry reports approved complement, not census): Registry 'Total Residents: 8' and 'Current Residents PGY1/2/3 = 2/2/2'; FREIDA 8/20/2026 'Program Size 8, Year 1-4 = 2/2/2/2'. UTRGV's own GME Resident Directory returns exactly 2 neurology residents. A program whose first class entered in 2025 cannot have PGY-3s in 2026-27.",Preserve; do not resolve,NO
1804800169,RISE-NEURO-0254,University of Texas Rio Grande Valley Program,TX,CONFLICT_PRESERVED,conflicts[14],"RESIDENT PGY LEVEL (unresolved, internal to UTRGV): The UTRGV GME Resident Directory tags both residents 'PGY 1' in September 2026, while the UTRGV Newsroom article of 2025-11-03 describes them as already training as the inaugural class in 2025 -- which would make them PGY-2 in 2026-27. Either the neurology PGY tag was not rolled over, or no July 2026 class was enrolled. The headcount of 2 is unaffected either way.",Preserve; do not resolve,NO
1804800169,RISE-NEURO-0254,University of Texas Rio Grande Valley Program,TX,CONFLICT_PRESERVED,conflicts[15],"LETTERS OF RECOMMENDATION (program site incomplete vs FREIDA): Program website states only 'Three letters of recommendation'. FREIDA 8/20/2026 specifies minimum 3 / maximum 4 AND required letter-writer categories: a department chair letter, letter(s) from someone within the specialty, a Program Director letter, and a physician preceptor at an away rotation. Materially more demanding than the website suggests.",Preserve; do not resolve,NO
1804800169,RISE-NEURO-0254,University of Texas Rio Grande Valley Program,TX,CONFLICT_PRESERVED,conflicts[16],"AGGREGATOR CLAIMS REJECTED (residencyadvisor.com, program page for ACGME 1804800169), recorded per the ticket's fabrication warning and used as evidence for nothing: (a) 'Continued Accreditation (Effective: January 29, 2026)' -- implausible for a program that enrolled its first class in July 2025 and would normally hold Initial Accreditation, and matching the templated pattern the ticket flagged; not corroborated by ACGME, FREIDA or NRMP. (b) 'Match Statistics 2025: 2 of 2; 2026: 2 of 2' -- the 2026 fill claim contradicts UTRGV's own resident directory, which shows no second class. (c) '523 applications and conducted 22 interviews' -- the 523 figure is uncorroborated and the interview count disagrees with FREIDA's 21. (d) 'USMLE Step 2 range 235-269 (10th to 90th percentile)' -- no such figure is published by the program, which publishes only a 220 minimum. ACGME accreditation status therefore remains unverified rather than adopted from this source.",Preserve; do not resolve,NO
1804800169,RISE-NEURO-0254,University of Texas Rio Grande Valley Program,TX,CONFLICT_PRESERVED,conflicts[17],"NAME-COLLISION HAZARD (not a source conflict, recorded to prevent downstream error): searching 'Fidel Valero Moreno' surfaces a neurosurgeon in Columbus, OH / Mayo Clinic Jacksonville who graduated from Universidad de Monterrey in 2010. That is a different physician and was excluded. Separately, 'Valley Hospital Medical Center' neurology residency (Las Vegas, NV) surfaces on RGV-related searches and is unrelated to this program.",Preserve; do not resolve,NO
1804811109,RISE-NEURO-0253,University of Texas Medical Branch Hospitals Program,TX,CONFLICT_PRESERVED,conflicts[0],"CLASS SIZE — A FOUR-WAY CONTRADICTION, ALL SOURCES PRESERVED, NO WINNER PICKED. (a) The program's Applicant Information page states 'We are a categorical program (1714180C0), and we accept up to five residents each year.' (b) The program's Our Program page states 'We are proud to welcome 7 new neurology residents into our program each year.' (c) FREIDA (registry and live production index alike) reports First Year Positions = 8 and its_field_program_size = 8. (d) The program's own current roster lists NINE PGY-1 residents for AY2026-27. These are all published by or about the same program and cannot all be literally true of the same year. The most defensible synthesis is that (a) is badly stale legacy text, (b) reflects a recent typical class, (c) is the number the program reports to FREIDA as offered first-year positions, and (d) is the actual head-count now in training — but the contradiction is recorded rather than resolved because no source reconciles them.",Preserve; do not resolve,NO
1804811109,RISE-NEURO-0253,University of Texas Medical Branch Hospitals Program,TX,CONFLICT_PRESERVED,conflicts[1],"TOTAL RESIDENTS — REGISTRY 27 MATCHES NO REAL CENSUS IN ANY YEAR. Registry 'Total Residents: 27' with 'Residents Per Year: PGY-1 8; PGY-2 7; PGY-3 6; PGY-4 6'. The live FREIDA index returns itm_field_program_size [6,6,7,8], which sums to 27, so the registry simply totalled FREIDA's four survey answers. But the actual AY2025-26 census read off the program's roster (via two Wayback captures) was 7/7/6/6 = 26, and the actual AY2026-27 census is 9/7/7/6 = 29. The registry number is a MIXED figure that splices one offered-positions value (8) onto three head-counts (7/6/6) and therefore describes no real year. 8 x 4 = 32 would be the approved-complement reading, but ACGME's public search is CAPTCHA-gated so the true approved complement could not be confirmed.",Preserve; do not resolve,NO
1804811109,RISE-NEURO-0253,University of Texas Medical Branch Hospitals Program,TX,CONFLICT_PRESERVED,conflicts[2],"PEDIATRIC NEUROLOGY ROTATION LENGTH — the Residency Overview page states residents 'spend one month on the inpatient pediatric neurology service' at Texas Children's Hospital, while the Our Program page states 'During their PGY-3/4 year, residents rotate for two months at Texas Children's Hospital in the Texas Medical Center.' Both are program-published on the same site. Material because this is Houston-based training time, which bears directly on Alejandra's family-proximity priority: the difference is two months versus one month physically in the Texas Medical Center.",Preserve; do not resolve,NO
1804811109,RISE-NEURO-0253,University of Texas Medical Branch Hospitals Program,TX,CONFLICT_PRESERVED,conflicts[3],"VACATION — the program's Applicant Information page advertises '4 weeks of PTO vacation' while FREIDA and the registry record Vacation = 12 days and Sick Days = 12 days. Four weeks (20 business days) and 12 days cannot both be a literal vacation entitlement; the figures reconcile only if UTMB's 'PTO' aggregates vacation and sick leave (12 + 12 = 24 days). A secondary UTMB source surfaced in search describing 'three weeks of vacation yearly (15 business days)' for UTMB housestaff, giving a third incompatible number. All three preserved.",Preserve; do not resolve,NO
1804811109,RISE-NEURO-0253,University of Texas Medical Branch Hospitals Program,TX,CONFLICT_PRESERVED,conflicts[4],"SALARY — registry Salary PGY1-PGY4 (66,405 / 68,654 / 70,783 / 73,229) is EXACTLY UTMB's 'effective July 1, 2025' table, carried against a registry verification date of 2026-07-09. UTMB's current published table, 'effective July 1, 2026, approved by Leadership on December 18, 2025', reads PGY1 69,725 / PGY2 72,087 / PGY3 74,322 / PGY4 76,890. The registry is one full cycle behind. FREIDA's live index also still returns fts_salary 66405, so FREIDA is stale too — the error is upstream of the registry.",Preserve; do not resolve,NO
1804811109,RISE-NEURO-0253,University of Texas Medical Branch Hospitals Program,TX,CONFLICT_PRESERVED,conflicts[5],"CALL SCHEDULE — FREIDA/registry report 'Year 1: Every fourth night; Year 2: Every fifth night; Year 3: Every sixth night for 6 week(s); Year 4: N/A', which is a q4/q5/q6 traditional-call description. The program's own curriculum describes something structurally different: PGY-2 night float of 6-8 weeks running 5:00 PM to 6:30 AM plus 24-hour Saturday calls roughly twice monthly, and PGY-4 one 12-hour call per month. The FREIDA survey answer appears to be a legacy or coarse mapping; the program narrative is the better description of actual work, but both are recorded.",Preserve; do not resolve,NO
1804811109,RISE-NEURO-0253,University of Texas Medical Branch Hospitals Program,TX,CONFLICT_PRESERVED,conflicts[6],"RESIDENT COMPOSITION PERCENTAGES — FREIDA's live index still reports ftm_field_pct_do 0.0, ftm_field_pct_usmd 4.0 and ftm_field_pct_img 96.0 for this program. The published AY2026-27 roster contains FIVE DOs (17%) and three U.S. MD-degree graduates (10%). FREIDA's percentages are flatly contradicted by the program's own roster and are stale by at least one and probably two match cycles.",Preserve; do not resolve,NO
1804811109,RISE-NEURO-0253,University of Texas Medical Branch Hospitals Program,TX,CONFLICT_PRESERVED,conflicts[7],"MOVEMENT DISORDERS FELLOWSHIP — Dhanya Vijayakumar, MD, PhD is titled 'Director, Movement Disorders Fellowship Program' on both her UTMB faculty page and the residency Our Team page, which on its face asserts an existing fellowship. Against that: the department's Education navigation lists only three fellowships and contains no movement disorders entry or page; no fellow is named; and a UTMB institutional article dated 2025-04-11 says she 'is working toward launching a movement disorders fellowship to train the next generation of specialists.' The title and the operational evidence conflict; this dossier treats the fellowship as IN DEVELOPMENT and flags that a reader relying on the title alone would overstate what is available.",Preserve; do not resolve,NO
1804811109,RISE-NEURO-0253,University of Texas Medical Branch Hospitals Program,TX,CONFLICT_PRESERVED,conflicts[8],"ACCREDITATION STATUS — residencyadvisor.com displays 'Status: Continued Accreditation' with an effective date of January 29, 2026, attributed to ACGME. ACGME's own public program search is CAPTCHA-gated and was not bypassed, and a direct probe of the ADS public detail endpoint returned an ACGME 'No Results Found' page. The aggregator claim therefore cannot be corroborated at source, and the contract explicitly records that this same aggregator fabricated a 'Continued Accreditation' status for a program that had only launched in 2025. The claim is preserved here as an unverified assertion and is NOT adopted anywhere in this dossier.",Preserve; do not resolve,NO
1804811109,RISE-NEURO-0253,University of Texas Medical Branch Hospitals Program,TX,CONFLICT_PRESERVED,conflicts[9],"PROGRAM ADDRESS — FREIDA's survey record gives the program address as 'John Sealy Annex Rm 9128, 301 University Blvd, Galveston TX', while the registry carries Zip 77555-0539 and the GME office letterhead reads '5.138 Rebecca Sealy Building, 301 University Boulevard, Galveston, Texas 77555-0175'. These are different rooms and different mail codes within the same 301 University Boulevard campus and are not truly contradictory, but a downstream consumer should not treat any one of them as 'the' program address without checking.",Preserve; do not resolve,NO
1804812156,RISE-NEURO-0248,University of Texas at Austin Dell Medical School/Dell Seton Medical Center Program,TX,CONFLICT,domain:7_yog_limit,"Preserving both readings per contract. I did not resolve whether Dell Med applies the 3-year rule to US MD/DO graduates; the program page's own sectioning says it does not, FREIDA's schema implies it does. An applicant for whom this is load-bearing must email the coordinators (jjackson1@ascension.org / mguerra1@ascension.org) rather than rely on either published source.",Preserve both readings; do not project a single value,NO
1804812156,RISE-NEURO-0248,University of Texas at Austin Dell Medical School/Dell Seton Medical Center Program,TX,CONFLICT,domain:10_deadline_signaling,State is CONFLICT because of the Oct 15 vs 2025-09-24 deadline contradiction and the separate in-person vs virtual interview-format contradiction (see domain 26 and conflicts). The Sept 15 / Oct 1 review posture is the single most strategically important line in this domain for a late-Step-2 applicant and is carried into domain 5 and the Alejandra rationale.,Preserve both readings; do not project a single value,NO
1804812156,RISE-NEURO-0248,University of Texas at Austin Dell Medical School/Dell Seton Medical Center Program,TX,CONFLICT_PRESERVED,conflicts[0],"REGISTRY-INTEGRITY FINDING - THE TWO AUSTIN NEUROLOGY IDs ARE NOT A DUPLICATE, AND THE TEXAS PROGRAM COUNT IS NOT INFLATED. ACGME 1804812156 (UT Austin Dell Medical School / Dell Seton Medical Center Program) and ACGME 1804800001 (UT Austin Dell Medical School / Ascension Seton Medical Center Program) are two genuinely distinct, concurrently active, separately accredited Adult Neurology residencies sponsored by one department. WHAT I ESTABLISHED, with the evidence for each: (1) The program's own Application Details page publishes both records explicitly side by side, each with its own ACGME number AND its own NRMP code - 'Dell Seton Medical Center Program / ACGME number: 1804812156 / NRMP number: 1793180C0' and 'Ascension Seton Medical Center Program / ACGME number: 1804800001 / NRMP: 1793180C1'. Two simultaneous active Match codes cannot belong to one renumbered or retired record. (2) FREIDA's own record for 1804812156 independently carries field_match_nrmp_codes = ['1793180C0'], corroborating the pairing from a second source. (3) Two separate program directors sign the Directors' Welcome for their own programs: Kent Ellington MD for Dell Seton (mine), Ethan Meltzer MD for Ascension Seton. Each program also has its own APD - Navid Valizadeh for the residency generally, John Jefferson explicitly '(Ascension Seton Medical Center Austin)'. (4) The two FREIDA records carry DIFFERENT DATA OF DIFFERENT VINTAGES: mine is a node--survey_2025 (received 2025-06-11) reporting 6 first-year positions, 24 total, 34 physician faculty, years-since-graduation 3, first-year salary 67503; the sister is a node--survey_2026 (received 2026-07-21) reporting 4 first-year positions, 16 total, 30 physician faculty, years-since-graduation 5, first-year salary 69582. Separately submitted surveys ",Preserve; do not resolve,NO
1804812156,RISE-NEURO-0248,University of Texas at Austin Dell Medical School/Dell Seton Medical Center Program,TX,CONFLICT_PRESERVED,conflicts[1],"STEP 1 / STEP 2 'REQUIRED' FLAGS - REGISTRY SAYS YES, FREIDA'S ACTUAL FIELDS SAY FALSE. The registry records 'US MD Step 1 Required: Yes', 'US MD Step 2 Required: Yes', 'DO COMLEX Level 1 Required: Yes', 'DO COMLEX Level 2 Required: Yes'. In the FREIDA node--survey_2025 payload I extracted for 1804812156, field_usmle_step_1_required = False, field_usmle_step_2_required = False, field_comlex_lvl1_req_int = False and field_comlex_lvl2_req_int = False. The fields that ARE true are field_usmle_us_md_pass_1 = True, field_usmle_us_md_pass_ck = True, field_comlex_do_pass_1 = True and field_comlex_do_pass_ce = True - i.e. the exams must have been PASSED. The registry collapsed 'must have passed' into 'required', which to an applicant reads as a stricter and earlier gate than the program actually publishes. Both readings preserved; the operative published policy is a pass requirement with no minimum score and no interview gate.",Preserve; do not resolve,NO
1804812156,RISE-NEURO-0248,University of Texas at Austin Dell Medical School/Dell Seton Medical Center Program,TX,CONFLICT_PRESERVED,conflicts[2],"STEP 2 INTERVIEW GATE - THE DECISIVE FIELD, AND IT IS NEGATIVE. FREIDA field_usmle_step2_req_int = FALSE and field_comlex_lvl2_req_int = FALSE for this program, meaning the program itself answered that Step 2 is NOT required for an interview. This converges with the program page's own 'All documentation must be submitted prior to rank list submission' and its FAQ 'The application does not need to be complete before submitting to ERAS.' Two independent sources agree, which is why domain 5 is VERIFIED at HIGH confidence rather than inferred. The countervailing fact, preserved rather than smoothed away: the same FAQ states 'All applications are reviewed by Oct. 1' and 'Applications submitted by Sept. 15 have a higher chance of success', so review is front-loaded even though requirements are not. For an applicant whose score lands mid-October this is a competitive disadvantage, NOT an eligibility barrier, and the two must not be conflated.",Preserve; do not resolve,NO
1804812156,RISE-NEURO-0248,University of Texas at Austin Dell Medical School/Dell Seton Medical Center Program,TX,CONFLICT_PRESERVED,conflicts[3],"APPLICATION DEADLINE - OCT 15 (OFFICIAL) vs 2025-09-24 (REGISTRY/FREIDA). The program's own Application Details page states 'Applications for each academic year are accepted until October 15. The deadline may be extended under special circumstances.' The registry stores 'Application Deadline: 2025-09-24', sourced from FREIDA field_latest_date_current_year = 2025-09-24. Two defects at once: the value disagrees with the program's own published date by three weeks, AND it refers to the 2025-26 cycle rather than the 2026-27 cycle Alejandra will apply in. Per source hierarchy the official program page governs: October 15, with a documented extension route through the coordinators. Neither value should be used without noting the other.",Preserve; do not resolve,NO
1804812156,RISE-NEURO-0248,University of Texas at Austin Dell Medical School/Dell Seton Medical Center Program,TX,CONFLICT_PRESERVED,conflicts[4],"INTERVIEW FORMAT - REGISTRY SAYS IN PERSON, PROGRAM SAYS VIRTUAL. Registry records 'Applicant Interview Format: In Person' and 'Interview Style: In Person', derived from FREIDA field_interview_type = 1 with field_video_interview = False. The program's own Application Details page states plainly: 'Interviews are held virtually most Tuesdays from late October through December' and describes a virtual resident social the evening before, virtual attendance at grand rounds, and an interview day ending by 12:30-1 p.m. Central. The only in-person element is explicitly optional and post-interview: 'All interviewees are invited to an optional in-person second look at the end of the application cycle prior to rank list submission.' The registry value is wrong for the current cycle and materially so - it misrepresents travel cost and burden for an applicant planning a Texas interview season from Puerto Rico. Official page governs: VIRTUAL interviews, optional in-person second look.",Preserve; do not resolve,NO
1804812156,RISE-NEURO-0248,University of Texas at Austin Dell Medical School/Dell Seton Medical Center Program,TX,CONFLICT_PRESERVED,conflicts[5],"LETTERS OF RECOMMENDATION - MINIMUM 2 (REGISTRY/FREIDA) vs AT LEAST 3 (OFFICIAL PAGE). Registry carries 'Minimum LOR: 2, Maximum LOR: 3' from FREIDA field_min_letters_req = 2 and field_max_letters_req = 3. The program's ERAS checklist states 'At least three letters of recommendation.' Separately the FAQ requires that 'At least two letters must be from neurologists in the United States or Canada' and that 'One or more letters from a neurologist is preferred.' The safe operational reading, and the one an applicant should follow, is the official page's: submit three letters, of which at least two are from US or Canadian neurologists. An applicant relying on the registry's minimum of 2 would under-submit.",Preserve; do not resolve,NO
1804812156,RISE-NEURO-0248,University of Texas at Austin Dell Medical School/Dell Seton Medical Center Program,TX,CONFLICT_PRESERVED,conflicts[6],"YEARS SINCE GRADUATION - 3 YEARS, BUT SCOPE DISPUTED, AND THE SISTER PROGRAM SAYS 5. The program page places the three-year graduation window exclusively under 'International Medical Graduates' ('Graduated from medical school within the past three years') and repeats it in the FAQ under 'International Graduates'. FREIDA carries field_years_since_graduation = 3 as an unqualified program-level field, which the registry rendered as 'Medical School Graduation Timeline: 3' with no IMG scoping. Meanwhile the sister Ascension Seton program's newer 2026 survey reports field_years_since_graduation = 5. So: the limit may be IMG-only or universal, and the two 'equivalent' sibling programs publish different numbers. Not resolvable from public sources. Immaterial to Alejandra (zero years at matriculation) but potentially decisive for a re-applicant.",Preserve; do not resolve,NO
1804812156,RISE-NEURO-0248,University of Texas at Austin Dell Medical School/Dell Seton Medical Center Program,TX,CONFLICT_PRESERVED,conflicts[7],"FACULTY COUNT - 34 vs 'OVER 100', BOTH CORRECT AT DIFFERENT DENOMINATORS. FREIDA field_total_physician = 34 (physician faculty reported for THIS residency, consistent with field_ratio_ft_faculty = 1.40 against 24 residents) versus the Directors' Welcome's 'Our growing neurology faculty, currently over 100 members' (the whole Dell Med Department of Neurology, including child neurology, research and affiliate faculty). These are not contradictory and I did not average or pick between them. Importantly, registry 'Program Faculty Count: 34' is a REAL value here and NOT the FREIDA null-sentinel-zero defect the contract flagged.",Preserve; do not resolve,NO
1804812156,RISE-NEURO-0248,University of Texas at Austin Dell Medical School/Dell Seton Medical Center Program,TX,CONFLICT_PRESERVED,conflicts[8],"TOTAL RESIDENTS 24 - COMPLEMENT AND CENSUS COINCIDE, WHICH IS THE EXCEPTION NOT THE RULE. The contract warns that registry 'Total Residents' often stores an approved complement where a reader expects a census (Stage A found 16 vs 6 and 8 vs 2). I resolved the two separately as instructed: approved complement = 24 (FREIDA field_total_positions, field_program_size [6,6,6,6]); actual hand-counted census from the published roster = 24 (6 per year in all four years). They match, and the program is at full complement. Registry '24' is correct on both readings - but it was verified, not assumed, and consumers should not generalise this to other rows.",Preserve; do not resolve,NO
1804812156,RISE-NEURO-0248,University of Texas at Austin Dell Medical School/Dell Seton Medical Center Program,TX,CONFLICT_PRESERVED,conflicts[9],"MEDICAL SPANISH CURRICULUM = NO - CONFIRMED FOR THE ADULT PROGRAM, WITH THE STAGE A CONTAMINATION PATTERN EXPLICITLY TESTED. The contract records a Stage A case where a 'Medical Spanish Curriculum = Yes' flag actually belonged to an institution's CHILD Neurology program. This institution does host a Child Neurology residency (ACGME 1854818079) and does publish Spanish-language-related paediatric research, so the contamination risk was live. I searched the adult residency microsite in full, the Department of Neurology pages, the Dell Med GME pages and all 177 populated FREIDA survey fields, and found no Medical Spanish curriculum, bilingual track or language-concordant care programme for the adult program. Registry 'No' is CONFIRMED. I excluded the paediatric Spanish-language autism research item from the dossier rather than importing it as adult curriculum.",Preserve; do not resolve,NO
1804812156,RISE-NEURO-0248,University of Texas at Austin Dell Medical School/Dell Seton Medical Center Program,TX,CONFLICT_PRESERVED,conflicts[10],"STEP 3 SUPPORT - REGISTRY SAYS NO, INSTITUTION SAYS IT PAYS. Registry records 'Step 3 or COMLEX Level 3 Support: No'. The Dell Med GME Salary & Benefits page states: 'The cost of in-training exams and Step 3 of the USMLE will be paid by the program. Additionally, once during the duration the training program, the cost of board exam registration or preparation will be provided up to $1,000.' The official HR/benefits source directly contradicts the registry flag. Registry value SUPERSEDED.",Preserve; do not resolve,NO
1804812156,RISE-NEURO-0248,University of Texas at Austin Dell Medical School/Dell Seton Medical Center Program,TX,CONFLICT_PRESERVED,conflicts[11],"SALARY - REGISTRY IS EXACTLY ONE CYCLE STALE, AS THE CONTRACT PREDICTED. Registry PGY1-4 = 67503 / 69657 / 72478 / 75368. The Dell Med GME Salary & Benefits page publishes those precise figures under a table explicitly headed 'Current Academic Year: 2025-2026', alongside a forward table reading PGY-1 $69,528; PGY-2 $71,747; PGY-3 $74,652; PGY-4 $77,629. FREIDA field_first_year_salary = 67503 propagates the stale figure. Corroboration that the higher table is current: the sister program's newer 2026-vintage survey reports field_first_year_salary = 69582, within $54 of the forward PGY-1 figure. Use the AY2026-2027 numbers.",Preserve; do not resolve,NO
1804812156,RISE-NEURO-0248,University of Texas at Austin Dell Medical School/Dell Seton Medical Center Program,TX,CONFLICT_PRESERVED,conflicts[12],"PROGRAM STATUS STRING IS A FREIDA ARTIFACT, NOT A RECRUITING SIGNAL. Registry 'Program Status: FREIDA: not accepting current year; accepting next year' derives from survey flags (field_accepting_next_year = True). Read naively it suggests the program is closed this cycle. It is not: the program publishes an open October 15 deadline, an active interview season 'late October through December', and named coordinators taking extension requests. The string reflects survey-cycle bookkeeping, not availability. Noted because the sister program's newer survey carries field_accepting_next_year = false, so a consumer comparing the two rows could draw exactly the wrong conclusion about which program is recruiting.",Preserve; do not resolve,NO
1804812156,RISE-NEURO-0248,University of Texas at Austin Dell Medical School/Dell Seton Medical Center Program,TX,CONFLICT_PRESERVED,conflicts[13],"'NO 24-HOUR CALL' vs THE REGISTRY CALL-SCHEDULE STRING. The Curriculum page states 'The program has no 24-hour call.' The registry carries 'Call Schedule: Year 1: Every fourth night for 4 week(s); Year 2: Other for 2 week(s); Year 3: Every eleventh night or more for 1 week(s); Year 4: Every eleventh night or more for 1 week(s)', from FREIDA field_call_schedule. These describe call FREQUENCY, not call DURATION, and are reconcilable with night float (field_night_float = True) and home call limited to PGY-3/4 (field_beeper_home_call = [0,0,10,10]). Recorded so that a reader does not treat the frequency string as contradicting the program's explicit no-24-hour-call claim.",Preserve; do not resolve,NO
1804812156,RISE-NEURO-0248,University of Texas at Austin Dell Medical School/Dell Seton Medical Center Program,TX,CONFLICT_PRESERVED,conflicts[14],"NEUROIMMUNOLOGY FELLOWSHIP - ASSERTED BY THE PDs, ABSENT FROM THE DEPARTMENTAL GME LIST. The Directors' Welcome states the department 'currently offers fellowships in neurophysiology, neuroimmunology and vascular neurology'. The Department of Neurology's GME program list does not include a neuroimmunology fellowship, and the parallel URL slug returns HTTP 404 while vascular-neurology-fellowship and clinical-neurophysiology-fellowship both return HTTP 200. Independent corroboration that it exists: Ethan Meltzer's faculty bio records that he 'completed a fellowship in multiple sclerosis and neuroimmunology at the Dell Medical School'. Most probable reconciliation, offered as a reading rather than a fact: MS/neuroimmunology has no ACGME accreditation pathway, so a departmental list built from accredited programs would omit it by construction. Both readings preserved.",Preserve; do not resolve,NO
1804812156,RISE-NEURO-0248,University of Texas at Austin Dell Medical School/Dell Seton Medical Center Program,TX,RETRACTED,conflicts[15],"CORRECTED FABRICATION - MS CENTER DESIGNATION. This dossier originally stated the Mulva MS & Neuroimmunology Center holds a National MS Society 'Center for Comprehensive Care' designation, sourced to two official pages. Direct orchestrator verification of BOTH pages on 2026-09-12 found zero occurrences of any NMSS/designation language. The claim is retracted. Likely cause is a 'UT Medicine' brand collision with UT Health San Antonio, which does hold a genuine NMSS Comprehensive MS Center designation. This is the first confirmed fabrication by a Stage A/B research agent, and it was surfaced by cross-agent challenge rather than by self-review.",SUPERSEDES the original assertion; do NOT ingest the retracted value,NO
1804812160,RISE-NEURO-0065,Houston Methodist Hospital (Medical Center) Program,TX,CONFLICT_PRESERVED,conflicts[0],"STEP 2 SCORE EXPECTATION - PRIMARY vs AGGREGATOR. Program page (PRIMARY, https://www.houstonmethodist.org/academic-institute/gme/neurology-residency/): 'Nearly all selected applicants to the program will have scored between 220-245 on first time Step 1 and/or Step 2 USMLE examinations, although exceptions will be made for individual applicants with otherwise exceptional applications.' residencyadvisor.com (AGGREGATOR): 'STEP 236 - 273' presented as a 10th-90th percentile range, and 'The median Step 2 CK score for invited applicants is 255.' The aggregator figures are roughly 10-35 points above the program's own published band and carry no cited source. RESOLUTION: primary source preferred and reported as the program's policy. Both values preserved; the aggregator numbers are NOT adopted but are noted because they may reflect real applicant-pool inflation that the program page has not updated for. DO NOT present the aggregator numbers to the student as program policy.",Preserve; do not resolve,NO
1804812160,RISE-NEURO-0065,Houston Methodist Hospital (Medical Center) Program,TX,CONFLICT_PRESERVED,conflicts[1],"VISA - AGGREGATOR INTERNALLY SELF-CONTRADICTORY. residencyadvisor.com's narrative text for this program states the program provides 'comprehensive visa support ... including sponsorship for J-1 and H-1B visas', while the FAQ block on the SAME page states 'Houston Methodist neurology sponsors J-1 visas only and does not offer H-1B or F-1 sponsorship.' PRIMARY (program page): 'Every non-citizen applicant selected for appointment must have permanent resident status or a J-1 visa as a condition of appointment.' FREIDA/registry: J1 = Yes, H1B = No, F1 OPT = No. RESOLUTION: J-1 only. The aggregator's H-1B claim is false and is exactly the kind of fabrication the ticket warned about; it would materially mislead an applicant who needs H-1B.",Preserve; do not resolve,NO
1804812160,RISE-NEURO-0065,Houston Methodist Hospital (Medical Center) Program,TX,CONFLICT_PRESERVED,conflicts[2],"FIRST-YEAR POSITIONS / MATCH FILL. residencyadvisor.com (AGGREGATOR) states the 2026 match showed '9 of 9' filled positions, while the SAME page separately lists the complement as '7, 7, 7, 7 (4 years)'. PRIMARY/FREIDA: First Year Positions = 7; program's own roster shows exactly 7 residents at each of PGY-1 through PGY-4. RESOLUTION: 7 positions. The '9 of 9' figure is contradicted by the program's own roster and by the aggregator's own complement line; not adopted.",Preserve; do not resolve,NO
1804812160,RISE-NEURO-0065,Houston Methodist Hospital (Medical Center) Program,TX,CONFLICT_PRESERVED,conflicts[3],"ACGME ACCREDITATION EFFECTIVE DATE. residencyadvisor.com (AGGREGATOR) states 'Continued Accreditation (Effective: January 29, 2026)'. A separate search-surfaced aggregator summary states accreditation status 'Continued' as of 11/30/2024. These dates disagree. RESOLUTION: NOT resolved - neither is a primary source, and the ACGME ADS public program detail page was not retrievable this session, nor was FREIDA's live page (client-rendered SPA). Recorded as unverified. Both sources agree the status is plain 'Continued Accreditation' with NO adverse action, and the templated 'Continued Accreditation with Warning' fabrication pattern flagged in the ticket did NOT appear for this program.",Preserve; do not resolve,NO
1804812160,RISE-NEURO-0065,Houston Methodist Hospital (Medical Center) Program,TX,CONFLICT_PRESERVED,conflicts[4],"ASSOCIATE PROGRAM DIRECTOR SURNAME SPELLING - PRIMARY vs PRIMARY (internal). The residency page's 'Get in Touch' block renders the APD as 'Rajan R. Ghadhia, MD'. The Houston Methodist departmental faculty directory, the Vascular Neurology Fellowship program page (where he is Program Director), and the Houston Methodist clinical physician directory all render 'Rajan R. Gadhia, MD'. RESOLUTION: GADHIA is correct (three independent Houston Methodist surfaces vs one); the residency page contains a typo. Preserved so the misspelling is not propagated into applicant outreach or the registry.",Preserve; do not resolve,NO
1804812160,RISE-NEURO-0065,Houston Methodist Hospital (Medical Center) Program,TX,CONFLICT_PRESERVED,conflicts[5],"MOVEMENT DISORDERS FELLOWSHIP MATCH SERVICE. The Houston Methodist Movement Disorder Fellowship page (PRIMARY) states applications are 'submitted through San Francisco Match (SF Match) - Residency and Fellowship Matching Services.' A web-search result summary for the same fellowship asserted 'Houston Methodist offers one position annually through the National Resident Matching Program (NRMP)' - possibly conflated with the Baylor College of Medicine movement disorders fellowship, which appeared in the same result set, or with the Houston Methodist Vascular Neurology fellowship, which genuinely does use NRMP. RESOLUTION: SF Match, per the program's own page. Position count (one annually) agrees across both.",Preserve; do not resolve,NO
1804812160,RISE-NEURO-0065,Houston Methodist Hospital (Medical Center) Program,TX,CONFLICT_PRESERVED,conflicts[6],"RESIDENT COMPOSITION PERCENTAGES - APPARENT CONFLICT RESOLVED, NOT A TRUE CONFLICT. FREIDA/registry reports IMG Graduates 42.9% and US MD Graduates 57.1%; the full 29-record roster yields 48.3% / 48.3%. These are reconcilable rather than contradictory: 42.9% = 3/7 and 57.1% = 4/7 exactly, and the PGY-1 (July 2025 entering) class is precisely 4 US MD and 3 IMG. FREIDA's percentages describe the most recent ENTERING CLASS; the roster percentages describe the full complement. Both are correct at their own denominators. Logged so a future reader does not mistake this for a data error in either source.",Preserve; do not resolve,NO
1804812160,RISE-NEURO-0065,Houston Methodist Hospital (Medical Center) Program,TX,CONFLICT_PRESERVED,conflicts[7],"REGISTRY FACULTY FIELDS ARE NULL SENTINELS, NOT VALUES. Registry records Program Faculty Count = '0', Faculty Distribution = 'Physicians: 0; non-physicians: 0', and Faculty Resident Ratio = '0.00:1'. The program's own teaching-faculty directory returns 37 named faculty. RESOLUTION: the registry zeros are FREIDA null-sentinel artifacts and are FALSE as literal values; they were not reused and should be corrected or nulled in the registry to avoid a misleading 0.00:1 faculty ratio being surfaced to students.",Preserve; do not resolve,NO
1804812160,RISE-NEURO-0065,Houston Methodist Hospital (Medical Center) Program,TX,CONFLICT_PRESERVED,conflicts[8],"SALARY - REGISTRY STALE, SUPERSEDED. Registry (Last Verified 2026-07-09): PGY-1 $69,981 / PGY-2 $72,570 / PGY-3 $75,055 / PGY-4 $77,643. Houston Methodist GME Compensation & Benefits page, explicitly labelled academic year 2026-2027: PGY-1 $72,080 / PGY-2 $74,747 / PGY-3 $77,307 / PGY-4 $79,972. RESOLUTION: the registry figures are the prior academic year; the institutional page is current and authoritative. Approximately a 3.0% increase at each level. Registry 'Vacation = 16' is also incomplete - 16 days applies to PGY-1 only, rising to 21 days from PGY-2.",Preserve; do not resolve,NO
1804812160,RISE-NEURO-0065,Houston Methodist Hospital (Medical Center) Program,TX,CONFLICT_PRESERVED,conflicts[9],"RESEARCH TICKET PROGRAM URL IS DEAD. The ticket supplied https://www.houstonmethodist.org/academic-institute/gme/neurology/ as the registry website; it returns HTTP 404. The registry's own stored Program Website field, https://www.houstonmethodist.org/academic-institute/gme/neurology-residency/, is live and correct. Noted so the dead URL is not propagated.",Preserve; do not resolve,NO
1804813163,RISE-NEURO-0165,Texas Tech University Health Sciences Center at Lubbock Program,TX,CONFLICT,domain:10_deadline_signaling,"Practical read for Alejandra: submit at ERAS opening in late September 2026, because the program says review is rolling and recommends completing the file as soon as possible; her mid-October Step 2 CK score will arrive mid-window, which is workable but not ideal against a rolling reader. The in-person-only interview with no virtual option is a real, quantifiable cost line from Puerto Rico or Houston - Lubbock Preston Smith International is a regional airport served mainly through DFW, IAH and DEN, so an interview is effectively a two-night trip. Registry 'Applicant Interview Format: In Person' and 'Interview Style: In Person' are CONFIRMED; 'Interviews Conducted Last Year: 60' and 'Interviews Per First Year Position: 12.0:1' are SUPERSEDED by 50 and 10:1.",Preserve both readings; do not project a single value,NO
1804813163,RISE-NEURO-0165,Texas Tech University Health Sciences Center at Lubbock Program,TX,CONFLICT,domain:14_leadership,"Registry 'Program Director' is EMPTY, which the contract identifies as a schema gap across all 16 Texas Neurology rows rather than a research gap - this domain fills it from the FREIDA 2026 survey's embedded program-individual paragraph, which the registry hydration evidently did not read. Second caveat: the department's public Faculty & Staff page renders an empty roster to non-JS clients and the underlying Digital Measures roster for configuration label 'SOM Neurology Faculty' returns only 10 people and does NOT include Mirla Avila, even though the live HR directory does - the department's public faculty listing is therefore incomplete and omits its own interim chair. Third caveat: Avila's Texas Tech Physicians patient-facing profile URL (providers.texastechphysicians.com/provider/mirla-avila/2676031) now returns 404 while Wilms's equivalent URL resolves, and a Doximity listing surfaced with a 'Miami, FL' location - I could not reconcile this, but TTUHSC's own live HR directory (the better source) still carries her in Lubbock, so I report her as present and record the discrepancy in conflicts.",Preserve both readings; do not project a single value,NO
1804813163,RISE-NEURO-0165,Texas Tech University Health Sciences Center at Lubbock Program,TX,CONFLICT_PRESERVED,conflicts[0],"COMPLEMENT vs CENSUS. The registry stores 'Total Residents: 20', which is the ACGME approved complement (FREIDA field_total_positions=20, field_program_size=[5,5,5,5]). The actual head count on 2026-09-11, taken one by one from TTUHSC's own employee directory, is 19 in the PGY1-4 track (4+5+5+5) plus one person carried as a fifth-year beyond the track. Both numbers are real and they are not the same number; I report both and use 19 as the composition denominator.",Preserve; do not resolve,NO
1804813163,RISE-NEURO-0165,Texas Tech University Health Sciences Center at Lubbock Program,TX,CONFLICT_PRESERVED,conflicts[1],"THE PROGRAM'S OWN RESIDENT PAGE IS A YEAR OUT OF DATE. bittaxi.ttuhsc.edu/medicine/neurology/residency/residents.aspx lists the AY2025-26 roster (PGY-4 Calado, Jurica, Quispe, Rivas), and the Internet Archive capture of 2026-06-08 shows the same. Every name on it has advanced one PGY level in the live HR directory. Anyone reading the program's own page in September 2026 would get the wrong roster, the wrong PGY levels, and would miss the entire 2026 intern class (Gali, Harbour, Qussous, Uribe Padilla).",Preserve; do not resolve,NO
1804813163,RISE-NEURO-0165,Texas Tech University Health Sciences Center at Lubbock Program,TX,CONFLICT_PRESERVED,conflicts[2],"FIRST-YEAR CLASS SIZE. The program offers 5 first-year positions (FREIDA field_first_year_positions=5, registry 'First Year Positions: 5'), but only 4 PGY-1s appear in TTUHSC's own employee directory for the Neurology Department - Lubbock. Either a 2026 position went unfilled or one intern is missing from the HR feed. I could not resolve this and I have not assumed which.",Preserve; do not resolve,NO
1804813163,RISE-NEURO-0165,Texas Tech University Health Sciences Center at Lubbock Program,TX,CONFLICT_PRESERVED,conflicts[3],"DO COUNT. The 2026 FREIDA survey reports 10.5 percent DO, i.e. 2 of 19. On the AY2025-26 roster only ONE resident carried a D.O. suffix (Akash Raola). The second DO is Kenneth Harbour, a 2026-entering PGY-1 whose 'DO' credential I confirmed in the government NPPES registry. This resolves in favour of the survey describing the AY2026-27 cohort, but it is a discrepancy against the program's own published roster and I record it.",Preserve; do not resolve,NO
1804813163,RISE-NEURO-0165,Texas Tech University Health Sciences Center at Lubbock Program,TX,CONFLICT_PRESERVED,conflicts[4],"US MD PERCENTAGE. Registry says 'US MD: 5.3%' and 'DO: 5.3%'; the newer 2026 survey says US MD 0.0 percent and DO 10.5 percent. These cannot both be true of the same cohort. The 2026 survey is one full cycle newer and internally consistent with the 19-person census, so I follow it, but the registry figure is preserved here rather than overwritten silently.",Preserve; do not resolve,NO
1804813163,RISE-NEURO-0165,Texas Tech University Health Sciences Center at Lubbock Program,TX,CONFLICT_PRESERVED,conflicts[5],"APPLICATION DEADLINE. The program page states rolling review 'beginning September 1 and ending December 31'. The 2026 FREIDA survey sets field_latest_date_current_year='2026-09-01'. Read literally that is a 1 September deadline, which is impossible because ERAS does not release applications to programs until late September; read as the rolling START date it matches the program page exactly. The registry's '2025-12-31' is the right month and day one cycle stale. I record all three and decline to pick a winner.",Preserve; do not resolve,NO
1804813163,RISE-NEURO-0165,Texas Tech University Health Sciences Center at Lubbock Program,TX,CONFLICT_PRESERVED,conflicts[6],"WHO IS THE PROGRAM DIRECTOR. FREIDA's 2026 survey names Jannatul Ferdous, M.D. as the program-director contact with a dedicated phone line. TTUHSC's live employee directory lists 'Bei Zhang - Program Director, Associate Professor - Neurology Department - Lubbock'. Bei Zhang is a rehabilitation physician (MSc in Rehabilitation Medicine, Fudan; interests Botox, Rehabilitation, Stroke) and TTUHSC Lubbock runs a separate PM&R residency inside the Neurology department's organisational tree. The probable resolution is that Zhang directs the PM&R residency, but the directory record does not say so.",Preserve; do not resolve,NO
1804813163,RISE-NEURO-0165,Texas Tech University Health Sciences Center at Lubbock Program,TX,CONFLICT_PRESERVED,conflicts[7],"IS MIRLA AVILA STILL AT TTUHSC. TTUHSC's live employee directory lists her as Associate Professor, Neurology Department - Lubbock on 2026-09-11, and she signs the department's current chair letter as Interim Chair. Against that: her Texas Tech Physicians patient-facing profile URL (providers.texastechphysicians.com/provider/mirla-avila/2676031) now returns 404 while Henrik Wilms's equivalent URL resolves normally, and a Doximity listing surfaced for a 'Mirla Avila, MD' in Miami, FL. She is also ABSENT from the department's own Digital Measures faculty roster (configuration label 'SOM Neurology Faculty'), which returns only 10 people and omits its own interim chair. I treat the institution's HR directory as authoritative and report her as present, but this is material because domain 17 rests largely on her.",Preserve; do not resolve,NO
1804813163,RISE-NEURO-0165,Texas Tech University Health Sciences Center at Lubbock Program,TX,CONFLICT_PRESERVED,conflicts[8],"FACULTY COUNT. Registry says 9 physicians and 2 non-physicians; the 2026 survey says 8 physicians and 1 non-physician. The department appears to have lost one physician and one non-physician faculty member between the 2025 and 2026 surveys. The Digital Measures roster returns 10 names, but that set mixes adult neurology with PM&R and includes a physician assistant, so it is not comparable to the FREIDA count.",Preserve; do not resolve,NO
1804813163,RISE-NEURO-0165,Texas Tech University Health Sciences Center at Lubbock Program,TX,CONFLICT_PRESERVED,conflicts[9],"HOUSE STAFF POLICIES VERSION. The TTUHSC GME Programs page hyperlinks the policy PDF under the label '2025-2026 House Staff Policies & Procedures', but the document served at that URL carries an internal cover reading '2023-2024' and a footer 'Last Revised: September 27, 2024'. The Step-sequencing sections I rely on for domain 5 have been stable, but the document served is behind its own link label and a 2026-27 revision may exist that I could not reach.",Preserve; do not resolve,NO
1804813163,RISE-NEURO-0165,Texas Tech University Health Sciences Center at Lubbock Program,TX,CONFLICT_PRESERVED,conflicts[10],"SALARY PAID BY. Registry says 'Salary Paid By: Non-profit institution'. The 2026 survey says field_salary_paid_nonprofit='No'. TTUHSC is a state institution, so the survey answer is the coherent one, but the registry asserts the opposite.",Preserve; do not resolve,NO
1804813163,RISE-NEURO-0165,Texas Tech University Health Sciences Center at Lubbock Program,TX,CONFLICT_PRESERVED,conflicts[11],"ACCREDITATION LANGUAGE. The department's current chair letter, signed by the Interim Chair, still states 'Our current accreditation extends to 2025' - a sentence that was already expired when I read it in September 2026. The actual ACGME accreditation status and effective dates could not be verified because the ACGME public program search is CAPTCHA-gated and the contract forbids defeating it.",Preserve; do not resolve,NO
1804813163,RISE-NEURO-0165,Texas Tech University Health Sciences Center at Lubbock Program,TX,CONFLICT_PRESERVED,conflicts[12],"THE PROGRAM'S OFFICIAL URL IS BROKEN. The website of record cited by both FREIDA and the registry (https://www.ttuhsc.edu/medicine/neurology/residency/default.aspx) redirects to https://www.ttuhsc.edu/programs/neurology-residency-lubbock, which returns HTTP 403 'Access Denied'. That path is also absent from TTUHSC's 11,761-URL sitemap while sibling residency pages (psychiatry, orthopedics) are present. The content survives only on the legacy host bittaxi.ttuhsc.edu.",Preserve; do not resolve,NO
1804813163,RISE-NEURO-0165,Texas Tech University Health Sciences Center at Lubbock Program,TX,CONFLICT_PRESERVED,conflicts[13],"RESIDENT SCHOOL COMPOSITION IS PROGRAM-REPORTED, NOT PERSON-VERIFIED. I place 17 residents in other_img and 0 in caribbean on the strength of the program's own FREIDA aggregate (89.5 percent IMG) because not one individual medical school is published. If any of those 17 attended an offshore Caribbean school (Ross, St. George's, AUC, Saba, Texila or similar), that person moves from other_img to caribbean with no change to the denominator. This is the weakest link in the composition block and I flag it rather than burying it.",Preserve; do not resolve,NO
1804813163,RISE-NEURO-0165,Texas Tech University Health Sciences Center at Lubbock Program,TX,CONFLICT_PRESERVED,conflicts[14],"KATHERINE RIVAS SEVILLA'S FIFTH YEAR IS UNEXPLAINED. She is carried in TTUHSC's directory as 'Resident Instructor 5th Year' in a four-year program at an institution whose GME index lists 17 fellowships and NO neurology fellowship. Chief resident, research year and a non-ACGME appointment are all possible; none is documented.",Preserve; do not resolve,NO
1804821108,RISE-NEURO-0256,University of Texas Southwestern Medical Center Program,TX,CONFLICT,domain:7_yog_limit,"Preserved as a genuine conflict rather than silently resolved, per Step 4 conflict discipline. Practical read: the program publicly disclaims a years-out requirement, but FREIDA's structured survey response records a 5-year window - a common pattern where a program answers a structured survey field with a typical/preferred value while its narrative webpage disclaims hard cutoffs. An applicant more than 5 years out should treat this as a live risk and confirm with the coordinator (neurologyresidency@utsouthwestern.edu) rather than relying on either value alone.",Preserve both readings; do not project a single value,NO
1804821108,RISE-NEURO-0256,University of Texas Southwestern Medical Center Program,TX,CONFLICT,domain:13_resident_composition,"Marked CONFLICT rather than VERIFIED because three sources disagree on IMG share, and the disagreement is material to an IMG applicant's read of this program. Three non-exclusive candidate explanations, none of which I can confirm: (1) FREIDA's 'IMG' category is commonly understood to include US CITIZENS who attended medical school outside the US - residencyadvisor's separate 'U.S. IMG 5%' bucket supports this reading, and such residents are indistinguishable on a roster that lists only school names; (2) FREIDA's snapshot (survey received 2025-07-09) covers a different cohort year than the current AY2026-2027 roster; (3) FREIDA's denominator is demonstrably 42 while the actual complement is 44. I did NOT infer nationality, citizenship, or ethnicity from any resident's name - classification is strictly by the accreditation/location of the named medical school. The 0% DO figure is the one point where all three sources agree (roster: 0 DO schools; FREIDA: 0.0%), and the registry's 'Osteopathic Recognition: No' is consistent.",Preserve both readings; do not project a single value,NO
1804821108,RISE-NEURO-0256,University of Texas Southwestern Medical Center Program,TX,CONFLICT_PRESERVED,conflicts[0],"CLASS SIZE (9 vs 11): Program application page states 'The Adult Neurology Residency Program accepts nine candidates each year' (https://www.utsouthwestern.edu/departments/neurology/education/residency/apply.html). Adult program page states 'We select eleven adult neurology residents per year' (https://www.utsouthwestern.edu/departments/neurology/education/residency/adult/). Registry/FREIDA 'First Year Positions' = 11. Official roster shows exactly 11 per class. Aggregator residencyadvisor shows '11, 11, 11, 11 (4 years)'. PREFERRED: 11, supported by four independent sources including the roster headcount. The registry's own 'Historical Interview Stats' field ('2019: 100/9 ... 2022: 135/9; 2023: 135/11; 2024: 140/11') shows the expansion from 9 to 11 occurred in 2023, indicating the 'nine' on apply.html is an un-updated page. NOT silently resolved - both values recorded.",Preserve; do not resolve,NO
1804821108,RISE-NEURO-0256,University of Texas Southwestern Medical Center Program,TX,CONFLICT_PRESERVED,conflicts[1],"APPLICATION DEADLINE (stale vs unpublished): Registry 'Application Deadline' = 2025-11-30, which is a PRIOR (2025-2026) cycle date - staleness confirmed as the ticket predicted. Fresh research found NO 2026-2027 deadline published by the program; its application page gives only a cycle timeline (virtual interviews Oct-Jan, rank list Feb, Match March). Specialty-level 2026-2027 dates: applications open 2026-09-02, program review begins 2026-09-23. UNRESOLVED - the registry value must not be carried forward, and no replacement date exists in any public source.",Preserve; do not resolve,NO
1804821108,RISE-NEURO-0256,University of Texas Southwestern Medical Center Program,TX,CONFLICT_PRESERVED,conflicts[2],"INTERVIEW FORMAT (In Person vs Virtual): Registry/FREIDA 'Applicant Interview Format' = 'In Person' and 'Interview Style' = 'In Person'. Program's own application page states 'Virtual interview sessions' conducted October-January, with Adult Neurology interviews on 'Wednesday and Thursday mornings'. OPDA 2026-2027 specialty guidance recommends 'Virtual' and notes the AAN 'released a consensus statement in favor of virtual interviewing'. PREFERRED: Virtual (primary program source plus specialty guidance, both current-cycle). The FREIDA 'In Person' value appears stale or a survey artifact. NOT silently resolved.",Preserve; do not resolve,NO
1804821108,RISE-NEURO-0256,University of Texas Southwestern Medical Center Program,TX,CONFLICT_PRESERVED,conflicts[3],"YEARS SINCE GRADUATION (no limit vs 5-year window): Program application page: 'we have no specific requirements regarding USMLE/COMLEX scores, research, number of publications, or years out of medical school'. Registry/FREIDA 'Medical School Graduation Timeline' = '5'. These are directly contradictory as stated. PREFERRED for applicant guidance: the program's own disclaimer, but the FREIDA 5-year value is preserved as a possible soft screening preference. UNRESOLVED - an applicant >5 years out should verify directly with the program.",Preserve; do not resolve,NO
1804821108,RISE-NEURO-0256,University of Texas Southwestern Medical Center Program,TX,CONFLICT_PRESERVED,conflicts[4],"RESIDENT IMG COMPOSITION (1/44 vs ~5/42 vs 11%): Official roster (all 44 schools published) yields 1 resident from a non-US medical school (Isfahan University of Medical Sciences, Iran) = 2.3%. Registry/FREIDA reports 'IMG Graduates Percent: 11.9%' which back-solves to 5/42. Aggregator residencyadvisor reports 'MD 90%, U.S. IMG 5%, Non-U.S. IMG 6%' which sums to 101% and is internally inconsistent. Candidate explanations (none confirmed): FREIDA's IMG category likely includes US citizens who attended foreign medical schools (indistinguishable on a school-name-only roster); FREIDA's snapshot may cover a different cohort year; FREIDA's denominator is 42 not 44. PREFERRED for roster-level facts: the primary roster. NOT silently resolved.",Preserve; do not resolve,NO
1804821108,RISE-NEURO-0256,University of Texas Southwestern Medical Center Program,TX,CONFLICT_PRESERVED,conflicts[5],"RESIDENT DENOMINATOR (44 vs 42): Registry 'Total Residents' = 44 and roster headcount = 44, but FREIDA's own percentage fields back-solve to a denominator of 42 (IMG 11.9% = 5/42; female 54.8% = 23/42; male 45.2% = 19/42). FREIDA's demographic percentages therefore cannot be applied to a 44-resident complement without error. Recorded, not resolved.",Preserve; do not resolve,NO
1804821108,RISE-NEURO-0256,University of Texas Southwestern Medical Center Program,TX,CONFLICT_PRESERVED,conflicts[6],"FELLOWSHIP COUNT (11 vs 12): Department education page states 'The department boasts 11 Fellowship Programs' and, on the same page, 'Over 100 subspecialty clinical faculty representing 12 neurological subspecialties and 12 fellowships'. The fellowships page enumerates 12. PREFERRED: 12, based on the enumerated list. The discrepancy likely turns on whether the two pediatric fellowships or the lab-based research fellowships are counted. Internal to a single primary source; recorded.",Preserve; do not resolve,NO
1804821108,RISE-NEURO-0256,University of Texas Southwestern Medical Center Program,TX,CONFLICT_PRESERVED,conflicts[7],"VACATION / PTO (15 days vs 4 weeks): Registry/FREIDA 'Vacation' = '15' (days). UTSW GME salary/benefits page states 'Four weeks of PTO each academic year'. The adult neurology curriculum page independently states '4 weeks vacation' in each of PGY-2, PGY-3 and PGY-4. PREFERRED: 4 weeks (two independent current program/institutional sources agree). NOT silently resolved.",Preserve; do not resolve,NO
1804821108,RISE-NEURO-0256,University of Texas Southwestern Medical Center Program,TX,CONFLICT_PRESERVED,conflicts[8],"SALARY (prior year vs current): Registry PGY1 $70,101 / PGY2 $72,672 / PGY3 $76,167 / PGY4 $80,299 vs current AY2026-2027 UTSW GME scale PGY-1 $71,657 / PGY-2 $74,258 / PGY-3 $77,686 / PGY-4 $82,225. Not a contradiction but a vintage difference; the registry values are superseded and should not be presented as current.",Preserve; do not resolve,NO
1804821108,RISE-NEURO-0256,University of Texas Southwestern Medical Center Program,TX,CONFLICT_PRESERVED,conflicts[9],USMLE SCORE EXPECTATION (aggregator band vs program disclaimer): Aggregator residencyadvisor asserts 'STEP 230 - 267' (10th-90th percentile). The program states 'we have no specific requirements regarding USMLE/COMLEX scores'. PREFERRED: the primary program statement. The aggregator band is an unsourced derived statistic and is NOT adopted as program policy. Recorded as an aggregator claim only.,Preserve; do not resolve,NO
1804821108,RISE-NEURO-0256,University of Texas Southwestern Medical Center Program,TX,CONFLICT_PRESERVED,conflicts[10],"RESIDENT GENDER SPLIT: Registry/FREIDA 54.8% female / 45.2% male (denominator 42) vs aggregator residencyadvisor 'Female 52%, Male 48%'. Minor; neither verified against a primary program source. Recorded, not resolved.",Preserve; do not resolve,NO
1804821108,RISE-NEURO-0256,University of Texas Southwestern Medical Center Program,TX,CONFLICT_PRESERVED,conflicts[11],"ACCREDITATION STATUS (aggregator-only): residencyadvisor claims 'Continued Accreditation' effective January 29, 2026. This could NOT be verified because the ACGME public program detail endpoint for 1804821108 returned HTTP 404 and FREIDA returned truncated content. Notably this is NOT the fabricated 'Continued Accreditation with Warning' template flagged in the ticket, but it remains an unconfirmed aggregator claim and is not asserted as fact anywhere in this dossier.",Preserve; do not resolve,NO
1804821108,RISE-NEURO-0256,University of Texas Southwestern Medical Center Program,TX,CONFLICT_PRESERVED,conflicts[12],"PROGRAM TYPE (classification vs self-description): Registry/FREIDA classifies the program as 'Community-based university affiliated'. The PD's own message describes UTSW as 'the only academic medical center in North Texas'. This is a taxonomy-vs-narrative tension rather than a factual contradiction, but it materially affects how the program reads to an applicant and is recorded.",Preserve; do not resolve,NO
1804821108,RISE-NEURO-0256,University of Texas Southwestern Medical Center Program,TX,CONFLICT_PRESERVED,conflicts[13],"PROGRAM COORDINATOR NAME (rejected datum): An initial extraction of the residency landing page returned 'Program Coordinator: Laura Campbell, M.D.' The 'M.D.' suffix on a program coordinator is implausible, and the name was not reproduced on any subsequent fetch of the adult program page. This datum is REJECTED as a probable extraction artifact and no coordinator name is asserted; the verified contact is neurologyresidency@utsouthwestern.edu.",Preserve; do not resolve,NO
1804821110,RISE-NEURO-0008,Baylor College of Medicine Program,TX,CONFLICT,domain:13_resident_composition,"State is CONFLICT because a primary-source-corroborated roster cannot be reconciled with two disagreeing percentage sources, and FREIDA vs the aggregator disagree with each other. PRIMARY SOURCE PREFERRED: FREIDA (the program's own survey response) is preferred over residencyadvisor.com, and the aggregator figures are recorded but NOT adopted. ARITHMETIC OBSERVATION, offered as inference and explicitly not as fact: 56.7/23.3/20.0 fits a denominator of 30 exactly (17 US MD, 7 DO, 6 IMG), which would suggest FREIDA's percentages were computed over a 30-resident subset rather than the full 43-resident complement. This is an unverified arithmetic inference and must not be reported as a finding. The useful, defensible headline for the student is that this program does train IMGs at a meaningful rate (FREIDA 20.0%), corroborated qualitatively by two of four chief residents being international graduates. See the top-level resident_composition object.",Preserve both readings; do not project a single value,NO
1804821110,RISE-NEURO-0008,Baylor College of Medicine Program,TX,CONFLICT_PRESERVED,conflicts[0],"RESIDENT COMPOSITION — FREIDA vs AGGREGATOR. FREIDA-derived registry (program's own survey, received 2025-06-25): US MD 56.7%, DO 23.3%, IMG 20.0%. residencyadvisor.com: MD 51%, DO 19%, Non-U.S. IMG 29%. Disagreement of up to 9 percentage points on the IMG share. PRIMARY SOURCE PREFERRED: FREIDA retained; aggregator recorded and NOT adopted. Neither merged into the roster-based denominator of 36. Both values preserved.",Preserve; do not resolve,NO
1804821110,RISE-NEURO-0008,Baylor College of Medicine Program,TX,CONFLICT_PRESERVED,conflicts[1],"APPLICATION DEADLINE — REGISTRY (STALE) vs CURRENT PUBLICATION. Registry 'Application Deadline' = 2025-11-01, which is a PRIOR-CYCLE (2026 Match) date. No 2026-2027-cycle deadline is published by the program, NRMP, BCM GME, or accessible FREIDA content. Not silently resolved: registry value preserved and explicitly flagged as prior-cycle; current-cycle value recorded as not found. This is the stale field the ticket predicted.",Preserve; do not resolve,NO
1804821110,RISE-NEURO-0008,Baylor College of Medicine Program,TX,CONFLICT_PRESERVED,conflicts[2],"SALARY — REGISTRY (PRIOR YEAR) vs INSTITUTIONAL GME (CURRENT). Registry: PGY1 $69,585 / PGY2 $72,189 / PGY3 $74,142 / PGY4 $77,136. BCM GME stipends page: those exact figures are labeled 2025-2026, and 2026-2027 is PGY1 $71,672 / PGY2 $74,354 / PGY3 $76,366 / PGY4 $79,450. Not a contradiction but a confirmed vintage mismatch; both preserved, 2026-2027 adopted as current for an incoming PGY1.",Preserve; do not resolve,NO
1804821110,RISE-NEURO-0008,Baylor College of Medicine Program,TX,CONFLICT_PRESERVED,conflicts[3],"INTERVIEW FORMAT — REGISTRY vs PROGRAM SITE. Registry: 'Applicant Interview Format: In Person' and 'Interview Style: In Person'. Program's own pages: interviews are 'virtual meetings with faculty'; didactics page separately notes conferences moved virtual since COVID. Primary source preferred (virtual), registry value preserved. Materially affects an applicant's interview travel planning.",Preserve; do not resolve,NO
1804821110,RISE-NEURO-0008,Baylor College of Medicine Program,TX,CONFLICT_PRESERVED,conflicts[4],"PROGRAM DIRECTOR ACADEMIC RANK. The Adult Neurology Residency landing page describes Corey Elam Goldsmith, M.D. as 'Assistant Professor of Neurology'; the residency Faculty page and the BCM people-search profile both state 'Associate Professor'. Two sources to one favor Associate Professor, most likely a promotion not yet reflected on the landing page. Identity as Program Director is NOT in dispute (corroborated by the NRMP Program Directory). Both ranks preserved.",Preserve; do not resolve,NO
1804821110,RISE-NEURO-0008,Baylor College of Medicine Program,TX,CONFLICT_PRESERVED,conflicts[5],"FIRST-YEAR POSITIONS — SEARCH SNIPPET vs PRIMARY SOURCES. One FREIDA-derived search snippet described the program as offering '12 first-year positions'. The program's own pages state '10 positions available each year' and the registry states 'First Year Positions: 10' (with PGY-2 complement 12, the likely source of the confusion). Primary source preferred (10). Recorded because the snippet could not be verified against a rendered FREIDA page, which returned only truncated content.",Preserve; do not resolve,NO
1804821110,RISE-NEURO-0008,Baylor College of Medicine Program,TX,CONFLICT_PRESERVED,conflicts[6],"PGY2 COMPLEMENT — REGISTRY vs CURRENT ROSTER. Registry (FREIDA, 2025-2026): PGY-2 = 12. Program's current second-year page (2026-2027): 11 names. Most likely ordinary year-over-year drift between two different academic years rather than an error. Both preserved; not reconciled.",Preserve; do not resolve,NO
1804821110,RISE-NEURO-0008,Baylor College of Medicine Program,TX,CONFLICT_PRESERVED,conflicts[7],"ACCREDITATION STATUS — AGGREGATOR ONLY, UNCORROBORATED. residencyadvisor.com asserts 'Continued Accreditation' effective 2026-01-29. The ACGME public program-detail endpoint (apps.acgme.org) returned HTTP 404 and no primary ACGME confirmation was obtained. NOT adopted as this dossier's accreditation status. Recorded also as a counter-observation to the ticket's warning: this aggregator did NOT display the templated 'Continued Accreditation with Warning' language, and displayed no review count or ratings at all for this program.",Preserve; do not resolve,NO
1804821110,RISE-NEURO-0008,Baylor College of Medicine Program,TX,CONFLICT_PRESERVED,conflicts[8],"MEDICAL SPANISH — ADULT vs CHILD NEUROLOGY (CONTAMINATION TRAP, RESOLVED BY SEPARATION). Search results attribute a medical Spanish / non-English-language curriculum to the BCM CHILD Neurology program (Department of Pediatrics, ACGME 1854821018). The ADULT program's FREIDA flag is 'Medical Spanish Curriculum: No', and its own curriculum and didactics pages contain no Spanish-language or cultural-competency content. Not a true conflict — two different programs. Logged explicitly so the child-program attribute is never migrated into this adult record.",Preserve; do not resolve,NO
1804821112,RISE-NEURO-0252,University of Texas Health Science Center San Antonio Joe and Teresa Lozano Long School of Medicine Program,TX,CONFLICT_PRESERVED,conflicts[0],"RESIDENT COUNT - FOUR DIFFERENT NUMBERS, NONE OF WHICH IS THE REGISTRY'S. The registry says Total Residents = 40 and 10 per PGY year. The program's own roster page (modified 2026-07-08) names 37 residents distributed 11/9/10/7 across PGY-1 to PGY-4. The 2025 Annual Report says 'We matched nine PGY-1 residents, again this year, along with one PGY-2, to bring our total resident complement to 34' and 'our four-year categorical residency program has grown to 34 residents.' The FREIDA survey received 2026-07-08 reports field_program_size [12,12,12,12], field_total_positions 48 and field_first_year_positions 12. The Annual Report's own 50-year timeline says the program expanded to 36 positions in 2022 and records no later expansion. The program's Application Process page (modified 2026-06-23) still says 'we have expanded our training program to nine residents per year.' Best reconciliation: 34 was the AY2025-26 census, 37 is the AY2026-27 census, 36 or 48 is the approved/reported complement depending on the source, and 9 per year is simply stale program-page copy. No winner is picked; all five figures are preserved.",Preserve; do not resolve,NO
1804821112,RISE-NEURO-0252,University of Texas Health Science Center San Antonio Joe and Teresa Lozano Long School of Medicine Program,TX,CONFLICT_PRESERVED,conflicts[1],"STEP 2 CK REQUIREMENT FOR US MD APPLICANTS. The registry records 'US MD Step 2 Required: Yes' and 'US MD Step 2 passed: Yes.' The FREIDA survey received 2026-07-08 sets field_usmle_us_md_pass_ck = FALSE while keeping field_usmle_img_pass_ck = TRUE, and sets both field_usmle_step_2_required and field_usmle_step2_req_int to False. The two records cannot both be right. This conflict is materially favourable to Alejandra if the newer survey is correct, and it is the newer survey - but FREIDA publishes no field glossary, so the semantics of 'required' versus 'pass' cannot be verified with certainty. Preserved unresolved.",Preserve; do not resolve,NO
1804821112,RISE-NEURO-0252,University of Texas Health Science Center San Antonio Joe and Teresa Lozano Long School of Medicine Program,TX,CONFLICT_PRESERVED,conflicts[2],"ACCEPTING APPLICATIONS STATUS, REVERSED. The registry says 'FREIDA: not accepting current year; accepting next year.' The FREIDA survey received 2026-07-08 says field_accepting_current_year = True and field_accepting_next_year = False - the exact opposite. Preserved.",Preserve; do not resolve,NO
1804821112,RISE-NEURO-0252,University of Texas Health Science Center San Antonio Joe and Teresa Lozano Long School of Medicine Program,TX,CONFLICT_PRESERVED,conflicts[3],GROUP LIFE AND DISABILITY INSURANCE COST-SHARING. The department's Resident Benefits and Compensation page (modified 2026-01-29) states 'Group Life Insurance (paid by the institution)' and 'Disability Insurance (paid by the institution).' The FREIDA 2026 survey records field_benefit_group_life = 'Institution & Resident Share Cost' and field_benefit_disability = 'Institution & Resident Share Cost' - and the registry agrees with FREIDA. The department page and the survey disagree about who pays. Preserved.,Preserve; do not resolve,NO
1804821112,RISE-NEURO-0252,University of Texas Health Science Center San Antonio Joe and Teresa Lozano Long School of Medicine Program,TX,CONFLICT_PRESERVED,conflicts[4],PGY-3 CALL FREQUENCY. The registry says PGY-3 call is 'Every eleventh night or more for 5 week(s).' The FREIDA 2026 survey's field_call_schedule third entry reads 'Every tenth night' for 5 weeks - a slightly heavier PGY-3 call burden than the registry states. Preserved.,Preserve; do not resolve,NO
1804821112,RISE-NEURO-0252,University of Texas Health Science Center San Antonio Joe and Teresa Lozano Long School of Medicine Program,TX,CONFLICT_PRESERVED,conflicts[5],"SALARY CYCLE. The registry's PGY-1 through PGY-4 figures ($67,556 / $70,085 / $71,980 / $74,888) match the department's own page exactly, but that page is explicitly headed 'Salaries (2025-2026).' The FREIDA survey received 2026-07-08 gives $68,908 / $71,487 / $73,420 / $76,386. Both are real; they describe different academic years, and the department page has not been updated for AY2026-27. Preserved.",Preserve; do not resolve,NO
1804821112,RISE-NEURO-0252,University of Texas Health Science Center San Antonio Joe and Teresa Lozano Long School of Medicine Program,TX,CONFLICT_PRESERVED,conflicts[6],"ASSOCIATE PROGRAM DIRECTOR ROSTER VARIES BY PAGE. The Resident Benefits page lists Michael Palm, Andrew Slusher and Lauren Skalomenos as APDs; the Program Description page lists only Palm and Skalomenos; the Application Process page lists Palm, Skalomenos and Slusher; the Vascular Neurology Faculty page (modified 2026-08-06, the most recent of the four) additionally identifies Sujani Bandela MD as 'Associate Program Director, Neurology Residency.' The stale 2019 Resident Rotations page still names Michael Palm as Program Director and Rebecca Romero as Associate Program Director. All four current names are reported; the 2019 page is treated as superseded.",Preserve; do not resolve,NO
1804821112,RISE-NEURO-0252,University of Texas Health Science Center San Antonio Joe and Teresa Lozano Long School of Medicine Program,TX,CONFLICT_PRESERVED,conflicts[7],"INTERVIEW FORMAT DIVERGES FROM SPECIALTY NORM. The FREIDA 2026 survey reports field_interview_type = 1 (In Person) and field_video_interview = False, and the registry agrees ('Applicant Interview Format: In Person'). The OPDA/CMSS Adult Neurology guide for 2026-2027 lists the specialty-typical interview format as 'Virtual.' This program appears to interview in person against a virtual-default specialty, which is a real and material travel-cost difference for an applicant based in Puerto Rico or Houston. Preserved and flagged rather than averaged away.",Preserve; do not resolve,NO
1804821112,RISE-NEURO-0252,University of Texas Health Science Center San Antonio Joe and Teresa Lozano Long School of Medicine Program,TX,CONFLICT_PRESERVED,conflicts[8],"MEDICAL SPANISH CURRICULUM. The registry asserts 'Medical Spanish Curriculum: Yes.' The FREIDA survey received 2026-07-08 enumerates the program's resident/fellow offerings and does not include any language-instruction item. No neurology page and no part of the 2025 Annual Report describes a Medical Spanish curriculum for the residency. The two candidate sources of the registry flag are both cross-boundary contamination: a Medical Spanish Interpretation & Translation elective belonging to UT Health San Antonio's INTERNAL MEDICINE residency, and a CanopyLearn medical-Spanish license belonging to UTHealth HOUSTON. The registry flag is not supported for this program. Preserved.",Preserve; do not resolve,NO
1804821112,RISE-NEURO-0252,University of Texas Health Science Center San Antonio Joe and Teresa Lozano Long School of Medicine Program,TX,CONFLICT_PRESERVED,conflicts[9],"APPLICATION DEADLINE. The registry states 2025-11-15. The FREIDA 2026 survey sets field_univ_spec_app_date_use = True and field_latest_date_current_year = null, i.e. the program reports using the universal specialty application date and publishes no date of its own; no program page publishes a deadline either. The registry date is one cycle old and currently unsupported. Preserved.",Preserve; do not resolve,NO
1804821112,RISE-NEURO-0252,University of Texas Health Science Center San Antonio Joe and Teresa Lozano Long School of Medicine Program,TX,CONFLICT_PRESERVED,conflicts[10],"PROGRAM START DATES. The registry lists 'July; August; January; Negotiable' (a rendering of FREIDA 999 sentinels per the registry's own evidence note). The FREIDA 2026 survey lists field_program_start_dates = ['July'] only, with field_start_date_july = 1 and the August, January and June fields null. The registry's multi-date string appears to be a sentinel-rendering artifact rather than a real policy. Preserved.",Preserve; do not resolve,NO
1804821127,RISE-NEURO-0147,San Antonio Uniformed Services Health Education Consortium Program,TX,CONFLICT_PRESERVED,conflicts[0],"PROGRAM LENGTH, 3 vs 4 YEARS - resolved, both are true of different things. The registry says 'Program Length: 3 years' and FREIDA says 'Program Length: 3 Years'; the archived official BAMC page says 'SAUSHEC Neurology is a 4-year residency program, including 1 year of internship'; and the current official DHA GME page reconciles them as 'Program Length: 3 years (program starts at PGY2 level)' with 'Required Pre-Requisite Training: Medical school graduation, completion of PGY1 program in Internal Medicine.' Correct statement: this is an ADVANCED program of 3 ACGME-accredited years beginning at PGY-2, within a 4-year total training pathway whose PGY-1 year must be obtained separately and must be in Internal Medicine. The registry figure is not wrong but is materially incomplete, and a reader who treats '3 years' as total training will misunderstand the program.",Preserve; do not resolve,NO
1804821127,RISE-NEURO-0147,San Antonio Uniformed Services Health Education Consortium Program,TX,CONFLICT_PRESERVED,conflicts[1],"COMPLEMENT vs CENSUS - checked separately, and in this case they agree, unlike the Stage A cases. Registry 'Total Residents: 8'; official page 'Total Approved Complement: 8'; FREIDA 'Program Size 8' with Year 1/2/3 = 3/3/2 summing to 8. Reported both: approved complement 8, current census 8.",Preserve; do not resolve,NO
1804821127,RISE-NEURO-0147,San Antonio Uniformed Services Health Education Consortium Program,TX,CONFLICT_PRESERVED,conflicts[2],"PGY LABELLING - registry 'Current Residents PGY1: 3; PGY2: 3; PGY3: 2' and 'Residents Per Year: PGY-1: 3; PGY-2: 3; PGY-3: 2' carry FREIDA's in-program year labels untranslated. Because the program starts at PGY-2, there is NO PGY-1 resident; the true distribution is PGY-2 n=3, PGY-3 n=3, PGY-4 n=2. The program's own text ('our PGY2 residents... our PGY4 (chief residents)') settles it.",Preserve; do not resolve,NO
1804821127,RISE-NEURO-0147,San Antonio Uniformed Services Health Education Consortium Program,TX,CONFLICT_PRESERVED,conflicts[3],"BOARD PASS RATE - the current official page says '100% first-time board pass rate for well over a decade'; the archived official page (2012 text, 2019 capture) said 'board exams (greater than 99% pass rate)'. Both are program self-reports and they are not identical. No independent ABPN or ACGME figure was located; the ACGME public search is CAPTCHA-gated and was not attempted. Both claims are preserved.",Preserve; do not resolve,NO
1804821127,RISE-NEURO-0147,San Antonio Uniformed Services Health Education Consortium Program,TX,CONFLICT_PRESERVED,conflicts[4],IN-SERVICE PERFORMANCE - current page: residents 'regularly score in the 94-100th percentile in the annual neurology in-service examination'. Archived page: residents rank 'consistently in the top 10% of programs nationwide'. A percentile of individual scores and a percentile of program rankings are different measures; preserved separately rather than merged.,Preserve; do not resolve,NO
1804821127,RISE-NEURO-0147,San Antonio Uniformed Services Health Education Consortium Program,TX,CONFLICT_PRESERVED,conflicts[5],"POSITIONS PER YEAR - FREIDA Overview says 'First Year Positions: 3 Positions'; the official DHA GME page says 'Approved per Year (if applicable): N/A'; the archived BAMC page said 'Yearly, Neurology accepts 2-3 AF applicants and may defer 1-2, depending on future needs of those services.' The authoritative current number lives in the 2026 Medical Corps HPERB document, which is CAC-restricted on myFSS and was not accessed. Best available: approximately 2-3 per year, 3 in the most recent FREIDA reporting.",Preserve; do not resolve,NO
1804821127,RISE-NEURO-0147,San Antonio Uniformed Services Health Education Consortium Program,TX,CONFLICT_PRESERVED,conflicts[6],"SALARY PGY1 = 0 - the registry stores 'Salary PGY1: 0'. This looks like the FREIDA null-sentinel-as-zero defect, and it may be, but it is also semantically defensible here because the program has no PGY-1 year. Either way it must not be read as a $0 salary. Separately, the $69,252 / $75,000 / $79,352 figures for PGY-2/3/4 approximate O-3 basic pay and materially understate total compensation, which adds non-taxable BAH and BAS on top.",Preserve; do not resolve,NO
1804821127,RISE-NEURO-0147,San Antonio Uniformed Services Health Education Consortium Program,TX,CONFLICT_PRESERVED,conflicts[7],"VACATION DAYS - FREIDA shows '15-20 Vacation Days' and 'negotiable sick days' while the DHA GME Pay and Benefits page states 'All military officers receive a total of 30 days of ordinary leave (vacation) annually' with the caveat that residents 'may not be able to use all 30 days while in training'. The likely reconciliation is usable-in-training days versus statutory accrual, but both figures are preserved.",Preserve; do not resolve,NO
1804821127,RISE-NEURO-0147,San Antonio Uniformed Services Health Education Consortium Program,TX,CONFLICT_PRESERVED,conflicts[8],CALL SCHEDULE UNITS - the registry renders FREIDA's call string as 'Year 1: Two times per week for 12 week(s)'; the live FREIDA page reads 'Year 1 - Two times per week for 12 month(s)'. The registry converted months to weeks. The program's own narrative ('PGY2 residents often take 6-7 call shifts in a 4-week block') is consistent with the 12-month reading.,Preserve; do not resolve,NO
1804821127,RISE-NEURO-0147,San Antonio Uniformed Services Health Education Consortium Program,TX,CONFLICT_PRESERVED,conflicts[9],"FEMALE FACULTY PERCENTAGE - FREIDA reports 'Program Faculty: 11' and 'Female Faculty: 28.6%'. 28.6% is 2/7, which is not expressible over a denominator of 11 (2/11 = 18.2%, 3/11 = 27.3%). The AMA survey's female-percentage denominator appears to differ from the 11-physician headcount. Flagged rather than smoothed.",Preserve; do not resolve,NO
1804821127,RISE-NEURO-0147,San Antonio Uniformed Services Health Education Consortium Program,TX,CONFLICT_PRESERVED,conflicts[10],"Dr. JESSIE JACOBSON'S CURRENT AFFILIATION - the official 15 April 2025 BAMC/JBSA article presents Air Force Maj. (Dr.) Jessie Jacobson as a BAMC neurologist and one of only two Air Force movement-disorders specialists. A San Antonio civilian practice, Dominion Neurology Associates, currently presents her as practising there and describes her as having completed neurology residency at Brooke Army Medical Center and a movement disorders fellowship at Mayo Clinic. She may have separated from active duty. I am not asserting either way; the movement-disorders finding does not depend on her, since Maj William Hoffman's BAMC movement-disorders role is confirmed on his current official USU profile.",Preserve; do not resolve,NO
1804821127,RISE-NEURO-0147,San Antonio Uniformed Services Health Education Consortium Program,TX,CONFLICT_PRESERVED,conflicts[11],"Lt Col ADAM M. WILLIS - described in USU reporting as a former staff neurologist and neurointensivist at BAMC with multi-million-dollar grants in brain injury biomechanics, neuroergonomics and operational medicine, and announced in December 2025 as Chair of the USU Department of Neurology and Rehabilitation Medicine in Bethesda. That reads as a departure from the San Antonio faculty, not an addition to it. Noted so that a reader does not count him as current local neurocritical-care faculty.",Preserve; do not resolve,NO
1804821127,RISE-NEURO-0147,San Antonio Uniformed Services Health Education Consortium Program,TX,CONFLICT_PRESERVED,conflicts[12],"'ONLY USAF NEUROLOGY PROGRAM' - the archived BAMC page (2012 text) asserted SAUSHEC 'is the only Neurology Residency Training Program in the USAF', while the current USU page says of the National Capital Region program that it 'is a program for Army and Navy trainees, however at times Air Force residents have been trained.' Both can be true - SAUSHEC is the only Air-Force-owned neurology program, while Air Force trainees occasionally appear at the NCC program.",Preserve; do not resolve,NO
1804821127,RISE-NEURO-0147,San Antonio Uniformed Services Health Education Consortium Program,TX,CONFLICT_PRESERVED,conflicts[13],"ADDRESS/ZIP VARIANTS - three official renderings appear: '3551 Roger Brooke Dr, JBSA Ft Sam Houston, TX 78234-4504' (FREIDA sponsor record and registry), '3551 Roger Brooke Dr., JBSA Fort Sam Houston, TX 78234' (program contact block on health.mil), and 'Fort Sam Houston, TX 78234-6200' (archived legacy page). Same street address, differing ZIP+4/suite conventions across eras.",Preserve; do not resolve,NO
1804821127,RISE-NEURO-0147,San Antonio Uniformed Services Health Education Consortium Program,TX,CONFLICT_PRESERVED,conflicts[14],REGISTRY 'Program Status: FREIDA: accepting current year; accepting next year' and FREIDA's 'ACCEPTING APPLICATIONS' badge are both literally accurate but are civilian-match vocabulary applied to a program that accepts applications only from commissioned Air Force officers through the JGMESB. A reader scanning the registry would reasonably but wrongly conclude the program is open.,Preserve; do not resolve,NO
1804831111,RISE-NEURO-0250,University of Texas Health Science Center at Houston Program,TX,CONFLICT,domain:10_deadline_signaling,CONFLICT state assigned because the registry asserts a deadline that is demonstrably from the prior cycle while no current-cycle value can be sourced. This is the exact staleness the ticket flagged. Actionable guidance: treat 2026-09-23 (program review start) as the operative planning date and contact the coordinator for the hard deadline.,Preserve both readings; do not project a single value,NO
1804831111,RISE-NEURO-0250,University of Texas Health Science Center at Houston Program,TX,CONFLICT_PRESERVED,conflicts[0],"TOTAL RESIDENTS 46 vs 48. Registry/FREIDA: 'Total Residents = 46' with 'Residents Per Year: PGY-1 12; PGY-2 12; PGY-3 12; PGY-4 10'. Program's own current roster (med.uth.edu/neurology/resident-roster/): 48, with 12 in every class including PGY-4. PREFERRED: 48 (primary program source, current). LIKELY EXPLANATION, corroborated: the alumni page shows class sizes of 8, 8, 10, 10, 10 for 2019-2023, so the program expanded to 12/class recently and FREIDA captured a transitional year in which PGY-4 still had 10. Both values preserved.",Preserve; do not resolve,NO
1804831111,RISE-NEURO-0250,University of Texas Health Science Center at Houston Program,TX,CONFLICT_PRESERVED,conflicts[1],INTERVIEW FORMAT In Person vs Virtual. Registry/FREIDA: 'Applicant Interview Format = In Person' and 'Interview Style = In Person'. Program's own applicants page is titled 'Virtual Adult Neurology Residency Interview Season' and describes a virtual pre-interview social and virtual interview day. OPDA 2026-2027 Adult Neurology guide: 'Interview format: Virtual'. AAN consensus statement: 'all Adult Neurology and Child Neurology residency/fellowship programs should commit to virtual interviews for all applicants'. PREFERRED: Virtual (primary program source plus two national specialty sources agree against a single stale registry field).,Preserve; do not resolve,NO
1804831111,RISE-NEURO-0250,University of Texas Health Science Center at Houston Program,TX,CONFLICT_PRESERVED,conflicts[2],"APPLICATION DEADLINE stale prior cycle. Registry: 'Application Deadline = 2025-10-13', which belongs to the 2025-2026 cycle. No 2026-2027 deadline is published by the program, and FREIDA could not be re-rendered to check. PREFERRED: treat the registry value as UNUSABLE for the current cycle rather than substituting a guess. This is the exact staleness the ticket predicted.",Preserve; do not resolve,NO
1804831111,RISE-NEURO-0250,University of Texas Health Science Center at Houston Program,TX,CONFLICT_PRESERVED,conflicts[3],"PROGRAM DIRECTOR title, internal to the program's own site. The UTMOVE team page describes Melissa Christie, MD as 'Assistant Program Director of Neurology Residency Program'. The residency program page, the residency-applicants page and the department faculty page all list her as Program Director (faculty page: 'Melissa J. Christie, MD - Neurology Residency Program Director'). PREFERRED: Program Director; the UTMOVE division page appears not to have been updated after her promotion. Recorded rather than silently smoothed.",Preserve; do not resolve,NO
1804831111,RISE-NEURO-0250,University of Texas Health Science Center at Houston Program,TX,CONFLICT_PRESERVED,conflicts[4],"MS DIVISION LEADERSHIP. The MS faculty page lists Jerry S. Wolinsky, MD first and characterizes him as heading the division; the MS training-opportunities page states 'Dr. J. William Lindsey serves as Division Director' and the department faculty page lists 'Multiple Sclerosis: John W. Lindsey, MD (Director)'. PREFERRED: Lindsey is the current Division Director; Wolinsky is the 1983 founder and directs the MRI Analysis Center. Both roles are real and non-exclusive.",Preserve; do not resolve,NO
1804831111,RISE-NEURO-0250,University of Texas Health Science Center at Houston Program,TX,CONFLICT_PRESERVED,conflicts[5],"RESIDENT DEGREE SUFFIXES, internal to the program's own site. The resident-roster page and the Meet Our Residents page disagree for four residents: Arash Niktabe (roster MD / MOR DO, school = Kansas City University COM), Carter Butson (roster MD / MOR DO, school = UNTHSC TCOM), Sampada Chaudhari (roster MD / MOR DO, school = UNTHSC TCOM), and Tapasya Surti (roster MD / MOR DO, school = Touro University Nevada; graduated cohort). PREFERRED: the medical school name, which determines the degree - all four schools are osteopathic, so DO. The roster page's suffixes appear to be defaulted.",Preserve; do not resolve,NO
1804831111,RISE-NEURO-0250,University of Texas Health Science Center at Houston Program,TX,CONFLICT_PRESERVED,conflicts[6],"RESIDENT COMPOSITION PERCENTAGES. Registry/FREIDA self-reported: IMG 36.4%, US MD 52.3%, DO 11.4%. Roster-derived from published school names (denominator 36): other IMG + Caribbean = 22.2%, US MD 58.3%, DO 19.4%. PREFERRED: neither is discarded. FREIDA's figures are program-self-reported against an undisclosed denominator (36.4% of 44 = 16 residents) and may cover a different cohort year; the roster-derived figures have a stated, auditable denominator but omit 12 PGY-1s. Both recorded.",Preserve; do not resolve,NO
1804831111,RISE-NEURO-0250,University of Texas Health Science Center at Houston Program,TX,CONFLICT_PRESERVED,conflicts[7],"CLINICIAN EDUCATOR TRACK No vs Yes. Registry/FREIDA: 'Clinician Educator Track = No'. Program residency page: residents can personalize training 'with electives, the NIH-funded R25 program, and the clinical educator track'. PREFERRED: the track exists (primary program source). The FREIDA field may reflect a narrower definition of a formal track.",Preserve; do not resolve,NO
1804831111,RISE-NEURO-0250,University of Texas Health Science Center at Houston Program,TX,CONFLICT_PRESERVED,conflicts[8],"ACGME ACCREDITATION STATUS unverified. ResidencyAdvisor (AGGREGATOR, LOW confidence) claims 'Continued Accreditation (Effective: January 29, 2026)' with an ACGME history timeline. I could NOT verify this against ACGME primary data - ACGME's public program search is not fetchable and FREIDA would not render. The claim is RECORDED BUT NOT ADOPTED. Noting for the benchmark: this particular page did NOT show the templated 'Continued Accreditation with Warning' fabrication pattern flagged in the ticket, and it carried no review counts and no board pass rate. Its Step 2 range of '234-269' IS self-labeled 'Residency Advisor estimate, compiled from multiple program data sources' and was rejected as non-authoritative.",Preserve; do not resolve,NO
1804831111,RISE-NEURO-0250,University of Texas Health Science Center at Houston Program,TX,CONFLICT_PRESERVED,conflicts[9],"CROSS-INSTITUTION MISATTRIBUTION TRAP 1 (rejected). A web search for this program's application requirements returned, as its top result, uthsc.edu - the University of TENNESSEE Health Science Center - and the search summary blended Tennessee's rules into an answer about Houston: 'application deadline is December 31st', 'three letters of recommendation', 'graduation within the last three years, or... worked in a clinical setting for at least 2 years in the last 5 years'. NONE of these are UTHealth Houston policies. Domains uth.edu / med.uth.edu (Houston) and uthsc.edu (Tennessee) are distinct institutions. All Tennessee-derived values were discarded.",Preserve; do not resolve,NO
1804831111,RISE-NEURO-0250,University of Texas Health Science Center at Houston Program,TX,CONFLICT_PRESERVED,conflicts[10],"CROSS-INSTITUTION MISATTRIBUTION TRAP 2 (rejected). A web search attributed the 'Hispanic Secondary Stroke Prevention Initiative' (HiSSPI) and a mobile-health study for 'low-income minority Hispanic patients with a stroke' to UTHealth Houston. Direct retrieval of both papers shows they are University of Miami Miller School of Medicine / Miami VA GRECC projects (PI Olveen Carrasquillo), conducted at UHealth and Jackson Health System in Miami-Dade, with no UTHealth, McGovern, Harris Health or LBJ involvement. Both were removed from the Spanish/Latino evidence base. The retained Stomp Out Stroke evidence (PMC8398745) WAS verified as genuinely McGovern/UTHealth.",Preserve; do not resolve,NO
1804831111,RISE-NEURO-0250,University of Texas Health Science Center at Houston Program,TX,CONFLICT_PRESERVED,conflicts[11],SEARCH-LAYER VISA MISATTRIBUTION (rejected). A search summary asserted 'all UTSW neurology programs accept IMGs but sponsor only J-1 Visas' while purporting to answer a question about UTHealth Houston. UT Southwestern is a different institution. The visa finding in this dossier rests instead on UTHealth GME Policy 2.14.a via UTHealth's own GME and Office of International Affairs pages.,Preserve; do not resolve,NO
1804831111,RISE-NEURO-0250,University of Texas Health Science Center at Houston Program,TX,CONFLICT_PRESERVED,conflicts[12],"SALARY SCALE YEAR. The central UTHealth GME stipend page still displays a 2024-2025 Pay Level table (Level 1 = $67,556.67), while a sibling McGovern department page publishes 2025-2026 (PGY-1 $69,584) and 2026-2027 (PGY-1 $71,671) figures. The registry's PGY-1 $69,583 matches the 2025-2026 row. PREFERRED: 2026-2027 figures for current-cycle use, with the caveat that they were sourced from another department's page that does not state the scale is institution-wide.",Preserve; do not resolve,NO
1801100001,RISE-NEURO-0057,HCA Florida Healthcare/Westside/Northwest Hospital Program,FL,CONFLICT_PRESERVED,conflicts[0],"CENSUS AND COMPLEMENT: the registry states 'Total Residents: 16' with per-year 'PGY-1: 4; PGY-2: 4; PGY-3: 5; PGY-4: 3', while FREIDA's newer survey (received 2026-07-21) gives field_program_size = [4, 4, 5, 4] and field_total_positions = 17. Both are census values from consecutive survey cycles, not complement; the registry's is one cycle stale. Neither is an ACGME approved complement, which could not be obtained because ACGME's public search is CAPTCHA-gated. A nominal 16 follows from 4 first-year positions over 4 years, but the PGY-3 cohort of 5 exceeds per-year intake, so even the nominal figure does not describe the actual cohort structure. Preserved rather than resolved.",Preserve; do not resolve,YES_WAVE2
1801100001,RISE-NEURO-0057,HCA Florida Healthcare/Westside/Northwest Hospital Program,FL,CONFLICT_PRESERVED,conflicts[1],"COMPOSITION DENOMINATORS DISAGREE WITHIN EACH SOURCE: the registry reports US MD 25.0% / DO 16.7% / IMG 58.3%, which resolve to whole people only on a denominator of 12 (3, 2, 7) despite the same registry stating 'Total Residents: 16'. FREIDA's newer survey reports 6.2% / 31.2% / 62.5%, which resolve only on a denominator of 16 (1, 5, 10) despite the same survey reporting a head-count of 17. Each source is internally inconsistent by one cycle, and the two sources disagree with each other. No named roster exists to arbitrate. Both are recorded; the newer survey's denominator of 16 was used for the bucket partition.",Preserve; do not resolve,YES_WAVE2
1801100001,RISE-NEURO-0057,HCA Florida Healthcare/Westside/Northwest Hospital Program,FL,CONFLICT_PRESERVED,conflicts[2],"FACULTY COUNT, THREE INCOMPATIBLE VALUES: the program's own faculty page publishes 20 named individuals; the registry states 'Program Faculty Count: 15' with 'Faculty Resident Ratio: 0.90:1' and 'Female Faculty Percent: 33.30%'; FREIDA's newer survey gives field_total_physician = 0, field_total_non_physician = 0, field_ratio_ft_faculty = '0.00' and field_pct_ft_female = None. The zeros are FREIDA null sentinels for an unanswered question and must not be reported as a count of zero faculty. The registry's 15 is from the prior cycle. The 20 named people are the only directly observable evidence, and even they are not identified as ACGME core faculty.",Preserve; do not resolve,YES_WAVE2
1801100001,RISE-NEURO-0057,HCA Florida Healthcare/Westside/Northwest Hospital Program,FL,CONFLICT_PRESERVED,conflicts[3],"SALARY PAID BY A NON-PROFIT: the registry records 'Salary Paid By: Non-profit institution' while FREIDA's newer survey records field_salary_paid_nonprofit = 'No'. HCA Healthcare, Inc. is a for-profit publicly traded company and the program page's own footer reads 'Copyright 1995-2026, HCA Management Services, L.P.' The registry appears to have stored the field's label in place of its negative answer; FREIDA's 'No' is correct.",Preserve; do not resolve,YES_WAVE2
1801100001,RISE-NEURO-0057,HCA Florida Healthcare/Westside/Northwest Hospital Program,FL,CONFLICT_PRESERVED,conflicts[4],APPLICATION DEADLINE: the registry gives 'Application Deadline: 2026-03-19'; FREIDA's newer survey gives field_application_period = None and field_latest_date_current_year = None. A 19 March date is also inconsistent with ERAS and Main Match timing for a Main Match participant. No deadline is treated as established.,Preserve; do not resolve,YES_WAVE2
1801100001,RISE-NEURO-0057,HCA Florida Healthcare/Westside/Northwest Hospital Program,FL,CONFLICT_PRESERVED,conflicts[5],"LETTERS OF RECOMMENDATION: registry 'Minimum LOR: 1' and 'Maximum LOR: 4' with 'Specialty Specific LOR Required: Letter(s) from someone within the specialty', against FREIDA's newer field_min_letters_req = 3, field_max_letters_req = None, field_required_letter_writers = [] and field_spec_stand_letter = None, with only field_faculty_letter = True. The minimum moved from 1 to 3 and the specialty-specific requirement is not reproduced in the newer cycle.",Preserve; do not resolve,YES_WAVE2
1801100001,RISE-NEURO-0057,HCA Florida Healthcare/Westside/Northwest Hospital Program,FL,CONFLICT_PRESERVED,conflicts[6],ACCEPTANCE WINDOW: registry 'Program Status: FREIDA: accepting current year; accepting next year' against the newer survey's field_accepting_current_year = True and field_accepting_next_year = False. Reported as a change of state and flagged for direct confirmation rather than interpreted.,Preserve; do not resolve,YES_WAVE2
1801100001,RISE-NEURO-0057,HCA Florida Healthcare/Westside/Northwest Hospital Program,FL,CONFLICT_PRESERVED,conflicts[7],"BED COUNTS: the HCA Florida Northwest Hospital GME page describes 'Westside hospital, a full-service 250-bed facility, and Northwest Hospital, a full-service 289-bed facility', while FREIDA's institution records give Westside 224 beds and Northwest 228 beds. The same GME paragraph also states 'Westside Hospital is expected to achieve Florida Statutory Teaching Hospital status by 2024', a forward-looking claim now two years past its date with no confirmation located. This paragraph is the same template block that misattributes Aventura's outcome statistics, so its numbers are treated as unreliable throughout.",Preserve; do not resolve,YES_WAVE2
1801100001,RISE-NEURO-0057,HCA Florida Healthcare/Westside/Northwest Hospital Program,FL,CONFLICT_PRESERVED,conflicts[8],"STEP 2 'REQUIRED' FIELD SEMANTICS: the registry states 'US MD Step 2 Required: Yes' while FREIDA's newer survey gives field_usmle_step_2_required = False. These are not a true contradiction - they come from different FREIDA field families, the pass-requirement family (field_usmle_us_md_pass_ck = True) and the minimum-score family (field_usmle_step_2_required, paired with field_usmle_step_2_minimum_score = None). Recorded explicitly so the distinction is not collapsed into a false conflict or a false reassurance.",Preserve; do not resolve,YES_WAVE2
1801100001,RISE-NEURO-0057,HCA Florida Healthcare/Westside/Northwest Hospital Program,FL,CONFLICT_PRESERVED,conflicts[9],"PROGRAM PAGE VINTAGE: the sitemap gives lastmod 2023-07-10 for the neurology residency index, yet that page carries a salary table explicitly labelled 'Salary AY 26-27' matching the July 2026 FREIDA survey exactly. Sitemap lastmod therefore under-reports content edits on this site and cannot date page content in either direction, which limits how confidently the 2024-09-16 faculty page can be called current.",Preserve; do not resolve,YES_WAVE2
1801100001,RISE-NEURO-0057,HCA Florida Healthcare/Westside/Northwest Hospital Program,FL,SOURCE_MISMATCH,conflicts[10],NRMP CITATION - SOURCE_MISMATCH FLAGGED BY ADVERSARIAL REVIEW (2026-09-12T15:48:06Z): the NRMP URL cited in this dossier is dead; the working slug requires an '-fl-' segment. The underlying NRMP findings (single code 2232180C0 categorical; 2023 and 2024 each filled 4 of 3 offered) were independently confirmed by the reviewer.,Adversarial correction supersedes the original; ingest the corrected state,YES_WAVE2
1801100002,RISE-NEURO-0046,Florida International University/Baptist Health Program,FL,CONFLICT,domain:21_salary_benefits,"FREIDA (program's own 2026-07-21 survey) reports PGY1-4 at 64/66/68/71 thousand dollars. FIU Medicine's GME Salary and Benefits page publishes 68/71/74/77 thousand for the same PGY levels, marked 'Subject to review each spring'. Neither source carries an academic-year label. Both preserved; not resolved.",Preserve both readings; do not project a single value,YES_WAVE1
1801100002,RISE-NEURO-0046,Florida International University/Baptist Health Program,FL,CONFLICT_PRESERVED,conflicts[0],"SALARY. FREIDA's own 2026-07-21 program survey reports PGY1-PGY4 salaries of $64,000 / $66,000 / $68,000 / $71,000, and the registry matches it exactly. FIU Medicine's institution-wide GME Salary and Benefits page publishes a different and higher ladder for the same PGY levels — PGY1 $68,000, PGY2 $71,000, PGY3 $74,000, PGY4 $77,000 (continuing to PGY8 $89,000) — annotated 'Subject to review each spring'. Neither page carries an academic-year label, so neither can be declared stale. The likeliest explanation is that the institution's table reflects a newer increase while the program's survey answers were carried forward, but that is an inference and I have not resolved the conflict. A student should treat the FIU GME table as the institution's published scale and confirm the neurology figure with the coordinator.",Preserve; do not resolve,YES_WAVE1
1801100002,RISE-NEURO-0046,Florida International University/Baptist Health Program,FL,CONFLICT_PRESERVED,conflicts[1],"LETTERS OF RECOMMENDATION. FREIDA's 2026-07-21 survey gives a minimum of 2 and a maximum of 3 letters (field_min_letters_req = 2). The program's own page asks for 'Three letters of recommendation from physicians familiar with an applicant's character and abilities', and the registry (from the 2025 survey) stored a minimum of 3. The minimum moved from 3 to 2 in FREIDA while the program page continued to say three. Both preserved; the safe action is to submit three.",Preserve; do not resolve,YES_WAVE1
1801100002,RISE-NEURO-0046,Florida International University/Baptist Health Program,FL,CONFLICT_PRESERVED,conflicts[2],"INTERVIEW FORMAT. The registry stores 'Applicant Interview Format: In Person' and 'Interview Style: In Person'. FREIDA's own public rendering of the 2026 survey for this program displays 'Applicant Interview Format: Virtual'. Both readings derive from the single field field_interview_type = 1, with field_video_interview = false alongside it. This is an internal inconsistency in how one FREIDA field is interpreted and I did not choose a side. It matters practically for travel planning to Miami and should be confirmed with the program.",Preserve; do not resolve,YES_WAVE1
1801100002,RISE-NEURO-0046,Florida International University/Baptist Health Program,FL,CONFLICT_PRESERVED,conflicts[3],"REQUIRED AWAY ROTATION vs REQUIRED AWAY-PRECEPTOR LETTER. Within the same 2026-07-21 FREIDA record, the program reports no required away rotation (field_next_away_rotation_in = false, rendered by the registry as 'Required Away Rotations: No') while simultaneously listing 'Physician preceptor at an away rotation (e.g., program director, faculty)' among its REQUIRED letter writers (field_preceptor_letter_req_ind = true). An applicant with no away rotation cannot produce a required letter. Preserved as published.",Preserve; do not resolve,YES_WAVE1
1801100002,RISE-NEURO-0046,Florida International University/Baptist Health Program,FL,CONFLICT_PRESERVED,conflicts[4],"STEP 3 IN THE APPLICATION REQUIREMENTS LIST. The program's Residency Prerequisites say 'Pass the USMLE Step 1 and Step 2 CK or COMLEX 1 and 2', but its Application Requirements list includes the bare item 'USMLE Steps 1, 2 and 3' with no qualifying language. A PGY-1 applicant cannot normally have taken Step 3. These two lists on the same page do not agree; I treated the prerequisites list as governing and flagged the other as ambiguous published language rather than inventing a Step 3 requirement.",Preserve; do not resolve,YES_WAVE1
1801100002,RISE-NEURO-0046,Florida International University/Baptist Health Program,FL,CONFLICT_PRESERVED,conflicts[5],"CLASS STRUCTURE IN THE REGISTRY. The registry records 'Current Residents PGY1: 4; PGY2: 4; PGY3: 4' and 'Total Residents: 16'. The program's own roster, FREIDA's 2026 rendering ('Program Size 8'), two Internet Archive captures of the roster, and NRMP's absence of any match before 2025 all establish that no PGY-3 class has ever existed and that the census is 8. I am recording the registry figures as defective rather than as a genuine two-sided conflict, but preserving them here because a reader may encounter the 16 elsewhere.",Preserve; do not resolve,YES_WAVE1
1801100002,RISE-NEURO-0046,Florida International University/Baptist Health Program,FL,CONFLICT_PRESERVED,conflicts[6],"ACCEPTING APPLICATIONS NEXT YEAR. The 2026-07-21 survey sets field_accepting_current_year = true and field_accepting_next_year = false, while FREIDA's rendered page badges the program 'ACCEPTING APPLICATIONS' and shows Key Dates for 2026-2027. The 2026-2027 recruitment year is the cycle a June 2027 graduate applies in and is open; the false 'next year' flag refers to 2027-2028 and most likely reflects an unanswered forward-looking question. I am not reading it as any kind of closure, but I am recording it because a careless reader could.",Preserve; do not resolve,YES_WAVE1
1801100003,RISE-NEURO-0135,Orlando Health Program (Adult Neurology),FL,CONFLICT,domain:2_visa,Program page: 'does not sponsor visas'. Institutional GME policy (Feb 2022): 'A J-1 visa is the preferred visa type accepted for resident/fellow positions at Orlando Health.' FREIDA 2026: J-1 / H-1B / F-1 all rendered 'No' (from an empty field_visa_status array). All three are official Orlando Health or FREIDA-sourced and cannot be reconciled from public text.,Preserve both readings; do not project a single value,YES_WAVE3
1801100003,RISE-NEURO-0135,Orlando Health Program (Adult Neurology),FL,CONFLICT,domain:5_step2_timing,"Program page (pre-start preference) vs same page's required-document list (Step 2 scores with the application) vs FREIDA 2026 (passed Step 2 CK under 'Medical Exam Licensing Requirements for Interview Consideration'). FREIDA's own field_usmle_step2_req_int is false while field_usmle_us_md_pass_ck is true, so FREIDA is internally inconsistent as well.",Preserve both readings; do not project a single value,YES_WAVE3
1801100003,RISE-NEURO-0135,Orlando Health Program (Adult Neurology),FL,CONFLICT,domain:7_yog_limit,Program page: within THREE years of applying. FREIDA 2026 survey and the registry: within the past FIVE years. Both are current and official; not reconcilable. The three-year rule is the stricter and is on the higher-ranked source (the program's own page).,Preserve both readings; do not project a single value,YES_WAVE3
1801100003,RISE-NEURO-0135,Orlando Health Program (Adult Neurology),FL,CONFLICT_PRESERVED,conflicts[0],"ACCEPTING APPLICATIONS - THE MOST CONSEQUENTIAL CONFLICT IN THIS DOSSIER. FREIDA's 2026 survey record (received 2026-06-15, published 2026-08-20) carries field_accepting_current_year = false AND field_accepting_next_year = false, and FREIDA renders the banner 'NOT ACCEPTING APPLICATIONS' at the head of the program page. Against that: the NRMP's current MRM Program Directory states 'Program Status: Active' and 'The program track is participating in the Match'; NRMP program results show code 1107180C0 offering and filling 2 positions in the 2026 Match; and the program's own live Application Information page publishes a deadline ('Submit completed application by October 23rd'), an interview window ('November to the end of January') and a recruiting welcome letter. The registry's prior-cycle value was 'FREIDA: not accepting current year; accepting next year', so the next-year flag flipped from true to false between survey cycles. Not resolvable on public evidence. Both sides preserved; must be confirmed directly with the program.",Preserve; do not resolve,YES_WAVE3
1801100003,RISE-NEURO-0135,Orlando Health Program (Adult Neurology),FL,CONFLICT_PRESERVED,conflicts[1],"STEP 2 CK TIMING - three published sources, three different answers. Program page: 'Step 1 is required with the initial ERAS application. Successful completion of Steps 1 and 2 is preferred prior to the start of residency training' (a pre-start preference). Same page's required-documentation list: 'USMLE Step 1 and Step 2 Scores' (implying required at submission, against an October 23rd deadline). FREIDA 2026: 'Must Have Passed USMLE Step 2 CK Yes' rendered under the heading 'Medical Exam Licensing Requirements for Interview Consideration'. FREIDA is additionally inconsistent with itself: field_usmle_us_md_pass_ck is true while field_usmle_step2_req_int and field_usmle_step_2_required are both false. Final code recorded as PUBLISHED_SOURCES_CONFLICT.",Preserve; do not resolve,YES_WAVE3
1801100003,RISE-NEURO-0135,Orlando Health Program (Adult Neurology),FL,CONFLICT_PRESERVED,conflicts[2],"VISA SPONSORSHIP - three official sources disagree. Program page: 'Applicants must be United States citizens or eligible for J-1 visa sponsorship. Orlando Health Orlando Regional Medical Center does not sponsor visas' (internally contradictory on its face). Orlando Health institutional policy 4799-4016 (February 2022): 'A J-1 visa is the preferred visa type accepted for resident/fellow positions at Orlando Health.' FREIDA 2026: J-1 through ECFMG No, H-1B No, F-1 (OPT 1st year) No - although the underlying field_visa_status array is EMPTY, so FREIDA is rendering 'none selected' as three No rows rather than reporting an affirmative refusal.",Preserve; do not resolve,YES_WAVE3
1801100003,RISE-NEURO-0135,Orlando Health Program (Adult Neurology),FL,CONFLICT_PRESERVED,conflicts[3],"YEARS SINCE GRADUATION - program page: 'Applicants must have received an MD or DO degree from an approved school of medicine within three years of applying to the residency program.' FREIDA 2026 and the registry: 'Graduation from medical school must have occurred within the past 5 year(s)' (field_years_since_graduation = 5). Three versus five, both current, both official. A second-order ambiguity in the same sentence: it literally requires that the degree already have been 'received' within three years of applying, which on a strict reading would exclude every current fourth-year student.",Preserve; do not resolve,YES_WAVE3
1801100003,RISE-NEURO-0135,Orlando Health Program (Adult Neurology),FL,CONFLICT_PRESERVED,conflicts[4],"LETTERS OF RECOMMENDATION - program page requires 'Two Letters of Recommendation'. FREIDA 2026 requires a minimum of 3 and a maximum of 4, plus specified writers: 'Letter from a department chair' and 'Letter(s) from someone within the specialty (e.g., faculty, attending)' (field_min_letters_req 3, field_max_letters_req 4, field_chair_letter true, field_faculty_letter true). An applicant reading only the program page could under-submit by one letter and miss a required chair letter.",Preserve; do not resolve,YES_WAVE3
1801100003,RISE-NEURO-0135,Orlando Health Program (Adult Neurology),FL,CONFLICT_PRESERVED,conflicts[5],"PER-YEAR RESIDENT DISTRIBUTION - the program's own roster gives PGY-1 2, PGY-2 3, PGY-3 2, PGY-4 2. FREIDA 2026 renders Year 1 2, Year 2 2, Year 3 2, Year 4 3 (field_program_size = [2,2,2,3]). Both total 9. The registry stored 2/3/2/2, matching the program roster and not FREIDA's array.",Preserve; do not resolve,YES_WAVE3
1801100003,RISE-NEURO-0135,Orlando Health Program (Adult Neurology),FL,CONFLICT_PRESERVED,conflicts[6],"MOVEMENT DISORDERS IN THE CURRICULUM - the welcome page claims years two through four include 'rotations in ... all the major specialty areas of neurology such as Movement Disorders, Epilepsy, Neuro-Oncology, Neuro-rehab, Neuroimmunology, Headache Disorders and Neuro muscular disorders', while the curriculum page's 'Current Available Electives' list (Headache, Multiple Sclerosis, Epilepsy, Stroke Clinic, Neuro Oncology, Neuro Ophthalmology, Neuro Rehabilitation, Pain Medicine) omits Movement Disorders entirely and no movement-disorders block appears in any published PGY year.",Preserve; do not resolve,YES_WAVE3
1801100003,RISE-NEURO-0135,Orlando Health Program (Adult Neurology),FL,CONFLICT_PRESERVED,conflicts[7],"ELECTIVE VOLUME - welcome page: 'All residents will have a one-month elective rotation each year' (four). Curriculum page block schedule: PGY-1 none, PGY-2 two blocks, PGY-3 three blocks, PGY-4 two blocks (seven).",Preserve; do not resolve,YES_WAVE3
1801100003,RISE-NEURO-0135,Orlando Health Program (Adult Neurology),FL,CONFLICT_PRESERVED,conflicts[8],BED COUNT AT THE PRIMARY TEACHING SITE - welcome page: ORMC 'has a total of 801 acute-care beds'. Training-location page: 'An 808-bed hospital in downtown Orlando'.,Preserve; do not resolve,YES_WAVE3
1801100003,RISE-NEURO-0135,Orlando Health Program (Adult Neurology),FL,CONFLICT_PRESERVED,conflicts[9],"NEUROSCIENCE INSTITUTE STAFFING, ON A SINGLE PAGE - the institute page says 'a team of more than 45 physicians and over 40 advanced care providers' in one paragraph and 'more than 45 physicians and over 20 advanced care providers' in another.",Preserve; do not resolve,YES_WAVE3
1801100003,RISE-NEURO-0135,Orlando Health Program (Adult Neurology),FL,CONFLICT_PRESERVED,conflicts[10],FACULTY COUNT - residency Leadership and Faculty page lists 19 named people; FREIDA 2026 reports 18 physicians and 0 non-physicians; the registry stored 15 with a 1.70:1 ratio and 33.30% female. FREIDA's current ratio is 2:1 and female share 38.9%.,Preserve; do not resolve,YES_WAVE3
1801100003,RISE-NEURO-0135,Orlando Health Program (Adult Neurology),FL,CONFLICT_PRESERVED,conflicts[11],BOARD CERTIFICATION PASS RATES AS A PROGRAM EVALUATION MEASURE - registry: 'Board Certification Pass Rate Evaluation: Yes'. FREIDA 2026 renders 'Graduates board certification pass rates - No' under Program Evaluations. Neither is a pass rate.,Preserve; do not resolve,YES_WAVE3
1801100003,RISE-NEURO-0135,Orlando Health Program (Adult Neurology),FL,CONFLICT_PRESERVED,conflicts[12],"INTERVIEW FORMAT - registry: 'In Person' / 'Applicant Interview Format: In Person'. FREIDA 2026: 'Applicant Interview Format Virtual' (field_interview_type = 1, field_video_interview = false). The program page's description of a 'virtual tour of our facilities' on interview day supports the virtual reading.",Preserve; do not resolve,YES_WAVE3
1801100003,RISE-NEURO-0135,Orlando Health Program (Adult Neurology),FL,CONFLICT_PRESERVED,conflicts[13],AWAY ROTATIONS - registry: 'Required Away Rotations: Yes'. FREIDA 2026 publishes no away-rotation row at all and field_next_away_rotation_in is false; the program's own pages never mention one.,Preserve; do not resolve,YES_WAVE3
1801100003,RISE-NEURO-0135,Orlando Health Program (Adult Neurology),FL,CONFLICT_PRESERVED,conflicts[14],"PROGRAM COORDINATOR - FREIDA 2026 names Tahiry Acevedo (tahiry.acevedo@orlandohealth.com, (321) 842-1428) as primary program contact; the NRMP directory names Jessica Arce-Figueroa (Jessica.Arce-Figueroa@orlandohealth.com, (321) 841-1764). The program director's phone also differs: (321) 842-1428 on the program page versus (407) 352-5434 in FREIDA.",Preserve; do not resolve,YES_WAVE3
1801100003,RISE-NEURO-0135,Orlando Health Program (Adult Neurology),FL,CONFLICT_PRESERVED,conflicts[15],"STROKE DESIGNATION WORDING - the residency welcome page says ORMC has 'an accredited Tertiary Comprehensive Stroke Center'; the institute stroke page says 'Our Comprehensive Stroke Center ... The nationally recognized center is designated to treat the most critical and complex strokes'; the ORMC facility page says 'Comprehensive Stroke Center is guided by AHA/ASA and The Joint Commission'. None names a certifying body for the CSC itself, and 'Tertiary Comprehensive Stroke Center' is not standard United States certification terminology. Resolved externally: the Florida AHCA registry names The Joint Commission ('JC') as qualifying organisation with a program effective date of 10/16/2013.",Preserve; do not resolve,YES_WAVE3
1801100003,RISE-NEURO-0135,Orlando Health Program (Adult Neurology),FL,CONFLICT_PRESERVED,conflicts[16],"NMSS DESIGNATION WORDING - Orlando Health writes 'Partner in MS Care - Centers for Comprehensive Care'; the National MS Society's own naming is 'Partners in MS Care' (provider tier) and 'Centers for Comprehensive MS Care' (centre tier). The NMSS publishes no public designee roster, so the site-specific listing could not be independently confirmed.",Preserve; do not resolve,YES_WAVE3
1801100003,RISE-NEURO-0135,Orlando Health Program (Adult Neurology),FL,CONFLICT_PRESERVED,conflicts[17],"RESIDENT DEGREE LABELS - the roster page appends ', MD' to Alexander Bolufer, Raneem Maqsood and Ana Paraiso, but NSU-KPCOM and VCOM Auburn are United States colleges of osteopathic medicine conferring the DO degree. The ', MD' suffix is a generic page label rather than a degree assertion.",Preserve; do not resolve,YES_WAVE3
1801100003,RISE-NEURO-0135,Orlando Health Program (Adult Neurology),FL,CONFLICT_PRESERVED,conflicts[18],"SITE NAVIGATION TEMPLATE ERROR - the /neurology-residency/about-us page renders a top navigation reading 'Obstetrics And Gynecology Residency' with sub-items 'About Us / Application Information / Our Team / Program', while its breadcrumb reads Neurology Residency and its body text is verbatim identical to the neurology Program Information page. A CMS template error on Orlando Health's own site; the breadcrumb and body content were trusted and the navigation label discarded.",Preserve; do not resolve,YES_WAVE3
1801100003,RISE-NEURO-0135,Orlando Health Program (Adult Neurology),FL,TIER_CHANGED,conflicts[19],ALEJANDRA TIER - CHANGED BY ADVERSARIAL REVIEW (2026-09-12T16:59:44Z): PRIORITY TARGET -> SOLID TARGET pending verification of the Velez UCC attribution and the accepting-applications contradiction.,Adversarial correction supersedes the original; ingest the corrected state,YES_WAVE3
1801100004,RISE-NEURO-0015,Broward Health Program (Adult Neurology); the program styles itself the 'Broward Health North Program' and the 'Broward Health Neurology Residency Program',FL,CONFLICT,domain:21_salary_benefits,"Salary: Broward Health's own GME page publishes AY2025-26 figures (PGY-1 $59,847.40 ... PGY-4 $66,158.00), identical to the registry; FREIDA's newer 2026-07-21 survey reports PGY-1 $61,295 ... PGY-4 $68,660. Benefits: four FREIDA benefit codes changed between the 2025 and 2026 surveys, including domestic-partner major medical moving from shared-cost to Not Available.",Preserve both readings; do not project a single value,YES_WAVE2
1801100004,RISE-NEURO-0015,Broward Health Program (Adult Neurology); the program styles itself the 'Broward Health North Program' and the 'Broward Health Neurology Residency Program',FL,CONFLICT_PRESERVED,conflicts[0],"INTERVIEW FORMAT. The program's own page has stated since at least 2025-07-12, unchanged through 2025-10-05 and still live on 2026-09-12, that 'All applicant visitations and interviews will be conducted virtually throughout the application cycle.' FREIDA's newer 2026 survey (received 2026-07-21) codes field_interview_type = 1, which FREIDA renders as In Person, and the registry stored 'Applicant Interview Format: In Person'. Both sources are official and the FREIDA one is newer, but the website is the program's own live publication. Neither side is discarded; an applicant should ask the coordinator directly.",Preserve; do not resolve,YES_WAVE2
1801100004,RISE-NEURO-0015,Broward Health Program (Adult Neurology); the program styles itself the 'Broward Health North Program' and the 'Broward Health Neurology Residency Program',FL,CONFLICT_PRESERVED,conflicts[1],"RESIDENT SALARY LEVEL. Broward Health's GME 'Become a Resident' page, retrieved 2026-09-12, publishes a table headed '2025-2026 Medical and Dental Residents Salary' giving PGY-1 $59,847.40, PGY-2 $62,127.50, PGY-3 $64,451.47 and PGY-4 $66,158.00 - identical to the registry. FREIDA's 2026 survey reports PGY-1 $61,295, PGY-2 $63,561, PGY-3 $66,037 and PGY-4 $68,660, roughly 2.4% higher at every level. The most likely explanation is that FREIDA carries AY2026-27 rates while Broward Health has not refreshed its own page, but the institution's own publication still says otherwise, so both figures are preserved.",Preserve; do not resolve,YES_WAVE2
1801100004,RISE-NEURO-0015,Broward Health Program (Adult Neurology); the program styles itself the 'Broward Health North Program' and the 'Broward Health Neurology Residency Program',FL,CONFLICT_PRESERVED,conflicts[2],"PHYSICIAN FACULTY COUNT. The registry (from the 2025-07-16 survey) records 18 physician faculty, a 1.50:1 faculty-to-resident ratio and 27.80% female faculty. FREIDA's 2026-07-21 survey records field_total_physician = 9, field_ratio_ft_faculty = 0.80 and field_pct_ft_female = 33.30. The program's published faculty page lists 17 names, of which exactly 9 carry Core Faculty, Faculty & Site Director, Program Director or Associate Program Director titles - so the 9 is reconcilable as a core-faculty count and the 18 is not reconcilable with anything currently published. A halving of reported faculty across one cycle is preserved as a conflict rather than explained away.",Preserve; do not resolve,YES_WAVE2
1801100004,RISE-NEURO-0015,Broward Health Program (Adult Neurology); the program styles itself the 'Broward Health North Program' and the 'Broward Health Neurology Residency Program',FL,CONFLICT_PRESERVED,conflicts[3],"RESIDENT COMPOSITION PERCENTAGES. FREIDA 2026 and the registry both report 100.0% international graduates, 0.0% US MD and 0.0% DO. The program's own current roster includes Jennyflore Andre, DO, a graduate of A.T. Still University Kirksville College of Osteopathic Medicine, a U.S. osteopathic school. The percentages evidently describe the AY2025-26 six-resident cohort as of the survey's 2026-07-21 receipt date and are already inaccurate for the current nine-resident census. FREIDA's field_pct_female = 100.0 is from the same superseded cohort; no gender inference is drawn from any name.",Preserve; do not resolve,YES_WAVE2
1801100004,RISE-NEURO-0015,Broward Health Program (Adult Neurology); the program styles itself the 'Broward Health North Program' and the 'Broward Health Neurology Residency Program',FL,CONFLICT_PRESERVED,conflicts[4],"ACCEPTING APPLICATIONS. The registry records 'Program Status: FREIDA: not accepting current year; accepting next year'. FREIDA's 2026 survey inverts both flags: field_accepting_current_year = true and field_accepting_next_year = false. The newer survey supersedes, but the reversal is recorded because it is the single field most likely to make a student skip the program.",Preserve; do not resolve,YES_WAVE2
1801100004,RISE-NEURO-0015,Broward Health Program (Adult Neurology); the program styles itself the 'Broward Health North Program' and the 'Broward Health Neurology Residency Program',FL,CONFLICT_PRESERVED,conflicts[5],"CLASS-YEAR LABELLING IN THE ARCHIVE. The Wayback capture of the residents page dated 2025-07-12 shows Zemen Abu, Poojitha Koppu and Belinda Philip under the heading 'First Year', with no other class on the page; the live page dated 2026-09-12 shows the same three under 'Third Year'. Those two labels cannot both be right fourteen months apart. The resolution adopted - that the July 2025 capture had not yet been rolled over from AY2024-25 and these three began in July 2024 - is supported by the live page showing three full classes totalling nine residents and by South Florida Hospital News of 3 July 2024 reporting neurology among the residencies Broward Health was adding for the academic year beginning 1 July 2024. The contradiction is nonetheless recorded rather than silently resolved, because it rests on an inference about a stale page.",Preserve; do not resolve,YES_WAVE2
1801100004,RISE-NEURO-0015,Broward Health Program (Adult Neurology); the program styles itself the 'Broward Health North Program' and the 'Broward Health Neurology Residency Program',FL,CONFLICT_PRESERVED,conflicts[6],"PRIMARY-SITE CITY WITHIN FREIDA ITSELF. FREIDA's program record for 1801100004 gives the address as 201 E Sample Road, Deerfield Beach, FL 33064, and its 2026 survey names Broward Health North as the primary teaching site - but FREIDA's own institution node for Broward Health North records the locality as 'Pompano Beach', 33064. Broward Health's own location page, the NRMP program directory and the Florida Department of Elder Affairs clinic map all say Deerfield Beach. Deerfield Beach is adopted; the FREIDA institution-node discrepancy is preserved.",Preserve; do not resolve,YES_WAVE2
1801100004,RISE-NEURO-0015,Broward Health Program (Adult Neurology); the program styles itself the 'Broward Health North Program' and the 'Broward Health Neurology Residency Program',FL,CONFLICT_PRESERVED,conflicts[7],"PROGRAM OFFERINGS. The registry lists 'Resident Retreats: Yes', 'Healthcare Economics Curriculum: Yes' and an 'iPads, tablets, etc., or technology allowance' benefit. None of those three appears in FREIDA's 2026 survey checklists (field_resident_fellow_offer_2019 has five items and field_program_offers_2021 has three, the latter now including placement assistance instead). Either they were dropped or the registry drew them from the older survey; both readings are preserved.",Preserve; do not resolve,YES_WAVE2
1801100004,RISE-NEURO-0015,Broward Health Program (Adult Neurology); the program styles itself the 'Broward Health North Program' and the 'Broward Health Neurology Residency Program',FL,CONFLICT_PRESERVED,conflicts[8],MAXIMUM CONSECUTIVE DUTY HOURS IN PGY-1. Registry 14 hours; FREIDA 2026 survey field_max_hours_on_duty_y1 = 16 hours.,Preserve; do not resolve,YES_WAVE2
1801100004,RISE-NEURO-0015,Broward Health Program (Adult Neurology); the program styles itself the 'Broward Health North Program' and the 'Broward Health Neurology Residency Program',FL,CONFLICT_PRESERVED,conflicts[9],"FOUR HOSPITALS OR FIVE. The live program page says '5 hospitals, including one Level I and one Level II trauma center' and '25+ established residency and fellowship training programs'; the 2025-10-05 archive of the same page said '4 hospitals' and '20+'; Broward Health's International Patient Program page, live on 2026-09-12, still says the system 'is comprised of four hospitals and more than 30 locations'. The program page is the more specific and more recently revised source but the system's own pages disagree with each other.",Preserve; do not resolve,YES_WAVE2
1801100004,RISE-NEURO-0015,Broward Health Program (Adult Neurology); the program styles itself the 'Broward Health North Program' and the 'Broward Health Neurology Residency Program',FL,TIER_CHANGED,conflicts[10],ALEJANDRA TIER - CHANGED BY ADVERSARIAL REVIEW (2026-09-12T15:48:06Z): SOLID TARGET -> LOW PRIORITY on cross-program consistency grounds. Original tier and full reasoning preserved in alejandra_classification_prior and alejandra_classification_adversarial_note.,Adversarial correction supersedes the original; ingest the corrected state,YES_WAVE2
1801100005,RISE-NEURO-0056,"HCA Florida Healthcare/Kendall Hospital Program - Neurology Residency Program, HCA Florida Kendall Hospital",FL,CONFLICT_PRESERVED,conflicts[0],"ACCEPTING APPLICATIONS FOR NEXT YEAR - MATERIAL AND UNRESOLVED. FREIDA's survey received 2026-06-16 and published 2026-08-20 sets field_accepting_current_year = true but field_accepting_next_year = FALSE. The prior survey (received 2025-07-16), which the registry read, had BOTH true, and the registry accordingly records 'Program Status: FREIDA: accepting current year; accepting next year'. Against that, the live NRMP Main Residency Match program directory entry for 2232180C1, retrieved 2026-09-12, states Program Status 'Active' and 'The program track is participating in the Match', and the program's own website is actively recruiting with a December 1 deadline. Both sides are preserved. I weight NRMP as the more current and more authoritative source for Match participation, and I note that the same FREIDA survey contains at least one demonstrable entry error (see the ERAS conflict below) and also blanked its letter-count and website fields, which lowers confidence in its administrative answers generally. This should be confirmed directly with the program before an application is invested.",Preserve; do not resolve,YES_WAVE2
1801100005,RISE-NEURO-0056,"HCA Florida Healthcare/Kendall Hospital Program - Neurology Residency Program, HCA Florida Kendall Hospital",FL,CONFLICT_PRESERVED,conflicts[1],"ERAS PARTICIPATION. FREIDA survey_2026 sets field_participates_in_eras = false, field_eras_ind = null and field_eras_affiliated_none = true. Against that: FREIDA survey_2025 set field_participates_in_eras = true and field_eras_ind = true; the registry records 'Application Service: ERAS' and 'ERAS Participates: Yes'; the live NRMP directory entry lists ERAS among the program's application routes; and the program's own site footer links 'Applying to Residencies with ERAS'. Resolved in favour of ERAS participation and recorded as a probable 2026 survey-entry error, but the contradiction is preserved here rather than silently dropped.",Preserve; do not resolve,YES_WAVE2
1801100005,RISE-NEURO-0056,"HCA Florida Healthcare/Kendall Hospital Program - Neurology Residency Program, HCA Florida Kendall Hospital",FL,CONFLICT_PRESERVED,conflicts[2],"SALARY PAYER - REGISTRY AGAINST ITS OWN SOURCE. The registry records 'Salary Paid By: Non-profit institution'. FREIDA's underlying field is field_salary_paid_nonprofit and its value is the string 'No' in BOTH the survey the registry read and the newer one. HCA Healthcare is a for-profit, publicly traded hospital company, and the program's own benefit list includes an 'Employee Stock Purchase Plan'. The registry appears to have printed the field's label as though it were the value. Resolved against the registry.",Preserve; do not resolve,YES_WAVE2
1801100005,RISE-NEURO-0056,"HCA Florida Healthcare/Kendall Hospital Program - Neurology Residency Program, HCA Florida Kendall Hospital",FL,CONFLICT_PRESERVED,conflicts[3],"USMLE 'REQUIRED' ROWS - REGISTRY AGAINST ITS OWN SOURCE. The registry records 'US MD Step 1 Required: Yes', 'US MD Step 2 Required: Yes', 'IMG Step 1 Required: Yes', 'IMG Step 2 Required: Yes', 'DO Step 1 Required: Yes', 'DO Step 2 Required: Yes'. FREIDA's actual field_usmle_step_1_required and field_usmle_step_2_required were FALSE in the very survey the registry read, and remain false in the newer one. The registry appears to have mapped FREIDA's '<exam> passed' preference fields onto a 'Required' label. Resolved against the registry, and flagged because a downstream reader could otherwise believe this program imposes a USMLE requirement it has never published.",Preserve; do not resolve,YES_WAVE2
1801100005,RISE-NEURO-0056,"HCA Florida Healthcare/Kendall Hospital Program - Neurology Residency Program, HCA Florida Kendall Hospital",FL,CONFLICT_PRESERVED,conflicts[4],"STEP 2 CK SCREENING PREFERENCE - A REAL CHANGE BETWEEN CYCLES, NOT A DEFECT. field_usmle_us_md_pass_ck and field_usmle_img_pass_ck were TRUE in the survey received 2025-07-16 (which is what the registry's 'Step Preferences' row reflects) and are FALSE in the survey received 2026-06-16. Both values are preserved. The direction is a loosening, which is worth stating plainly because the wave-1 Florida pattern was the opposite.",Preserve; do not resolve,YES_WAVE2
1801100005,RISE-NEURO-0056,"HCA Florida Healthcare/Kendall Hospital Program - Neurology Residency Program, HCA Florida Kendall Hospital",FL,CONFLICT_PRESERVED,conflicts[5],"EXAM NAMED IN THE RANKING CUTOFF. The program's own FAQ, identical on the live page and in the 9 July 2025 archive, reads 'The deadline for the application is December 1st and CS results must be received by February 1st to be ranked.' 'CS' denotes USMLE Step 2 CS, discontinued in January 2021. FREIDA, meanwhile, records Step 2 as not required at all. Either the sentence is inoperative legacy text or the cutoff is now administered against Step 2 CK and/or ECFMG certification. I coded the conservative reading (a ranking-stage barrier) and preserved the tension rather than resolving it.",Preserve; do not resolve,YES_WAVE2
1801100005,RISE-NEURO-0056,"HCA Florida Healthcare/Kendall Hospital Program - Neurology Residency Program, HCA Florida Kendall Hospital",FL,CONFLICT_PRESERVED,conflicts[6],"BED COUNTS AND TRAUMA STATUS. The program's curriculum page says HCA Florida Kendall is a '447-bed Level 1 Trauma Center' and HCA Florida Aventura is a '467-bed acute care medical/surgical facility'; Kendall's own GME page independently says 'Tertiary Care 447-bed' and 'one of only two American College of Surgeons certified Level I Trauma Centers in Miami-Dade County'; and Kendall's awards page says 'Level I Trauma Center designation from the Florida Department of Health and verification from the American College of Surgeons'. FREIDA's institution nodes disagree - Kendall field_number_beds = 300 with field_trauma_center_indicator = false, Aventura field_number_beds = 359 - but those nodes carry revision timestamps of 26 October 2022 and are stale. Resolved in favour of the hospital's own current pages; FREIDA's institution figures marked stale.",Preserve; do not resolve,YES_WAVE2
1801100005,RISE-NEURO-0056,"HCA Florida Healthcare/Kendall Hospital Program - Neurology Residency Program, HCA Florida Kendall Hospital",FL,CONFLICT_PRESERVED,conflicts[7],"STROKE ACCREDITATION AWARDING BODY AT KENDALL. Kendall's clinical page says 'our hospital is recognized as a Comprehensive Stroke Center by Det Norske Veritas (DNV)' and its awards page says 'Comprehensive Stroke Center Accreditation by DNV' - but the same awards page ALSO lists 'Thrombectomy-Capable Center accreditation from The Joint Commission' and 'Top Performer in Key Quality Measures from The Joint Commission', while the GME page describes it only as 'certification as Stroke Center with recognition as Top Performer in Key Quality Measures from The Joint Commission'. Two awarding bodies appear across the hospital's own pages. I quote the DNV wording verbatim from the awards page because that is the most specific claim, and I record explicitly that I could NOT cross-check it against DNV's own register, which returns HTTP 403. This is exactly the brand-string/awarding-body hazard the contract flags, so the designation is reported as the hospital's own claim rather than as independently confirmed.",Preserve; do not resolve,YES_WAVE2
1801100005,RISE-NEURO-0056,"HCA Florida Healthcare/Kendall Hospital Program - Neurology Residency Program, HCA Florida Kendall Hospital",FL,CONFLICT_PRESERVED,conflicts[8],"RESEARCH ROTATION. FREIDA field_research_rotation = 'Optional' with field_research_rotation_duration = 0, against the program's own curriculum page which allocates a dedicated 1-month Research block in PGY-2 and its own FAQ which states 'Some form of scholarly activity; research, QI or a case report is required for graduation.' Resolved in favour of the program's own pages.",Preserve; do not resolve,YES_WAVE2
1801100005,RISE-NEURO-0056,"HCA Florida Healthcare/Kendall Hospital Program - Neurology Residency Program, HCA Florida Kendall Hospital",FL,CONFLICT_PRESERVED,conflicts[9],"FIRST CLASS YEAR. Best evidence (FREIDA node created 2024-07-13; field_historical_interview_stats showing 2023 with 0 interviews and null positions, then 2024 with 40 interviews for 3 positions; the program's self-description as 'brand new' in both July 2025 and September 2026) puts the first class in July 2024 and the first graduation in June 2028. An alternative reading in which the registry's 'Current Residents PGY1: 3; PGY2: 3; PGY3: 3' described AY2025-26 would put the first class in July 2023 and the first graduation in June 2027. I could not resolve it: that registry field is not present in either FREIDA survey payload I retrieved, and the ACGME public search that would settle the accreditation date is CAPTCHA-gated. Under both readings there are zero graduates as of September 2026.",Preserve; do not resolve,YES_WAVE2
1801100005,RISE-NEURO-0056,"HCA Florida Healthcare/Kendall Hospital Program - Neurology Residency Program, HCA Florida Kendall Hospital",FL,CONFLICT_PRESERVED,conflicts[10],"FEMALE FACULTY PERCENTAGE. The registry records 'Female Faculty Percent: 27.30%' from field_pct_ft_female in survey_2025. The newer survey sets field_pct_ft_female = 0.00, which cannot be a fact: the program's own faculty page and the NRMP directory entry both identify a woman, Pamela Youssef MD MBA, as program director and faculty member. The 0.00 is treated as a FREIDA null sentinel, and the registry's 27.30% is marked stale rather than superseded by a zero.",Preserve; do not resolve,YES_WAVE2
1801100005,RISE-NEURO-0056,"HCA Florida Healthcare/Kendall Hospital Program - Neurology Residency Program, HCA Florida Kendall Hospital",FL,CONFLICT_PRESERVED,conflicts[11],"WEMIND AS A TRAINING SITE. The program's curriculum page states 'Outpatient rotations at WeMind Institute and Design Neuroscience Center', but FREIDA's field_participant_institution list for this program contains only HCA Florida Kendall Hospital, HCA Florida Aventura Hospital and Design Neuroscience Center - WeMind is absent. The program's own page is preferred and FREIDA's participant list is treated as incomplete; both are recorded.",Preserve; do not resolve,YES_WAVE2
1801100005,RISE-NEURO-0056,"HCA Florida Healthcare/Kendall Hospital Program - Neurology Residency Program, HCA Florida Kendall Hospital",FL,DOWNGRADED,conflicts[12],SPANISH EVIDENCE TYPE - DOWNGRADED BY ADVERSARIAL REVIEW (2026-09-12T15:48:06Z): FORMAL_MEDICAL_SPANISH removed; the FREIDA option bundles 'or other non-English language' and no program page corroborates a formal Medical Spanish curriculum. Prior tag list preserved.,Adversarial correction supersedes the original; ingest the corrected state,YES_WAVE2
1801100008,RISE-NEURO-0002,AdventHealth Orlando Neurology Residency Program (registry: 'AdventHealth Florida Program'),FL,CONFLICT,domain:5_step2_timing,Unresolved. The invisible field family says no interview gate; the rendered page an applicant actually reads says a passed Step 2 CK is required for interview consideration. Confirm with the coordinator before relying on either.,Preserve both readings; do not project a single value,YES_WAVE3
1801100008,RISE-NEURO-0002,AdventHealth Orlando Neurology Residency Program (registry: 'AdventHealth Florida Program'),FL,CONFLICT,domain:8_usce_requirement,"FREIDA 2026 survey (received 2026-07-21) reports field_next_away_rotation_in = false (away rotation NOT required for the next cycle). The registry, hydrated from the prior FREIDA survey cycle (received 2025-07-16), reports 'Required Away Rotations: Yes'. Same source system, two cycles, opposite answers; the newer cycle is preferred but the older value is retained.",Preserve both readings; do not project a single value,YES_WAVE3
1801100008,RISE-NEURO-0002,AdventHealth Orlando Neurology Residency Program (registry: 'AdventHealth Florida Program'),FL,CONFLICT_PRESERVED,conflicts[0],"HUNTINGTON DESIGNATION. The AdventHealth GME neurology residency faculty page states that the program director 'serves as the Chief of Neurology at AdventHealth Neuroscience Institute in Orlando, where he also directs the Huntington Disease Center of Excellence.' The awarding body, the Huntington's Disease Society of America, designates the Orlando clinic as an 'HDSA Center of Excellence Partner Site at Central Florida Center for Huntington Disease' and lists it in its directory under Partner Sites as 'University of Central Florida and Advent Health Mov Dis Clinic'; HDSA's full Florida Centers of Excellence are the University of Miami Miller School of Medicine, the University of Florida and the University of South Florida. A third variant exists on AdventHealth's own institute bio for the same physician, which places his Huntington Disease Center of Excellence leadership at Cleveland Clinic, his former employer: 'He joined our team in Central Florida from the Cleveland Clinic in Ohio, where he served in multiple leadership roles in the movement disorders and neurological restoration programs and the Huntington Disease Center of Excellence.' All three statements are preserved; the awarding body's wording governs the dossier, and the designation is recorded as a PARTNER SITE.",Preserve; do not resolve,YES_WAVE3
1801100008,RISE-NEURO-0002,AdventHealth Orlando Neurology Residency Program (registry: 'AdventHealth Florida Program'),FL,CONFLICT_PRESERVED,conflicts[1],"US NEWS RANK. The program director's own welcome letter PDF states 'Neurology and Neurosurgery at AdventHealth ranked 30th in the nation in the US World News report in 2024.' Two current AdventHealth Neuroscience Institute pages - the National Accreditations page and the Stroke program page - both state 'AdventHealth Orlando is ranked #35 in the nation by U.S News & World Report for neurology and neurosurgery.' Two official AdventHealth sources, two different numbers, one of them explicitly dated to 2024. Neither was used as evidence for any domain.",Preserve; do not resolve,YES_WAVE3
1801100008,RISE-NEURO-0002,AdventHealth Orlando Neurology Residency Program (registry: 'AdventHealth Florida Program'),FL,CONFLICT_PRESERVED,conflicts[2],"AWAY ROTATION REQUIREMENT. FREIDA's 2026 survey (received 2026-07-21) reports field_next_away_rotation_in=false, i.e. no away rotation required for the next cycle. The registry, hydrated from the prior FREIDA cycle (received 2025-07-16), reports 'Required Away Rotations: Yes'. Same source system, consecutive cycles, opposite answers.",Preserve; do not resolve,YES_WAVE3
1801100008,RISE-NEURO-0002,AdventHealth Orlando Neurology Residency Program (registry: 'AdventHealth Florida Program'),FL,CONFLICT_PRESERVED,conflicts[3],"RESEARCH ROTATION. FREIDA 2026 reports field_research_rotation='Optional' with field_research_rotation_duration=0, while the program's own published block grid assigns one Research block in PGY-3 and one in PGY-4.",Preserve; do not resolve,YES_WAVE3
1801100008,RISE-NEURO-0002,AdventHealth Orlando Neurology Residency Program (registry: 'AdventHealth Florida Program'),FL,CONFLICT_PRESERVED,conflicts[4],"CURRENT RESIDENT COUNT. The registry reports 'Current Residents PGY1: 4; PGY2: 4; PGY3: 4' alongside 'Total Residents: 16'. The 16 is verifiably the approved complement. The per-year values cannot be reconciled with the program's documented age: 'neurology' appears nowhere on AdventHealth's own GME landing page in Internet Archive captures of 2023-12-02, 2024-07-22, 2024-11-04 or 2025-01-13; the program page was first archived 2025-05-17; FREIDA created the program node 2025-06-28 and holds exactly one survey cycle. Both readings of the first-class year (July 2025 or July 2026) are recorded and neither is asserted.",Preserve; do not resolve,YES_WAVE3
1801100008,RISE-NEURO-0002,AdventHealth Orlando Neurology Residency Program (registry: 'AdventHealth Florida Program'),FL,CONFLICT_PRESERVED,conflicts[5],"PROGRAM STATUS STRING. The registry records 'FREIDA: not accepting current year; accepting next year' (from field_accepting_current_year=false, field_accepting_next_year=true in the prior cycle). FREIDA's 2026 survey inverts both: field_accepting_current_year=true, field_accepting_next_year=false. FREIDA's own semantics for 'current' versus 'next' year shift between cycles, so the registry string is treated as superseded and cycle-ambiguous rather than as a substantive change in recruiting status.",Preserve; do not resolve,YES_WAVE3
1801100008,RISE-NEURO-0002,AdventHealth Orlando Neurology Residency Program (registry: 'AdventHealth Florida Program'),FL,CONFLICT_PRESERVED,conflicts[6],"PROGRAM CONTACT. FREIDA's 2026 survey and NRMP's directory both name Yolonda Johnson (407-303-7133, yolonda.johnson@adventhealth.com) as the program contact. A web-search snippet attributed the program contact to 'Nicole.Cruz3@AdventHealth.com'. That page was not opened and the address is corroborated nowhere in the sources retrieved, so it is recorded here as uncorroborated snippet material and was not used.",Preserve; do not resolve,YES_WAVE3
1801100008,RISE-NEURO-0002,AdventHealth Orlando Neurology Residency Program (registry: 'AdventHealth Florida Program'),FL,CONFLICT_PRESERVED,conflicts[7],"VACATION SEMANTICS. FREIDA reports paid_vacation=20 at every PGY level and the registry renders 'Vacation: 20'. AdventHealth's official GME benefits page states '20 paid days off (PDO) inclusive of (sick time, vacation time, holidays, and personal days) annually' - so 20 is the total paid-time-off pool, not 20 vacation days in addition to sick leave and holidays.",Preserve; do not resolve,YES_WAVE3
1801100008,RISE-NEURO-0002,AdventHealth Orlando Neurology Residency Program (registry: 'AdventHealth Florida Program'),FL,RETRACTED,conflicts[8],STEP 2 TIMING - RETRACTED BY ADVERSARIAL REVIEW (2026-09-12T16:59:44Z). Original benign coding rested on the FREIDA field family that renders no visible row. The rendered page says Step 2 CK must be passed for interview consideration. Re-coded PUBLISHED_SOURCES_CONFLICT.,SUPERSEDES the original assertion; do NOT ingest the retracted value,YES_WAVE3
1801100155,RISE-NEURO-0196,University of Central Florida/HCA Florida Healthcare (Greater Orlando/Osceola) Program - Adult Neurology,FL,CONFLICT,domain:2_visa,"FREIDA's 2026 survey (received 2026-07-21) lists H-1B and F-1 alongside J-1, while the consortium's own Qualifications and Eligibility Policy updated July 2026 states flatly that 'UCF GME does not sponsor visas for physician learners' and describes only the ECFMG-sponsored J-1 route. The registry's 2025-cycle value (J-1 only, H1B No) agrees with the institutional policy. Both sides preserved.",Preserve both readings; do not project a single value,YES_WAVE3
1801100155,RISE-NEURO-0196,University of Central Florida/HCA Florida Healthcare (Greater Orlando/Osceola) Program - Adult Neurology,FL,CONFLICT,domain:3_step1_policy,Program FAQ publishes a numeric Step 1 minimum of 200 on first attempt; FREIDA's 2026 survey reports Step 1 as not required and not required for interview consideration. The program FAQ is the program's own voice and is treated as the operative screen; FREIDA's flags are reported alongside it.,Preserve both readings; do not project a single value,YES_WAVE3
1801100155,RISE-NEURO-0196,University of Central Florida/HCA Florida Healthcare (Greater Orlando/Osceola) Program - Adult Neurology,FL,CONFLICT,domain:4_step2_requirement_minimum,"Program FAQ (minimum 210, first attempt) and the consortium's July 2026 institutional policy (passing Step 2 CK required before matriculation) both assert a Step 2 requirement; FREIDA's 2026 survey flags Step 2 as not required and not required for interview consideration. All three preserved.",Preserve both readings; do not project a single value,YES_WAVE3
1801100155,RISE-NEURO-0196,University of Central Florida/HCA Florida Healthcare (Greater Orlando/Osceola) Program - Adult Neurology,FL,CONFLICT,domain:5_step2_timing,Unresolved. The invisible field family says no interview gate; the rendered page an applicant actually reads says a passed Step 2 CK is required for interview consideration. Confirm with the coordinator before relying on either.,Preserve both readings; do not project a single value,YES_WAVE3
1801100155,RISE-NEURO-0196,University of Central Florida/HCA Florida Healthcare (Greater Orlando/Osceola) Program - Adult Neurology,FL,CONFLICT_PRESERVED,conflicts[0],"STEP 2 REQUIREMENT: FREIDA's July 2026 survey for this program records field_usmle_step_2_required = false and field_usmle_step2_req_int = false, while the program's own FAQ states 'We require a score of 200 on your first attempt on USMLE Step 1 and a score of 210 on your first attempt on USMLE Step 2' and the consortium's Qualifications and Eligibility Policy (updated July 2026) states that all physician learners 'must possess a passing score for Step 2 Clinical Knowledge or COMLEX Level 2 Cognitive prior to matriculating'. Both sides are preserved. The most coherent reconciliation - which I state as a reading, not as fact - is that FREIDA's flags mean 'not required at the application stage', while the institutional policy governs matriculation and the FAQ states a score floor. The TIMING conclusion is unaffected either way: no source puts a Step 2 deadline earlier than matriculation.",Preserve; do not resolve,YES_WAVE3
1801100155,RISE-NEURO-0196,University of Central Florida/HCA Florida Healthcare (Greater Orlando/Osceola) Program - Adult Neurology,FL,CONFLICT_PRESERVED,conflicts[1],"VISA SPONSORSHIP: FREIDA's July 2026 survey lists field_visa_status = ['J-1 through ECFMG','H-1B','F-1'], while the consortium's July 2026 eligibility policy states flatly 'UCF GME does not sponsor visas for physician learners' and describes only the ECFMG-sponsored J-1 route. The registry's 2025-cycle values (J-1 through ECFMG; J1 Yes; H1B No; F1 OPT first year No) agree with the institutional policy and disagree with the newer FREIDA survey. Unresolved; an H-1B-dependent applicant must ask the program directly.",Preserve; do not resolve,YES_WAVE3
1801100155,RISE-NEURO-0196,University of Central Florida/HCA Florida Healthcare (Greater Orlando/Osceola) Program - Adult Neurology,FL,CONFLICT_PRESERVED,conflicts[2],"ACCEPTING-APPLICANTS STATUS: FREIDA's July 2026 survey has field_accepting_current_year = true and field_accepting_next_year = false. The registry, built on the 2025-06-25 survey, recorded the exact inverse - 'FREIDA: not accepting current year; accepting next year'. Both are the program's own answers in different cycles; the 2026 answer is the current one. The semantics of 'current year' shift with the survey date, so this is a cycle artefact rather than a substantive contradiction, but it is recorded because a reader comparing the registry to FREIDA today would see a flat contradiction.",Preserve; do not resolve,YES_WAVE3
1801100155,RISE-NEURO-0196,University of Central Florida/HCA Florida Healthcare (Greater Orlando/Osceola) Program - Adult Neurology,FL,CONFLICT_PRESERVED,conflicts[3],"FACULTY COUNT: three different numbers exist for the same program - 0 (FREIDA 2026 field_total_physician and field_ratio_ft_faculty '0.00', which are null sentinels), 10 (registry, from the 2025 survey cycle, with a stated faculty:resident ratio of 0.60:1 and 11.10% female faculty), and 17 unique named physicians on the program's own published faculty page. None of these is necessarily wrong: FREIDA's is unanswered, the registry's is an earlier-cycle core-faculty count, and the page count includes community and VA faculty who may not all hold core-faculty designation. No single number is asserted as the faculty size.",Preserve; do not resolve,YES_WAVE3
1801100155,RISE-NEURO-0196,University of Central Florida/HCA Florida Healthcare (Greater Orlando/Osceola) Program - Adult Neurology,FL,CONFLICT_PRESERVED,conflicts[4],DEMOGRAPHIC MIX ACROSS CYCLES: registry (2025 survey) US MD 43.8% / DO 18.8% / IMG 37.5%; FREIDA (2026 survey) US MD 37.5% / DO 12.5% / IMG 50.0%. On a 16-person body that is 7/3/6 versus 6/2/8. Both are the program's own self-reports in successive cycles. The 2026 figures are used; the 2025 figures are preserved because the shift is large enough that a reader should know the composition is not stable.,Preserve; do not resolve,YES_WAVE3
1801100155,RISE-NEURO-0196,University of Central Florida/HCA Florida Healthcare (Greater Orlando/Osceola) Program - Adult Neurology,FL,CONFLICT_PRESERVED,conflicts[5],"SALARY: the program's own residency page publishes a table headed 'Salary AY 25-26' (PGY-1 $61,942 plus $950 meals) while UCF's institutional page publishes a '2026-2027 GME Physician Learner Salary Schedule' giving $64,744 at PGY-1 for the Osceola/Kissimmee site. These are not contradictory - they are consecutive academic years - but the program page does not say it is historical, so a reader taking the program page at face value in September 2026 would understate current pay by about $2,800.",Preserve; do not resolve,YES_WAVE3
1801100155,RISE-NEURO-0196,University of Central Florida/HCA Florida Healthcare (Greater Orlando/Osceola) Program - Adult Neurology,FL,CONFLICT_PRESERVED,conflicts[6],"INTERVIEWS CONDUCTED: registry recorded 48 (from the 2025 survey and matching FREIDA's 2022, 2023 and 2024 history entries); FREIDA's 2026 survey records field_interviews_conducted = 60 and its history array shows the 2025 entry at 60/4. The count appears to have returned to 60 after three years at 48. Both preserved; 60 is the current figure.",Preserve; do not resolve,YES_WAVE3
1801100155,RISE-NEURO-0196,University of Central Florida/HCA Florida Healthcare (Greater Orlando/Osceola) Program - Adult Neurology,FL,CONFLICT_PRESERVED,conflicts[7],"ADMINISTRATIVE CONTACT: three names attach to the same program office and the same telephone number (407) 518-2751 - Kelly Roman (named as program administrator on the program page, and listed in FREIDA as both program contact and the director's contact email), Alice Gordon (the program contact NRMP publishes), and Jessica Pena (named in an aggregator snippet). The program page also gives (321) 697-1732 for Kelly Roman while FREIDA and NRMP give (407) 518-2751. Not material to the dossier's substance but recorded rather than silently resolved.",Preserve; do not resolve,YES_WAVE3
1801100155,RISE-NEURO-0196,University of Central Florida/HCA Florida Healthcare (Greater Orlando/Osceola) Program - Adult Neurology,FL,CONFLICT_PRESERVED,conflicts[8],"PRELIMINARY POSITIONS: the registry recorded 'Offers Preliminary Positions: Yes'; FREIDA's 2026 survey records field_offers_preliminary_positio = false. The program's own FAQ resolves this in favour of the 2026 value in substance - it is a four-year categorical program whose PGY-1 year is internal to it, and NRMP lists no preliminary track under 1587180. The registry's 'Yes' most likely reflected a survey answer about the PGY-1 internal medicine year being part of the program rather than about offering separately matched preliminary positions.",Preserve; do not resolve,YES_WAVE3
1801100155,RISE-NEURO-0196,University of Central Florida/HCA Florida Healthcare (Greater Orlando/Osceola) Program - Adult Neurology,FL,CONFLICT_PRESERVED,conflicts[9],"PROGRAM OFFICE ZIP: the registry stored 34741-4998; FREIDA's program node and program-director paragraph both give 34741-4989; the program contact paragraph gives 34771. Trivial, but three different values exist for one address.",Preserve; do not resolve,YES_WAVE3
1801100155,RISE-NEURO-0196,University of Central Florida/HCA Florida Healthcare (Greater Orlando/Osceola) Program - Adult Neurology,FL,RETRACTED,conflicts[10],STEP 2 TIMING - RETRACTED BY ADVERSARIAL REVIEW (2026-09-12T16:59:44Z). Original benign coding rested on the FREIDA field family that renders no visible row. The rendered page says Step 2 CK must be passed for interview consideration. Re-coded PUBLISHED_SOURCES_CONFLICT.,SUPERSEDES the original assertion; do NOT ingest the retracted value,YES_WAVE3
1801100155,RISE-NEURO-0196,University of Central Florida/HCA Florida Healthcare (Greater Orlando/Osceola) Program - Adult Neurology,FL,RETRACTED,conflicts[11],"HISTORICAL SOAP - RETRACTED BY ADVERSARIAL REVIEW (2026-09-12T16:59:44Z): NRMP does publish program-level quota/filled tables; a 2023 unfilled event (4 offered, 3 filled) was missed.",SUPERSEDES the original assertion; do NOT ingest the retracted value,YES_WAVE3
1801100156,RISE-NEURO-0080,Larkin Community Hospital Program,FL,CONFLICT,domain:3_step1_policy,"The program's own page states 'Either USMLE or COMLEX is acceptable; USMLE is not required', while FREIDA's field_do_usmle_req_ind is true (registry rendered it as 'DO Step 1 Required: Yes'). Separately, the 2026 FREIDA survey no longer flags a Step-1-passed requirement at all while flagging Step 2 CK - a reversal from the 2025 survey the registry was built on. Neither side is discarded.",Preserve both readings; do not project a single value,YES_WAVE1
1801100156,RISE-NEURO-0080,Larkin Community Hospital Program,FL,CONFLICT,domain:5_step2_timing,"UNRESOLVED after adversarial review. The program's own application page asks for Step 2 'if available' and schedules interviews 1 Nov - 31 Dec, which implies no interview-stage gate. But FREIDA renders 'Must Have Passed USMLE Step 2 CK => Yes' for this program, and Step 1 renders '--' on the same page, so the 'Yes' is a deliberate answer rather than a default. Both readings are primary-tier; preserve both and confirm with the coordinator.",Preserve both readings; do not project a single value,YES_WAVE1
1801100156,RISE-NEURO-0080,Larkin Community Hospital Program,FL,CONFLICT,domain:7_yog_limit,"FREIDA and the registry both report 'no cap on years since graduation', which reads as a permissive program. The program's own page adds an uncaptured screen - a mandatory Step 3/COMLEX-3 pass for anyone more than 1 year post-graduation. These are not strictly contradictory but the FREIDA-only reading materially understates the barrier for any non-current-year graduate.",Preserve both readings; do not project a single value,YES_WAVE1
1801100156,RISE-NEURO-0080,Larkin Community Hospital Program,FL,CONFLICT_PRESERVED,conflicts[0],"*** DEFINING-HAZARD CONFLICT ENTRY: WHAT DISTINGUISHES THE TWO LARKIN ADULT NEUROLOGY PROGRAMS. *** WHAT I ESTABLISHED: ACGME 1801100156 (South Miami) and ACGME 1801100158 (Palm Springs Campus, Hialeah) are two separate, separately accredited residency programs with separate approved complements, separate NRMP codes, separate program directors, separate coordinators, separate resident rosters and separate published eligibility rules. The decisive evidence is the one the ticket asked for and it was found: TWO LIVE NRMP CODES PUBLISHED SIDE BY SIDE, each cross-walked by NRMP itself to a distinct ACGME ID - 'NRMP CODE 1481180C0 / ACGME CODE 1801100156' under Institution Code 1481 with Program Director Wilson Cueva at 7031 SW 62nd Ave, South Miami, versus 'NRMP CODE 2238180C0 / ACGME CODE 1801100158' under institution slug 2238 with Program Director Kester Nedd at 1475 W 49th Place, Hialeah. Both are 'Active' and 'participating in the Match'. This is reinforced by two separate FREIDA program nodes carrying INDEPENDENTLY COMPLETED 2026 surveys received on different dates (2026-06-16 vs 2026-07-21) that diverge across roughly forty substantive fields - including opposite answers on moonlighting, PGY-1 night float, paid leave (20 days vs 0), disability and group-life benefits, chair-letter requirement, and, most tellingly, eligibility: 156 reports NO cap on years since graduation while 158 reports a 5-year cap plus a clinical-experience expectation. Each program independently reports a complement of 4 per year and 16 total, so Larkin Health System operates 32 approved adult neurology positions across two programs rather than 16 double-counted. Each publishes its own resident roster with different named people. Larkin's own ACGME programs page lists Neurology twice, once under ",Preserve; do not resolve,YES_WAVE1
1801100156,RISE-NEURO-0080,Larkin Community Hospital Program,FL,CONFLICT_PRESERVED,conflicts[1],"RESIDENT CENSUS DENOMINATOR - UNRESOLVED ARITHMETIC. FREIDA's 2026 survey (received 2026-06-16) reports field_pct_female = 35.3 and field_pct_male = 52.9. These are arithmetically impossible on a denominator of 16 but resolve exactly on 17 (6/17 = 35.29%, 9/17 = 52.94%, leaving 2 residents or 11.8% unreported). The program's own roster showed 16 named residents both in the 2026-06-09 Wayback snapshot and live in September 2026. Either a seventeenth resident was in post at the survey date and is not published, or the percentages are approximations. I used the official roster count of 16 as the census and did NOT attempt to reconcile the gap by inferring gender from any resident's name.",Preserve; do not resolve,YES_WAVE1
1801100156,RISE-NEURO-0080,Larkin Community Hospital Program,FL,CONFLICT_PRESERVED,conflicts[2],"LETTERS OF RECOMMENDATION - TWO DIFFERENT REQUIREMENTS PUBLISHED. FREIDA reports field_min_letters_req = 2 (the registry stores 'Minimum LOR: 2'). The program's own application page requires 'Three letters of recommendation, with at least one from a neurologist'. Additionally FREIDA flags field_chair_letter = true, field_faculty_letter = true and field_spec_stand_letter = true - i.e. a DEPARTMENT CHAIR letter is also indicated, which neither the registry nor the program page surfaces. An applicant should plan for three letters including a neurologist and should ask whether a chair letter is genuinely required, because the three sources do not agree and the chair-letter requirement is the most burdensome reading.",Preserve; do not resolve,YES_WAVE1
1801100156,RISE-NEURO-0080,Larkin Community Hospital Program,FL,CONFLICT_PRESERVED,conflicts[3],"STEP 1 VERSUS STEP 2 CK AS THE FLAGGED REQUIREMENT. Between the 2025 and 2026 AMA surveys this program's answers moved from flagging a passed STEP 1 (field_usmle_us_md_pass_1, field_usmle_img_pass_1, field_comlex_do_pass_1 - the basis of the registry's 'Step 1 passed: Yes' values) to flagging a passed STEP 2 CK and COMLEX Level 2-CE instead (field_usmle_us_md_pass_ck, field_usmle_img_pass_ck, field_usmle_do_pass_ck, field_comlex_do_pass_ce all true, with the Step 1 fields now null). The sibling program 1801100158 still flags the Step 1 fields, which confirms these are per-program answers rather than a FREIDA-wide schema change. Meanwhile the program's own page asks for a Step 1 or COMLEX Level 1 score AND a Step 2 score 'if available'. My reading - that a Step 2 CK pass is required but not before review or interview - is recorded at MEDIUM confidence on the requirement and HIGH on the timing, because the timing fields (field_usmle_step2_req_int = false) and the program page agree.",Preserve; do not resolve,YES_WAVE1
1801100156,RISE-NEURO-0080,Larkin Community Hospital Program,FL,CONFLICT_PRESERVED,conflicts[4],"'USMLE IS NOT REQUIRED' VERSUS FREIDA'S DO-USMLE INDICATOR. The program's page states 'Note: Either USMLE or COMLEX is acceptable; USMLE is not required', while FREIDA carries field_do_usmle_req_ind = true, which the registry rendered as 'DO Step 1 Required: Yes'. Both readings preserved. Immaterial to Alejandra, an MD candidate taking USMLE.",Preserve; do not resolve,YES_WAVE1
1801100156,RISE-NEURO-0080,Larkin Community Hospital Program,FL,CONFLICT_PRESERVED,conflicts[5],"ACCEPTING-APPLICATIONS STATUS - REGISTRY INVERTED. The registry records 'FREIDA: not accepting current year; accepting next year'. The 2026-06-16 survey reports the exact opposite: field_accepting_current_year = true, field_accepting_next_year = false. This is the highest-impact registry defect found, because acting on the registry value would have wrongly excluded this program from Alejandra's list.",Preserve; do not resolve,YES_WAVE1
1801100156,RISE-NEURO-0080,Larkin Community Hospital Program,FL,CONFLICT_PRESERVED,conflicts[6],"TEACHING-SITE NETWORK - THE TWO OFFICIAL SOURCES DISAGREE. The program's curriculum page names five teaching hospitals including HCA Florida Kendall Hospital and the Wien Center for Alzheimer's Disease at Mount Sinai, neither of which appears in FREIDA's participating-institution list. FREIDA lists North Shore Hospital Inpatient, Sunrise Medical Group, Palm Beach Neuroscience Institute, South Florida School of Sleep Medicine and Larkin Imaging Diagnostic Center, none of which appears on the current curriculum page. The rotation network has been reorganised; the program's own website is the newer record. A student should not rely on FREIDA's site list for this program.",Preserve; do not resolve,YES_WAVE1
1801100156,RISE-NEURO-0080,Larkin Community Hospital Program,FL,CONFLICT_PRESERVED,conflicts[7],"RESEARCH OPPORTUNITY - PROGRAM PAGE VERSUS FREIDA. The curriculum page states 'Protected time is built into the curriculum for didactics, research, and academic development' and Larkin maintains an institutional Department of Research and Academic Affairs with Faculty-Scholar and Resident-Scholar tracks. FREIDA reports field_research_rotation = 'Not available' with duration 0 and no research track. Both preserved. The honest reading for a student is that no protected research ROTATION exists even if some academic time is claimed.",Preserve; do not resolve,YES_WAVE1
1801100156,RISE-NEURO-0080,Larkin Community Hospital Program,FL,CONFLICT_PRESERVED,conflicts[8],"INTERVIEW WINDOW - MINOR DISAGREEMENT. The program page says interviews are 'typically held on Fridays in November, December, and January'; FREIDA's 2026 survey bounds the current-year interview period at 2026-11-01 to 2026-12-31, with no January. Immaterial to the Step 2 timing conclusion, but a student planning travel should confirm whether January dates exist.",Preserve; do not resolve,YES_WAVE1
1801100156,RISE-NEURO-0080,Larkin Community Hospital Program,FL,CONFLICT_PRESERVED,conflicts[9],SALARY PAYER - DIRECT CONTRADICTION. The registry records 'Salary Paid By: Non-profit institution'; the program's own 2026 survey answer is field_salary_paid_nonprofit = 'No'. The program's newer self-report is preferred and is consistent with Larkin Community Hospital's for-profit ownership.,Preserve; do not resolve,YES_WAVE1
1801100156,RISE-NEURO-0080,Larkin Community Hospital Program,FL,CONFLICT_PRESERVED,conflicts[10],"NMSS DESIGNATION - CLAIM UNVERIFIED AND THEREFORE NOT MADE. Web search results asserted that the Boca Raton MS office with Brian Steingo, MD is 'designated as Partners in MS Care' by the National MS Society. The National MS Society's own Partners in MS Care page, when fetched, returned truncated content and did not name the centre, Dr Steingo, or any readable provider directory. No awarding-body page stating the designation in those words was opened, so the designation is NOT reported anywhere in this dossier. Only the narrower verifiable fact is stated: Dr Steingo personally 'serves as Chairman of the Professional Advisory Committee for the South Florida Chapter of the National Multiple Sclerosis Society', per the program's own faculty page. A personal committee chairmanship is not an institutional care-centre designation, and neither belongs to Larkin or to this residency.",Preserve; do not resolve,YES_WAVE1
1801100156,RISE-NEURO-0080,Larkin Community Hospital Program,FL,CONFLICT_PRESERVED,conflicts[11],"POSITIONS OFFERED PER YEAR - APPROVED FIGURE VERSUS OBSERVED COHORTS. Both the program and FREIDA state 4 first-year positions, yet the official roster shows cohorts of 4 (PGY-1), 3 (PGY-2), 5 (PGY-3) and 4 (PGY-4). The PGY-3 cohort of five exceeds the stated per-year figure. Quarantined aggregator sites separately asserted 5 positions filled in 2024, 3 in 2025 and 4 in 2026, which would map onto the observed cohorts exactly - but aggregators are not cited as authority, so the honest primary-source finding is simply that actual cohort sizes have varied from the approved per-year figure and the reason is not published.",Preserve; do not resolve,YES_WAVE1
1801100156,RISE-NEURO-0080,Larkin Community Hospital Program,FL,RETRACTED,conflicts[12],HISTORICAL SOAP - RETRACTED BY ADVERSARIAL REVIEW (2026-09-12T15:46:49Z). Originally 'no per-program fill data retrievable'. NRMP in fact prints quota 4 / filled 3 for 1481180C0 at appointment year 2022. The original dossier also quarantined correct NRMP figures as aggregator fabrication. Corrected.,SUPERSEDES the original assertion; do NOT ingest the retracted value,YES_WAVE1
1801100156,RISE-NEURO-0080,Larkin Community Hospital Program,FL,DOWNGRADED,conflicts[13],"STEP 2 TIMING - DOWNGRADED BY ADVERSARIAL REVIEW (2026-09-12T15:46:49Z). Originally NO_PUBLISHED_INITIAL_REVIEW_BARRIER. FREIDA renders 'Must Have Passed USMLE Step 2 CK => Yes' (Step 1 renders '--', so the Yes is deliberate). Re-coded PUBLISHED_SOURCES_CONFLICT with barrier=null; the program's own 'if available' language is preserved as the other side.",Adversarial correction supersedes the original; ingest the corrected state,YES_WAVE1
1801100157,RISE-NEURO-0045,Florida Atlantic University Charles E. Schmidt College of Medicine Program — Neurology,FL,CONFLICT,domain:7_yog_limit,"Program FAQ: 'There is no cutoff.' FREIDA (two consecutive survey cycles, 2025 and 2026): three years since graduation. Neither source was silently discarded. The program's own applicant-facing FAQ outranks FREIDA in the contract's source hierarchy, but FREIDA's answer is the program's own survey response to the AMA, which makes this a genuine internal inconsistency on the program's side rather than a third-party error.",Preserve both readings; do not project a single value,YES_WAVE2
1801100157,RISE-NEURO-0045,Florida Atlantic University Charles E. Schmidt College of Medicine Program — Neurology,FL,CONFLICT_PRESERVED,conflicts[0],"YEARS SINCE GRADUATION. The program's own applicant FAQ states 'There is no cutoff. If you are not a recent graduate, documentation of recent clinical work and clinical letters of support are recommended.' FREIDA reports field_years_since_graduation = 3 with field_years_since_graduation_na = false, and reported the identical value in the archived survey_2025 record that the registry hydrated as 'Medical School Graduation Timeline: 3'. Both sides are the program's own statements to different audiences, which makes this an internal inconsistency on the program's side rather than a third-party error. Not resolved: a re-applicant or delayed graduate should treat the three-year figure as a live possibility despite the FAQ. Irrelevant to a June 2027 graduate.",Preserve; do not resolve,YES_WAVE2
1801100157,RISE-NEURO-0045,Florida Atlantic University Charles E. Schmidt College of Medicine Program — Neurology,FL,CONFLICT_PRESERVED,conflicts[1],"STEP REQUIREMENT BOOLEANS. FREIDA reports field_usmle_step_1_required = false and field_usmle_step_2_required = false in BOTH the 2025 and 2026 survey cycles, and field_usmle_step1_req_int = false and field_usmle_step2_req_int = false. The program's own pages state 'Passing USMLE Step 1 or COMLEX Level 1 score to apply' and 'A passing Step 2 or COMLEX 2 score is required to be ranked.' The FREIDA booleans appear to encode whether a minimum SCORE is required rather than whether a PASS is required; reading them as 'Step 1 and Step 2 are not required' would be a serious error. Resolved in favour of the program pages, with the FREIDA values preserved here.",Preserve; do not resolve,YES_WAVE2
1801100157,RISE-NEURO-0045,Florida Atlantic University Charles E. Schmidt College of Medicine Program — Neurology,FL,CONFLICT_PRESERVED,conflicts[2],"PARTICIPATING SITE LIST. FREIDA's participating institutions for this program are Boca Raton Regional Hospital, Delray Medical Center, Pediatric Neurologists of Palm Beach Gardens and FAU Charles E. Schmidt College of Medicine. The program's own teaching-hospitals page names Boca Raton Regional Hospital, Delray Medical Center and St. Mary's Medical Center — and identifies St. Mary's, not Pediatric Neurologists of Palm Beach Gardens, as the site of the pediatric neurology requirement. Meanwhile the program's faculty page lists three physicians under the heading 'Pediatric Neurologists of Palm Beach'. The most coherent reading is that the pediatric neurology rotation involves both a Tenet hospital site (St. Mary's) and a named pediatric neurology practice group, and that FREIDA and the program page each list only part of that arrangement. Both lists preserved; neither discarded.",Preserve; do not resolve,YES_WAVE2
1801100157,RISE-NEURO-0045,Florida Atlantic University Charles E. Schmidt College of Medicine Program — Neurology,FL,CONFLICT_PRESERVED,conflicts[3],"FAU GME CONSORTIUM VERSUS NEUROLOGY TEACHING SITES. FAU's GME page states the FAU Consortium for Graduate Medical Education consists of Boca Raton Regional Hospital, Bethesda Hospital East, Delray Medical Center, St. Mary's Medical Center and West Boca Medical Center. The neurology residency's own teaching-hospitals page lists only BRRH, Delray and St. Mary's. Bethesda Hospital East and West Boca Medical Center are therefore consortium members that this neurology residency does not use — a distinction that matters because the orchestrator's tasking raised Bethesda Hospital East as a candidate neurology site. The West Palm Beach VA Medical Center appears in neither list and is not a site for this program.",Preserve; do not resolve,YES_WAVE2
1801100157,RISE-NEURO-0045,Florida Atlantic University Charles E. Schmidt College of Medicine Program — Neurology,FL,CONFLICT_PRESERVED,conflicts[4],"MS PROGRAM DIRECTOR'S NAME. A Baptist Health article dated 2024-04-05 names 'Amy Yu, MD, director of the Multiple Sclerosis and Neuroimmunology program at Marcus Neuroscience Institute'. A Baptist Health article dated 2025-03-28 and the current official Baptist Health physician profile both name 'Amy Wei-Hsin Laitinen, M.D.' in the identical role at the identical institute, and a patient review on her own profile addresses her as 'Dr. Yu Laitinen'. I read these as one physician under a changed surname and have not silently merged the records. No institutional statement of a name change was found.",Preserve; do not resolve,YES_WAVE2
1801100157,RISE-NEURO-0045,Florida Atlantic University Charles E. Schmidt College of Medicine Program — Neurology,FL,CONFLICT_PRESERVED,conflicts[5],"FREIDA OUTPATIENT TRAINING PERCENTAGES. FREIDA reports field_training_outpatient_clinic = 0 and field_train_ambulatory_nonhospit = 0 (the registry's 'Hospital outpatient: 0%; Non-hospital ambulatory care: 0%'). This is irreconcilable with a published curriculum containing an Outpatient Continuity Clinic in each of PGY-2, PGY-3 and PGY-4 plus dedicated outpatient epilepsy, neuromuscular and movement disorders clinics. These are unanswered fields rendered as zeros and must not be read as an absence of outpatient training.",Preserve; do not resolve,YES_WAVE2
1801100157,RISE-NEURO-0045,Florida Atlantic University Charles E. Schmidt College of Medicine Program — Neurology,FL,CONFLICT_PRESERVED,conflicts[6],"FELLOWSHIP CREDENTIALS OF THE MOVEMENT DISORDERS DIRECTOR. FAU's faculty page describes Sameea Husain Wilson, D.O. as 'Fellowship trained in Movement Disorders'. Her official Baptist Health credentials block records only 'Fellowship, Neurology, 2012' without naming the subspecialty. The two are compatible and the substance (a movement disorders fellowship completed in 2012) is not in doubt, but the fellowship institution is not published by either source.",Preserve; do not resolve,YES_WAVE2
1801100157,RISE-NEURO-0045,Florida Atlantic University Charles E. Schmidt College of Medicine Program — Neurology,FL,CONFLICT_PRESERVED,conflicts[7],"APPLICATION DEADLINE. Program FAQ: 'The deadline for application is November 15th.' Registry: 'Application Deadline: 2025-10-15'. FREIDA's field_latest_date_current_year is null in the 2026 cycle and field_univ_spec_app_date_use is true, meaning the program tells the AMA it uses the specialty's universal application date. The program's own published date should govern.",Preserve; do not resolve,YES_WAVE2
1801100157,RISE-NEURO-0045,Florida Atlantic University Charles E. Schmidt College of Medicine Program — Neurology,FL,CONFLICT_PRESERVED,conflicts[8],"LETTER-OF-RECOMMENDATION MINIMUM. Program apply page: '3-4 letters recent letters of recommendation'. FREIDA 2026: field_min_letters_req = 2, field_max_letters_req = 4. Archived FREIDA 2025 and the registry: minimum 3. Three different minima across three sources and two cycles. Plan to the program page's 3-4.",Preserve; do not resolve,YES_WAVE2
1801100157,RISE-NEURO-0045,Florida Atlantic University Charles E. Schmidt College of Medicine Program — Neurology,FL,DOWNGRADED,conflicts[9],"FREIDA CORRUPTION SCOPE - DOWNGRADED BY ADVERSARIAL REVIEW (2026-09-12T15:48:06Z). This dossier stated the Arkansas corruption was 'confined to the program node's address field'. Reviewer B confirmed the root-cause finding in full (2026-02-12 snapshot titled '... | Jonesboro, AR | 1801100157'; node field_address {US, AR, Jonesboro}; Boca Raton teaching site correct on the same page; AMA since corrected to {FL, Boca Raton, 33431-6424}; and ACGME 1400400541 = St Bernards Medical Center Internal Medicine, 225 E Washington Ave, Jonesboro AR) - but found the corruption ALSO present in the field_program_director paragraph, which is where the street address itself originated. The conclusion is unaffected; the stated scope was too narrow.",Adversarial correction supersedes the original; ingest the corrected state,YES_WAVE2
1801100157,RISE-NEURO-0045,Florida Atlantic University Charles E. Schmidt College of Medicine Program — Neurology,FL,CONFLICT_PRESERVED,conflicts[10],"DNV COMPREHENSIVE STROKE CERTIFICATION - CONFLICT_ADDED BY ADVERSARIAL REVIEW (2026-09-12T15:48:06Z). The DNV GL certification date 2020-07-27 is cited only to a 2020 press release; no current-status check against DNV's own register was performed, and DNV's register returned 403 to reviewers elsewhere in this campaign. Treat current certification status as unverified rather than current.",Preserve; do not resolve,YES_WAVE2
1801100158,RISE-NEURO-0079,Larkin Community Hospital Palm Springs Campus Program,FL,CONFLICT_PRESERVED,conflicts[0],"THE TWO-LARKIN IDENTITY QUESTION - ESTABLISHED, WITH RESIDUALS NAMED. This ticket's defining hazard was whether ACGME 1801100158 ('Larkin Community Hospital Palm Springs Campus Program', Hialeah) and ACGME 1801100156 ('Larkin Community Hospital Program', South Miami) are two real programs or one department under two accreditations. WHAT I ESTABLISHED, on seven independent lines of evidence: they are TWO SEPARATE ACCREDITATIONS WITH SEPARATE SPONSORING INSTITUTIONS, SEPARATE COMPLEMENTS, SEPARATE NRMP CODES, SEPARATE PROGRAM DIRECTORS, SEPARATE COORDINATORS, SEPARATE FACULTY ROSTERS, SEPARATE RESIDENT ROSTERS, SEPARATE CURRICULA AND LARGELY SEPARATE CLINICAL NETWORKS - administered by one shared Larkin Health System GME office. The decisive item is the Texas-style one the ticket asked for: TWO LIVE NRMP PROGRAM CODES PUBLISHED SIDE BY SIDE in NRMP's own directory - 2238180C0 (institution code 2238, Hialeah, ACGME 1801100158, PD Kester Nedd, Active) and 1481180C0 (institution code 1481, South Miami, ACGME 1801100156, PD Wilson Cueva, Active). Different institution codes AND different program codes. Corroborated by: separate field_sponsor_institution values in FREIDA's relationship graph (Larkin Community Hospital Palm Springs Campus, institution 119718, versus Larkin Community Hospital, institution 119101); separate FREIDA program nodes created 2021-02-12 and 2019-10-18; two independently completed 2026 surveys received 2026-07-21 and 2026-06-16 that disagree on DO share, IMG share, moonlighting, YOG limit and interview volume; two fully parallel six-page sets on the shared GME site ('-psc' suffixed versus unsuffixed); Larkin's own institutional program list showing Neurology exactly once under each campus; and a near-disjoint participating-site network with only North Sh",Preserve; do not resolve,YES_WAVE1
1801100158,RISE-NEURO-0079,Larkin Community Hospital Palm Springs Campus Program,FL,CONFLICT_PRESERVED,conflicts[1],"STEP 2 CK TIMING - AN INTERNAL FREIDA CONTRADICTION, PRESERVED. Within the single survey record received 2026-07-21, field_usmle_us_md_pass_ck, field_usmle_img_pass_ck and field_comlex_do_pass_ce are all TRUE and are rendered on FREIDA's public page under the heading 'Medical Exam Licensing Requirements for Interview Consideration', while field_usmle_step2_req_int and field_usmle_step1_req_int are both FALSE. On a plain reading of the field names these contradict each other. I weighted the rendered public page - which is what an applicant actually sees, and which explicitly attaches the requirement to interview consideration - and coded REQUIRES_STEP2_BEFORE_INTERVIEW at MEDIUM confidence, but both readings are preserved. A third field pair (field_usmle_step_1_required / field_usmle_step_2_required, both false) renders as the single line 'Requires the USMLE Step 1 and/or Step 2 CK | No' positioned after the DO block and is the DO-USMLE question (field_do_usmle_req_ind=false); misreading that line as a general Step 2 waiver is the specific trap here, and it is a trap the registry fell into by capturing only the Step 1 rows of that block. The program's own Application Process page publishes no examination requirement at all and so neither corroborates nor contradicts FREIDA.",Preserve; do not resolve,YES_WAVE1
1801100158,RISE-NEURO-0079,Larkin Community Hospital Palm Springs Campus Program,FL,CONFLICT_PRESERVED,conflicts[2],"PROGRAM COORDINATOR - THREE NAMES, ONE MAILBOX. The program's own current page names 'Christopher Rivera'; FREIDA's 2026-07-21 survey names 'Gissel Arregui' (garregui@larkinhospital.com); a secondary aggregator named 'Carolina De La Cruz'. The role mailbox neurcoordpsc@larkinhospital.com is constant across the program page and FREIDA's PD record. Most likely coordinator turnover with a stable role mailbox. Reported as Christopher Rivera on the program's own authority, conflict preserved, and applicants directed to the role mailbox.",Preserve; do not resolve,YES_WAVE1
1801100158,RISE-NEURO-0079,Larkin Community Hospital Palm Springs Campus Program,FL,CONFLICT_PRESERVED,conflicts[3],"SALARY PAYER - FREIDA CONTRADICTS ITSELF. The rendered page states 'Salary paid by a non-profit institution.' while the underlying survey field reads field_salary_paid_nonprofit='No'. The registry followed the rendered text and stored 'Salary Paid By: Non-profit institution'. Because the two disagree within one source, the payer is treated as unestablished. No salary figure is published either way.",Preserve; do not resolve,YES_WAVE1
1801100158,RISE-NEURO-0079,Larkin Community Hospital Palm Springs Campus Program,FL,CONFLICT_PRESERVED,conflicts[4],"BOARD-PASS-RATE EVALUATION METHOD - FREIDA CONTRADICTS ITSELF. field_program_evaluation_2019 still contains the string 'Graduates board certification pass rates' while the rendered public page reports 'No' against that same item. Both readings preserved; neither produces an actual pass rate, which remains unpublished.",Preserve; do not resolve,YES_WAVE1
1801100158,RISE-NEURO-0079,Larkin Community Hospital Palm Springs Campus Program,FL,CONFLICT_PRESERVED,conflicts[5],"ACCEPTING NEXT YEAR - A FORWARD-LOOKING FLAG I COULD NOT INTERPRET. field_accepting_current_year=true (matching the live 'ACCEPTING APPLICATIONS' badge, and covering the 2026-2027 cycle Alejandra would apply in) but field_accepting_next_year=FALSE, superseding the registry's 'accepting next year'. The sibling South Miami program's 2026 survey carries the identical pair, which points to a Larkin-wide answering pattern rather than a program-specific decision. I could not establish the operational meaning and deliberately did not speculate. Flagged for direct verification.",Preserve; do not resolve,YES_WAVE1
1801100158,RISE-NEURO-0079,Larkin Community Hospital Palm Springs Campus Program,FL,CONFLICT_PRESERVED,conflicts[6],"PRIMARY TEACHING SITE IMAGING FLAGS - A LOW-CONFIDENCE DATA POINT THAT WOULD MATTER IF TRUE. FREIDA's institutional record for Larkin Community Hospital Palm Springs Campus (institution 119718) reports field_mri=False and field_positron_emission=False, while the record for Larkin Community Hospital South Miami (institution 119101) - a participating site for this program - reports both as True. For a neurology residency an absence of MRI at the primary teaching site would be significant. FREIDA institutional facility flags are frequently incomplete, and this contradicts nothing the program itself publishes because the program publishes nothing about imaging. Recorded at LOW confidence as a question for the program, not as an established deficiency.",Preserve; do not resolve,YES_WAVE1
1801100158,RISE-NEURO-0079,Larkin Community Hospital Palm Springs Campus Program,FL,CONFLICT_PRESERVED,conflicts[7],"RESIDENT / FACULTY NAME COLLISION, NOT RESOLVED. 'Dr. Syed Naqvi' is listed as a PGY-2 resident on this program's roster, while 'Sayed Naqvi, M.D.' appears on the SIBLING South Miami program's 22-member faculty page. These may be two different people with a common name, or a data error on one of the two pages. I did not conflate them and draw no conclusion.",Preserve; do not resolve,YES_WAVE1
1801100158,RISE-NEURO-0079,Larkin Community Hospital Palm Springs Campus Program,FL,CONFLICT_PRESERVED,conflicts[8],"GRADUATING COHORT SIZES DO NOT MATCH THE COMPLEMENT. The alumni page shows 1 graduate in 2022-23, 6 in 2023-24 and 4 in 2024-25, against 4 positions per year. FREIDA records field_beyond_accredited_length=false, which argues against routine extended training. Consistent explanations include off-cycle entries or advanced-level transfers during the program's build-out - supported by FREIDA's historical interview data (0 interviews in 2020 and 2021, then 90, 90, 60, 40) and the FREIDA node creation date of 2021-02-12 - but I cannot determine which applies and do not guess. Separately, no 2025-2026 graduating cohort is listed as of September 2026 although the current roster shows a full PGY-4, so the alumni page appears one cycle behind.",Preserve; do not resolve,YES_WAVE1
1801100158,RISE-NEURO-0079,Larkin Community Hospital Palm Springs Campus Program,FL,CONFLICT_PRESERVED,conflicts[9],"REGISTRY CURRICULUM BLOCK - SIX 'YES' VALUES NOW ANSWERED 'NO'. The registry recorded Yes for Medical Spanish Curriculum, Healthcare Economics Curriculum, Debt Counseling, Resident Retreats, Step 3/COMLEX Level 3 Support and Global Health Experience. The program's own 2026-07-21 survey answers No to all six. This is a cycle-over-cycle change rather than a source disagreement, but the scale of it - six reversals in one FREIDA block - means the registry's curriculum picture for this program should be treated as wholesale superseded rather than patched.",Preserve; do not resolve,YES_WAVE1
1801100159,RISE-NEURO-0109,Memorial Healthcare System (Hollywood Florida) Program,FL,CONFLICT_PRESERVED,conflicts[0],STEP 1 REQUIREMENT WORDING. The program's own admissions page marks 'USMLE +/- COMLEX Step 1 (required)' while FREIDA's 2026 survey sets field_usmle_step_1_required = false and field_usmle_step1_req_int = false. Both preserved. The companion field field_usmle_us_md_pass_1 = true (a passing Step 1 is required) indicates this is a FREIDA question-wording artifact — 'required' in FREIDA appears to mean 'score required for consideration' — rather than a genuine policy disagreement. The program's own page is treated as operative.,Preserve; do not resolve,YES_WAVE2
1801100159,RISE-NEURO-0109,Memorial Healthcare System (Hollywood Florida) Program,FL,CONFLICT_PRESERVED,conflicts[1],"STEP 2 REQUIREMENT AS STORED IN THE REGISTRY. Registry: 'US MD Step 2 Required: Yes' and 'IMG Step 2 Required: Yes'. FREIDA 2026: field_usmle_step_2_required = false, field_usmle_step2_req_int = false, with field_usmle_us_md_pass_ck = true and field_usmle_img_pass_ck = true. The registry value is a rendering of the pass boolean, not of the requirement boolean, and carries no timing information. Both sides preserved; the distinction is load-bearing for a late-Step-2 applicant.",Preserve; do not resolve,YES_WAVE2
1801100159,RISE-NEURO-0109,Memorial Healthcare System (Hollywood Florida) Program,FL,CONFLICT_PRESERVED,conflicts[2],INTERVIEW FORMAT. FREIDA 2026 (the program's own survey answer): field_interview_type = 1 and field_video_interview = false; registry: 'In Person'. At least one aggregator asserts that 'applicant interviews are conducted virtually'. The aggregator is quarantined per the source hierarchy and the contradiction is recorded rather than resolved in its favour.,Preserve; do not resolve,YES_WAVE2
1801100159,RISE-NEURO-0109,Memorial Healthcare System (Hollywood Florida) Program,FL,CONFLICT_PRESERVED,conflicts[3],"PGY-1 SALARY. MHS GME Benefits page: $61,755.20. FREIDA 2026 field_first_year_salary: 61734. A $21.20 difference between two official sources, most likely a rounding or effective-date artifact. PGY-2 through PGY-4 agree to the dollar across both sources. Both figures recorded; neither discarded.",Preserve; do not resolve,YES_WAVE2
1801100159,RISE-NEURO-0109,Memorial Healthcare System (Hollywood Florida) Program,FL,CONFLICT_PRESERVED,conflicts[4],"BENEFIT COST-SHARING. Registry (2025 survey cycle): Major medical residents, Major medical dependents, Dental, Disability, Inpatient mental health and Outpatient mental health all 'Fully Paid by Institution'. FREIDA 2026 survey (received 2026-06-30): all six 'Institution & Resident Share Cost'. Only Group life remains 'Fully Paid by Institution' in both. Both preserved; the 2026 cycle is treated as current because it is a full survey cycle newer.",Preserve; do not resolve,YES_WAVE2
1801100159,RISE-NEURO-0109,Memorial Healthcare System (Hollywood Florida) Program,FL,CONFLICT_PRESERVED,conflicts[5],"RESEARCH OPPORTUNITY. FREIDA 2026: field_research_rotation = 'Not available', field_research_rotation_duration = 0. The program's own welcome page: 'Our Office of Human Research will assist residents with the development of research projects and submission to the IRB.' These are reconcilable rather than contradictory — institutional research support without a protected research block — but both are recorded because the registry's 'Research Rotation: Optional' sits between them and matches neither.",Preserve; do not resolve,YES_WAVE2
1801100159,RISE-NEURO-0109,Memorial Healthcare System (Hollywood Florida) Program,FL,CONFLICT_PRESERVED,conflicts[6],"PROGRAM ACCEPTANCE STATUS. Registry: 'accepting current year; accepting next year'. FREIDA 2026: field_accepting_current_year = true, field_accepting_next_year = FALSE. The NRMP Program Directory simultaneously lists code 2085180C0 as Active. FREIDA does not define the referent year for these booleans on its public page, so the change is recorded without being interpreted as a cycle closure. Flagged for direct confirmation with the program.",Preserve; do not resolve,YES_WAVE2
1801100159,RISE-NEURO-0109,Memorial Healthcare System (Hollywood Florida) Program,FL,CONFLICT_PRESERVED,conflicts[7],"FACULTY ROSTER MEMBERSHIP. The residency faculty page (lastmod 2026-05-07) lists Shirley Chen DO, Brijesh Mehta MD and Fawad Yousuf MD among neurology faculty; none appears in the institution's current Memorial Division of Neurology provider cross-links, and Shirley Chen's own profile now reads 'Memorial Division of Critical Care'. Conversely the live provider directory includes Casey Young MD, Axel Baez-Lugo MD, Vineet Nadkarni MD, Sydney Oraham MD and Amina Rivero-Barba PsyD, none of whom appears on the faculty page. Both rosters are reported; neither is discarded, and the movement-disorders assessment in domain 16 turns on precisely this discrepancy.",Preserve; do not resolve,YES_WAVE2
1801100159,RISE-NEURO-0109,Memorial Healthcare System (Hollywood Florida) Program,FL,CONFLICT_PRESERVED,conflicts[8],"NATIONAL MS SOCIETY DESIGNATION, VERIFICATION HALF-COMPLETE. Memorial's own MS Center page states verbatim 'Memorial Neuroscience Institute has been recognized by the National MS Society as a Center for Comprehensive MS Care.' The phrase matches the Society's official top-tier designation name under Partners in MS Care, corroborated by the identical wording in announcements from UNC, UC Davis, UAB and Hackensack Meridian — so the brand-string check on the NAME passes. But nationalmssociety.org serves only a JavaScript shell to non-browser clients and two candidate directory paths returned 404, so Memorial's own listing could NOT be confirmed at the awarding body. Institutional claim and verification gap both preserved; the designation is not upgraded to VERIFIED.",Preserve; do not resolve,YES_WAVE2
1801100159,RISE-NEURO-0109,Memorial Healthcare System (Hollywood Florida) Program,FL,CONFLICT_PRESERVED,conflicts[9],"ALUMNA IDENTITY. The alumni page lists 'Sydney Shaffer, MD — American University of Antigua College of Medicine' in the Class of 2025. The institution's provider directory contains Sydney Oraham, MD with American University of Antigua College of Medicine 2020, 'Residency: Memorial Regional Hospital, 2025, Neurology' and a 2026 UF vascular neurology fellowship. Same first name, same medical school, same program, same graduation year — almost certainly one person under a changed surname, but the program has not published the connection, so this is recorded as a MEDIUM-HIGH identity match rather than as fact. The substantive finding (a 2025 graduate of this program completed a UF vascular neurology fellowship and was hired back) holds regardless of the name question.",Preserve; do not resolve,YES_WAVE2
1801100159,RISE-NEURO-0109,Memorial Healthcare System (Hollywood Florida) Program,FL,CONFLICT_PRESERVED,conflicts[10],"REGISTRY CURRICULUM BOOLEANS. Registry carries four separate Yes values for Integrative Medicine Curriculum, Health Systems Leadership Curriculum, Complementary Medicine Curriculum and Healthcare Economics Curriculum. FREIDA 2026's field_resident_fellow_offer_2019 is a single multi-select list containing 'Integrative medicine curriculum' and the health systems leadership item but no separate complementary medicine or healthcare economics entry. The registry appears to have expanded one or two multi-select selections into four named booleans; two of the four are not separately attested.",Preserve; do not resolve,YES_WAVE2
1801100160,RISE-NEURO-0136,Palmetto General Hospital Program,FL,CONFLICT,domain:4_step2_requirement_minimum,"FREIDA survey cycle received 2025-07-16 (the registry's basis) reports that a US MD applicant must have passed Step 2 CK and that DO applicants must have passed COMLEX Level 2-CE and USMLE Step 2. FREIDA survey cycle received 2026-07-21 reports the opposite for both groups (field_usmle_us_md_pass_ck = false, field_comlex_do_pass_ce = false, field_do_usmle_req_ind = false). IMG Step 2 CK pass requirement is the only element stable across both cycles (true). No program-published page exists to arbitrate.",Preserve both readings; do not project a single value,YES_WAVE1
1801100160,RISE-NEURO-0136,Palmetto General Hospital Program,FL,STALE_NEEDS_REFRESH,domain:6_attempts_policy,"Verbatim from the program's applicant FAQ on pghgme.com, Wayback capture 2020-08-06 (Common Crawl collection): 'Is there a certain score requirement for Step 1/2, Level 1/2? We do not have a certain cutoff for scores in regards to Board exams. We prefer applicants that have successfully passed their board exams on the first attempt, but do not exclude those that haven't. Each applicant will be evaluated on an individual basis and all areas of the application will be taken into consideration.' No numeric attempts cap is stated anywhere. FREIDA's 2026 survey contains no attempts field. No current program page exists to confirm the policy still stands; the host domain now serves only a /lander redirect, so this value is classified STALE_NEEDS_REFRESH rather than VERIFIED. Alejandra passed Step 1 on her first attempt, so on the archived language she would sit inside the stated preference.",Render with a staleness marker or suppress; flag for refresh,YES_WAVE1
1801100160,RISE-NEURO-0136,Palmetto General Hospital Program,FL,CONFLICT_PRESERVED,conflicts[0],"STEP 2 CK / COMLEX LEVEL 2 REQUIREMENT - two FREIDA survey cycles invert each other. The survey received 2025-07-16 (the rise registry's basis) records 'US MD Step 2 passed: Yes', 'US MD Step 2 Required: Yes', 'DO COMLEX Level 2 Required: Yes' and 'DO Step 2 Required: Yes'. The survey received 2026-07-21 records field_usmle_us_md_pass_ck = false, field_comlex_do_pass_ce = false and field_do_usmle_req_ind = false. The IMG rows (field_usmle_img_pass_1, field_usmle_img_pass_ck) are true in both cycles. Same instrument, same program, consecutive cycles, opposite answers for US MD and DO candidates. Unresolvable against a primary source because the program has no working website. Both sides preserved; neither converted into a timing rule.",Preserve; do not resolve,YES_WAVE1
1801100160,RISE-NEURO-0136,Palmetto General Hospital Program,FL,CONFLICT_PRESERVED,conflicts[1],"CORE FACULTY COUNT - a five-fold disagreement between consecutive survey cycles. 2025-07-16 cycle: 5 physician faculty, 2 non-physician faculty, faculty-to-resident ratio 0.60:1. 2026-07-21 cycle: field_total_physician = 1, field_total_non_physician = 0, field_ratio_ft_faculty = '0.10'. One full-time physician faculty member for an eight-position four-year neurology residency would be extraordinary. Two readings survive and neither can be eliminated: a survey data-entry artifact, or a genuine faculty contraction during an ownership transition in which a vendor publicly said the operator was 'significantly behind in payments' and the anesthesia group withdrew. No published faculty roster exists to arbitrate. Note this is the mirror image of the Texas null-sentinel-as-zero defect: here the NEWER figure is the suspect one.",Preserve; do not resolve,YES_WAVE1
1801100160,RISE-NEURO-0136,Palmetto General Hospital Program,FL,CONFLICT_PRESERVED,conflicts[2],"PROGRAM DIRECTOR AND FELLOWSHIP DIRECTOR APPEAR ON ANOTHER INSTITUTION'S FACULTY ROSTER. Larkin Community Hospital's GME site lists 'Ariol Labrada, M.D.' and 'Roberto Sanchez, M.D.' under the heading 'CURRENT DEPARTMENT MEMBERS' of the Larkin neurology department, while FREIDA's survey received 2026-07-21 lists the same two men as Palmetto General's neurology program director and vascular neurology fellowship director, with hsahospitals.com institutional e-mail addresses. Larkin operates two Adult Neurology programs in this metropolitan area, one of them (1801100158) in Hialeah itself, and both are out of scope for this dossier. I verified that neither man is Larkin's program director (Larkin Palm Springs Campus: Kester Nedd DO; Larkin South Miami: Wilson Cueva MD), so a title collision is not the explanation. Concurrent hospital appointment is the most probable reconciliation and is ordinary in South Florida community neurology; a departure from Palmetto cannot be excluded from public evidence, though the July 2026 FREIDA survey with an HSA address argues against it. Personal training histories were taken from the Larkin page because a person's training is a property of the person; no Larkin program, curriculum, roster, faculty-count, subspecialty or designation content was imported.",Preserve; do not resolve,YES_WAVE1
1801100160,RISE-NEURO-0136,Palmetto General Hospital Program,FL,CONFLICT_PRESERVED,conflicts[3],"FREIDA 'ACCEPTING APPLICATIONS' FLAGS INVERT BETWEEN CYCLES. The registry records 'FREIDA: not accepting current year; accepting next year' from the 2025 cycle. The 2026 cycle records field_accepting_current_year = true and field_accepting_next_year = false. The flags are exactly swapped, which suggests respondents interpret 'current year' inconsistently rather than that recruitment genuinely stopped and restarted. The conflict is recorded but is not load-bearing: the program's active recruitment for 2027 rests on AAMC's ERAS 2027 'Participating' row, NRMP's 'Active' directory entry and a 2 of 2 fill in the 2026 Match.",Preserve; do not resolve,YES_WAVE1
1801100160,RISE-NEURO-0136,Palmetto General Hospital Program,FL,CONFLICT_PRESERVED,conflicts[4],"PROGRAM START MONTH. Registry (2025 cycle): June. FREIDA 2026 cycle: July (field_program_start_dates = ['July'], field_start_date_june = null). The sibling Vascular Neurology fellowship at the same institution still reports June. A one-month discrepancy that matters for relocation planning and should be confirmed with the coordinator.",Preserve; do not resolve,YES_WAVE1
1801100160,RISE-NEURO-0136,Palmetto General Hospital Program,FL,CONFLICT_PRESERVED,conflicts[5],"OFFERS PRELIMINARY POSITIONS. Registry: Yes. FREIDA 2026: field_offers_preliminary_positio = false and field_pgy1_pos_type_prelim = false, and NRMP shows no P-suffix code for this institution's neurology program in any appointment year 2021-2026. The 2026 answer is corroborated and the registry value is treated as superseded, but the contradiction is preserved because a reader relying on the registry would wrongly believe a preliminary route exists here.",Preserve; do not resolve,YES_WAVE1
1801100160,RISE-NEURO-0136,Palmetto General Hospital Program,FL,CONFLICT_PRESERVED,conflicts[6],"SALARY PAYER. Registry: 'Non-profit institution'. FREIDA 2026: field_salary_paid_nonprofit = 'No'. CMS: hospital_ownership = 'Proprietary'. FREIDA institution taxonomy: control_type = 'Corporation'. Three-to-one against the registry, and consistent with the for-profit ownership chain - but recorded rather than silently corrected.",Preserve; do not resolve,YES_WAVE1
1801100160,RISE-NEURO-0136,Palmetto General Hospital Program,FL,CONFLICT_PRESERVED,conflicts[7],"COMPREHENSIVE STROKE CENTER CERTIFICATION - claimed but not verifiable against the awarding body. The hospital's neurology page states verbatim that it 'is a Comprehensive Stroke Center' and 'has earned recognition from The Joint Commission and the American Heart Association (AHA)/American Stroke Association (ASA) as meeting The Joint Commission's standards for Comprehensive Stroke Center Certification', adding 'This designation makes Palmetto General Hospital one of 110 hospitals in the nation - one of four in Florida - to receive this accreditation.' The '110 hospitals nationally / four in Florida' figures are characteristic of mid-2010s Tenet-era copy and are almost certainly stale, since far more than 110 US hospitals now hold that certification. The Joint Commission's own Quality Check directory returned HTTP 403 to both its search page and its API, so the certification's CURRENT status could not be checked against the awarding body as contamination guard 8 requires. The claim is quoted and attributed, flagged as unverified against the awarding body, and not restated as a present-tense fact by this dossier.",Preserve; do not resolve,YES_WAVE1
1801100160,RISE-NEURO-0136,Palmetto General Hospital Program,FL,CONFLICT_PRESERVED,conflicts[8],"PROGRAM ACCREDITATION STATUS - unknown, and third-party assertions quarantined. The program's own 2020 FAQ stated 'The program has initial accreditation through the ACGME' and 'We are currently accepting applications through ERAS as an ACGME initial-accredited program' - a 2020 statement about a program founded around 2018. Six years on, a program that has completed multiple cohorts would ordinarily hold Continued Accreditation, but I cannot verify that: ACGME's public program search is reCAPTCHA-gated and was not bypassed, and the public detail endpoint 302-redirects to 'No Results Found' because it keys on an internal ADS identifier rather than the public ACGME ID. Several quarantined aggregators assert accreditation statuses for Palmetto General programs; one such claim of 'Continued' accreditation that surfaced in search related to the SIBLING INTERNAL MEDICINE program 1401100953, not to this program, and is doubly rejected - once as an aggregator accreditation claim and once as cross-program contamination. Current accreditation status for 1801100160 is UNAVAILABLE_DUE_TO_ACCESS_BOUNDARY.",Preserve; do not resolve,YES_WAVE1
1801100160,RISE-NEURO-0136,Palmetto General Hospital Program,FL,CONFLICT_PRESERVED,conflicts[9],"PROGRAM OFFICE SUITE NUMBER. FREIDA: 'Med Education Dept Ste 311'. NRMP program directory: 'GME Suite 311'. Nova Southeastern KPCOM: 'Suite 202'. Minor and non-material, recorded for completeness.",Preserve; do not resolve,YES_WAVE1
1801112154,RISE-NEURO-0203,University of Florida College of Medicine Jacksonville Program - Neurology,FL,CONFLICT_PRESERVED,conflicts[0],"EPILEPSY CENTRE LEVEL - the program overstates its own accreditation. The residency landing page's 'at a glance' panel claims 'Epilepsy Center - Level 4 Epilepsy Center, National Association of Epilepsy Centers'. NAEC's OWN member directory entry for 'UF Health Jacksonville Neuroscience Institute's Comprehensive Epilepsy Program' publishes 'Level 3' and 'Adult Epilepsy Center', naming Ramon Bautista, MD, MBA as Medical Director and Suparna Krishnaiengar, MD as Co-Medical Director. Both sides preserved; Level 4 is NOT asserted anywhere in this dossier. The awarding body's own listing is the stronger source and it says Level 3.",Preserve; do not resolve,YES_WAVE3
1801112154,RISE-NEURO-0203,University of Florida College of Medicine Jacksonville Program - Neurology,FL,CONFLICT_PRESERVED,conflicts[1],"INTERVIEW FORMAT - three current sources disagree. The program's own How to Apply page describes an entirely virtual process (a 'virtual question and answer session' the evening before, a 'virtual programmatic overview session... from 12:30pm to 2pm EST', and three roughly 20-minute interviews between 2pm and 5pm EST). FREIDA's 2026 survey sets field_interview_type=1 with field_video_interview=false, rendered as 'In Person'. The OPDA Adult Neurology guide gives the specialty recommendation as 'Virtual'. Not resolved; an applicant should confirm with the coordinator.",Preserve; do not resolve,YES_WAVE3
1801112154,RISE-NEURO-0203,University of Florida College of Medicine Jacksonville Program - Neurology,FL,CONFLICT_PRESERVED,conflicts[2],"NRMP MAIN MATCH PARTICIPATION - the registry says 'No'; the program's 2026 FREIDA survey says field_match_nrmp_main=true, the NRMP Program Directory says 'The program track is participating in the Match', and NRMP's own results tables show a filled quota every year from 2022 to 2026. The registry value is wrong and is superseded, not merely stale.",Preserve; do not resolve,YES_WAVE3
1801112154,RISE-NEURO-0203,University of Florida College of Medicine Jacksonville Program - Neurology,FL,CONFLICT_PRESERVED,conflicts[3],DO APPLICANTS AND THE USMLE - the registry records 'DO Step 1 Required: Yes' and 'DO Step 2 Required: Yes'. The 2026 FREIDA survey sets field_do_usmle_req_ind=false and the page renders 'Requires the USMLE Step 1 and/or Step 2 CK - No' for DO applicants. Both preserved; the newer program-submitted survey is the better source.,Preserve; do not resolve,YES_WAVE3
1801112154,RISE-NEURO-0203,University of Florida College of Medicine Jacksonville Program - Neurology,FL,CONFLICT_PRESERVED,conflicts[4],"ALUMNI PAGE DUPLICATION - 'Ajay Sethi, M.D.' is listed in both the 2025 graduating class (with a Movement Disorders Fellowship at the Medical College of Georgia) and the 2026 class (as 'Undecided'). The independently archived 2026-03-16 PRG-3 roster shows only Desai, Essa, Kinssies and Lefebvre, supporting the 2025 entry as correct and making the 2026 class four rather than five. Both preserved.",Preserve; do not resolve,YES_WAVE3
1801112154,RISE-NEURO-0203,University of Florida College of Medicine Jacksonville Program - Neurology,FL,CONFLICT_PRESERVED,conflicts[5],"ASHLEY LEFEBVRE'S DEGREES - 'D.O., M.P.H.' on the archived resident roster versus 'D.O., M.P.H., PharmD' on the Alumni page. Minor, both preserved.",Preserve; do not resolve,YES_WAVE3
1801112154,RISE-NEURO-0203,University of Florida College of Medicine Jacksonville Program - Neurology,FL,CONFLICT_PRESERVED,conflicts[6],"FACULTY NON-PHYSICIAN COUNT - FREIDA's 2026 survey reports field_total_non_physician=0, yet the residency's own faculty page lists three PhD scientists (Stacey Alvarez-Alvarado, Darin J Falk, Alicia K Vose) under a 'Research' heading. The registry's older value of 4 non-physicians may have been closer on this sub-field even though its physician count of 19 was superseded by 30. Preserved rather than reconciled.",Preserve; do not resolve,YES_WAVE3
1801112154,RISE-NEURO-0203,University of Florida College of Medicine Jacksonville Program - Neurology,FL,CONFLICT_PRESERVED,conflicts[7],"NMSS PROVIDER LIST VERSUS CURRENT FACULTY - the National MS Society's directory names 'Constance Vasiliki Katsafanas DO' as a provider at the UF Health Jacksonville Comprehensive Multiple Sclerosis Center, but she has left the institution and now leads Florida Atlantic University's neurology residency at Boca Raton Regional Hospital; she was formerly THIS program's Program Director. Separately, the residency faculty page groups Carvajal Gonzalez, Frazier and Silliman under 'Multiple Sclerosis' while NMSS lists only Katsafanas and Silliman. The centre-level designation is corroborated four ways and is not in doubt; the provider-level lists disagree and both are recorded.",Preserve; do not resolve,YES_WAVE3
1801112154,RISE-NEURO-0203,University of Florida College of Medicine Jacksonville Program - Neurology,FL,CONFLICT_PRESERVED,conflicts[8],"BED COUNT - the program's Facilities page says '623-licensed-bed UF Health Jacksonville' while FREIDA's participating-institution record for UF Health Jacksonville says 644 beds. Immaterial, but preserved.",Preserve; do not resolve,YES_WAVE3
1801112154,RISE-NEURO-0203,University of Florida College of Medicine Jacksonville Program - Neurology,FL,CONFLICT_PRESERVED,conflicts[9],PGY-2 CALL WEEKS - the registry's older survey says 7 weeks in year 1; the 2026 survey says 6 and the program's own block table says 'Call (Nightfloat Calls) 6 weeks'. The newer pair agree.,Preserve; do not resolve,YES_WAVE3
1801112154,RISE-NEURO-0203,University of Florida College of Medicine Jacksonville Program - Neurology,FL,CONFLICT_PRESERVED,conflicts[10],"FREIDA STEP 2 FIELD PAIRS - field_usmle_step_2_required and field_usmle_step2_req_int are both FALSE in the 2026 survey, while field_usmle_us_md_pass_ck and field_usmle_img_pass_ck are both TRUE and are the fields FREIDA actually renders under the heading 'Medical Exam Licensing Requirements for Interview Consideration'. These are not reconcilable as a single answer and the discrepancy is recorded because the contract names the first pair specifically. The rendered, labelled rows are treated as the program's published position; reading the two false legacy fields as 'Step 2 not required for interview' would invert the most consequential finding in this dossier.",Preserve; do not resolve,YES_WAVE3
1801112154,RISE-NEURO-0203,University of Florida College of Medicine Jacksonville Program - Neurology,FL,RETRACTED,conflicts[11],"NMSS DIRECTORY QUOTATION - RETRACTED BY ADVERSARIAL REVIEW (2026-09-12T17:00:20Z). The directory is a client-rendered shell returning zero matching text; the quoted badges/address/phone could not be reproduced. The designation itself is CONFIRMED from UF Health Jacksonville's own page. This is the second unreproducible-source event in this lineage after the Texas NMSS retraction, and the same awarding body is involved both times - NMSS's directory is not machine-readable and must not be quoted as if it were.",SUPERSEDES the original assertion; do NOT ingest the retracted value,YES_WAVE3
1801113148,RISE-NEURO-0095,Mayo Clinic College of Medicine and Science (Jacksonville) Program - Adult Neurology Residency (Florida),FL,CONFLICT_PRESERVED,conflicts[0],"POSITIONS PER YEAR - the largest live conflict and it directly affects her odds arithmetic. The program's own Application Process page (2026 cycle) states 'Eight positions are available on a competitive basis each year in the Adult Neurology Residency at Mayo Clinic's campus in Jacksonville, Florida', and its Overview page states the program 'began with three residents per year in 2002 and has since grown to eight residents per year'. FREIDA's survey, received 2026-06-15, reports field_first_year_positions = 6, field_program_size = [6,6,6] and field_total_positions = 18. The verified named roster is 6 per class across the classes of 2027, 2028 and 2029. All three current classes are six; the program advertises eight. Both are preserved. The most plausible reading - offered as a reading, not a fact - is a complement increase to eight taking effect for the cycle Alejandra is applying to, with FREIDA's June 2026 survey return lagging; FREIDA's own series (4 positions in 2019-2020, 6 in 2021-2025) shows a real growth trajectory consistent with that. A cached search snippet of the same page rendering 'Six positions' corroborates the direction of a recent edit but is not treated as evidence.",Preserve; do not resolve,YES_WAVE1
1801113148,RISE-NEURO-0095,Mayo Clinic College of Medicine and Science (Jacksonville) Program - Adult Neurology Residency (Florida),FL,CONFLICT_PRESERVED,conflicts[1],"INTERVIEW FORMAT. The program's 2026-cycle Application Process page is explicit: 'Applicants considered for an appointment will receive an invitation to participate in a virtual interview day which will be held between October and January', plus a separate 'optional, no-stakes, in-person second look event on campus in February 2027'. FREIDA's field_interview_type = 1 (rendered by the registry as 'In Person') and field_video_interview = false both point the other way. The program's own page is preferred under the source hierarchy, but the FREIDA answers are not reconcilable with it and are recorded.",Preserve; do not resolve,YES_WAVE1
1801113148,RISE-NEURO-0095,Mayo Clinic College of Medicine and Science (Jacksonville) Program - Adult Neurology Residency (Florida),FL,CONFLICT_PRESERVED,conflicts[2],"YEARS SINCE GRADUATION. Registry: 'Medical School Graduation Timeline: No cap on the number of years' (from the survey received 2025-06-18). FREIDA 2026 survey (received 2026-06-15): field_years_since_graduation = 5 with field_years_since_graduation_na = false. A five-year cap and no cap cannot both be true; the newer survey is taken as controlling and both are preserved. Immaterial to Alejandra, material to any later-graduating applicant.",Preserve; do not resolve,YES_WAVE1
1801113148,RISE-NEURO-0095,Mayo Clinic College of Medicine and Science (Jacksonville) Program - Adult Neurology Residency (Florida),FL,CONFLICT_PRESERVED,conflicts[3],"ACCEPTING APPLICATIONS. Registry: 'FREIDA: not accepting current year; accepting next year'. FREIDA 2026: field_accepting_current_year = true, field_accepting_next_year = false. The two flags have inverted between survey cycles.",Preserve; do not resolve,YES_WAVE1
1801113148,RISE-NEURO-0095,Mayo Clinic College of Medicine and Science (Jacksonville) Program - Adult Neurology Residency (Florida),FL,CONFLICT_PRESERVED,conflicts[4],"PRELIMINARY POSITIONS. Registry: 'Offers Preliminary Positions: Yes'. FREIDA 2026: field_offers_preliminary_positio = false. Meanwhile the program states verbatim 'Applicants who match in our Neurology Residency Program are guaranteed a position in our one-year Internal Medicine Preliminary Residency Program.' The likeliest resolution is that the neurology program itself offers no prelim positions while the internal medicine program does, but FREIDA's flip between cycles is unexplained and is recorded rather than smoothed.",Preserve; do not resolve,YES_WAVE1
1801113148,RISE-NEURO-0095,Mayo Clinic College of Medicine and Science (Jacksonville) Program - Adult Neurology Residency (Florida),FL,CONFLICT_PRESERVED,conflicts[5],"RESIDENT COMPOSITION, three-way. Registry: IMG 18.8% / US MD 68.8% / DO 12.5% (denominator 16). FREIDA 2026: IMG 45.0 / US MD 50.0 / DO 5.0. Verified named roster: non-US 44.4% / US MD 50.0% / US DO 5.6% (denominator 18). The latter two agree to within rounding; the registry is stale by a full survey cycle and understates IMG representation by roughly a factor of two and a half.",Preserve; do not resolve,YES_WAVE1
1801113148,RISE-NEURO-0095,Mayo Clinic College of Medicine and Science (Jacksonville) Program - Adult Neurology Residency (Florida),FL,CONFLICT_PRESERVED,conflicts[6],"SALARY. Registry: PGY1 75093, PGY2 75093, PGY3 78199, PGY4 82510. Mayo's own HR table effective 2026-03-11: Graduate Level 1 $75,105, Level 2 $77,721, Level 3 $80,936, Level 4 $85,398. FREIDA 2026: first program year NULL, then 77121, 80936, 85398. Three sets of numbers, two defects - the registry is a cycle stale and expresses per-PGY figures for an employer that pays per Graduate Level (listing PGY1 and PGY2 identically, which matches no Mayo table), and FREIDA's 77121 differs from Mayo's published 77721 by $600. Mayo's HR table is treated as controlling.",Preserve; do not resolve,YES_WAVE1
1801113148,RISE-NEURO-0095,Mayo Clinic College of Medicine and Science (Jacksonville) Program - Adult Neurology Residency (Florida),FL,CONFLICT_PRESERVED,conflicts[7],PROGRAM LENGTH. Registry: '3 years'. Program: 'The four-year Adult Neurology Residency'. Both are true of different objects - the ACGME-accredited neurology segment is three years (PGY-2 to PGY-4) and the total training commitment is four. Recorded as a semantic mismatch with real planning consequences.,Preserve; do not resolve,YES_WAVE1
1801113148,RISE-NEURO-0095,Mayo Clinic College of Medicine and Science (Jacksonville) Program - Adult Neurology Residency (Florida),FL,CONFLICT_PRESERVED,conflicts[8],"FACULTY NAME RENDERING. The residency's Department and Faculty page names 'Gregg Day, M.D.' while the Autoimmune Neurology Fellowship faculty page names 'Gregory Day, M.D.' Same individual (Vice Chair of Research, behavioral neurology), inconsistently rendered across two official Mayo pages. Recorded so a downstream matcher does not create two people.",Preserve; do not resolve,YES_WAVE1
1801113148,RISE-NEURO-0095,Mayo Clinic College of Medicine and Science (Jacksonville) Program - Adult Neurology Residency (Florida),FL,CONFLICT_PRESERVED,conflicts[9],"FREIDA INTERNAL INCONSISTENCY ON POSITION TYPE. Within the same 2026 survey record: field_pgy1_pos_type_prelim = true, field_pgy1_post_type_categorical = false, field_pgy2_pos_type_advanced = false, field_pgy2_pos_type_reserved = false, field_coordinated_pgy1_pos = false, and field_match_nrmp_codes = []. These answers cannot all describe a coherent single offering and FREIDA alone could not establish the position type. NRMP's directory resolved it: 1032180C0 CATEGORICAL and Active. Recorded because FREIDA's position-type fields should not be trusted for this program.",Preserve; do not resolve,YES_WAVE1
1801113148,RISE-NEURO-0095,Mayo Clinic College of Medicine and Science (Jacksonville) Program - Adult Neurology Residency (Florida),FL,CONFLICT_PRESERVED,conflicts[10],"FACULTY-RESIDENT RATIO. Registry 2.60:1 vs FREIDA 2026 field_ratio_ft_faculty 2.50. Minor, recorded for completeness.",Preserve; do not resolve,YES_WAVE1
1801113148,RISE-NEURO-0095,Mayo Clinic College of Medicine and Science (Jacksonville) Program - Adult Neurology Residency (Florida),FL,CONFLICT_PRESERVED,conflicts[11],"PGY-1 DIDACTIC HOURS. Registry 5 vs FREIDA 2026 field_avg_hrs_lecture_conf_y1 = 6. Minor, recorded for completeness.",Preserve; do not resolve,YES_WAVE1
1801121025,RISE-NEURO-0205,"University of Florida Program (UF Neurology Residency), Gainesville",FL,CONFLICT_PRESERVED,conflicts[0],"INTERVIEW FORMAT. The program's own Application Requirements page states it 'will conduct virtual interviews during the 2026-2027 interview season, as recommended by the AAMC and American Academy of Neurology', while the FREIDA survey received 2026-06-30 carries field_interview_type = 1 (In Person) and field_video_interview = false, and the registry records 'Applicant Interview Format: In Person'. Both are preserved. The program page is cycle-dated, specific and self-explaining, so it should govern planning; the FREIDA answer may simply predate or not reflect the season-specific decision. The practical consequence for Alejandra is favourable and should not be overstated as certain: she should confirm format with the coordinator before budgeting travel.",Preserve; do not resolve,YES_WAVE3
1801121025,RISE-NEURO-0205,"University of Florida Program (UF Neurology Residency), Gainesville",FL,CONFLICT_PRESERVED,conflicts[1],"RESIDENT COMPOSITION. Three different composition pictures exist. Enumerated 2026-2027 named roster: 15 US MD, 12 US DO, 4 other IMG, 1 unknown (32). FREIDA survey received 2026-06-30: 40.6% US MD (13), 43.8% DO (14), 15.6% IMG (5). Registry from the 2025 survey: 37.5% US MD (12), 43.8% DO (14), 18.8% IMG (6). All three are preserved. The most economical explanation is that a survey received in June describes the outgoing academic year's roster, but that is an inference and not stated by any source.",Preserve; do not resolve,YES_WAVE3
1801121025,RISE-NEURO-0205,"University of Florida Program (UF Neurology Residency), Gainesville",FL,CONFLICT_PRESERVED,conflicts[2],"FACULTY SIZE. FREIDA survey 2026: 43 full-time physicians, 0 non-physicians, ratio 1.30:1. Registry from the 2025 survey: 49 physicians, 8 non-physicians, ratio 1.50:1. Live department directory: 65 named active faculty entries. The three numbers count different populations (full-time survey physicians versus everyone the department lists, including PhD basic scientists and clinicians based at UF Health Neurology - Halifax Health). No single number was adopted as 'the' faculty count.",Preserve; do not resolve,YES_WAVE3
1801121025,RISE-NEURO-0205,"University of Florida Program (UF Neurology Residency), Gainesville",FL,CONFLICT_PRESERVED,conflicts[3],"NMSS COMPREHENSIVE CARE CENTER. UF's own MS fellowship page states 'Our center offers highly coordinated, competent and accessible care to over 2,000 individuals with MS and is recognized as a Comprehensive Care Center by the NMSS.' The National MS Society's current provider directory could not be read (Salesforce-rendered application, no server-rendered content, no public API - an access boundary that was not bypassed), and the only NMSS-authored page naming a 'UF' comprehensive MS centre that could be opened is a retired North Florida chapter page, archived 2022-01-21, that names 'UF Medical Center' in JACKSONVILLE and 'The Comprehensive MS Center at Shands Jacksonville'. That page now 301-redirects to the generic NMSS find-a-provider tool. The Gainesville claim is therefore neither confirmed nor refuted, and the Jacksonville designation belongs to a different campus and a different residency program (ACGME 1801112154).",Preserve; do not resolve,YES_WAVE3
1801121025,RISE-NEURO-0205,"University of Florida Program (UF Neurology Residency), Gainesville",FL,CONFLICT_PRESERVED,conflicts[4],"SALARY PAYER. The registry records 'Salary Paid By: Non-profit institution'; FREIDA survey 2026 carries field_salary_paid_nonprofit = 'No'. UF is a public state university, which is consistent with the survey answer and not with the registry's.",Preserve; do not resolve,YES_WAVE3
1801121025,RISE-NEURO-0205,"University of Florida Program (UF Neurology Residency), Gainesville",FL,CONFLICT_PRESERVED,conflicts[5],"FREIDA 'Interprofessional Teamwork: No' against a curriculum that describes multidisciplinary inpatient teams throughout (stroke ARNPs, neurocritical care APPs, off-service rotators from four specialties) and two explicitly interdisciplinary centres. Preserved as a probable survey-scope mismatch rather than resolved.",Preserve; do not resolve,YES_WAVE3
1801121025,RISE-NEURO-0205,"University of Florida Program (UF Neurology Residency), Gainesville",FL,CONFLICT_PRESERVED,conflicts[6],APPLICATION DEADLINE. Registry: 2025-12-01. Current cycle: no published deadline date anywhere (FREIDA field_application_period and field_latest_date_current_year are both null; the program page publishes only a timeline). The absence is not evidence that no deadline exists - it means none is published.,Preserve; do not resolve,YES_WAVE3
1801121025,RISE-NEURO-0205,"University of Florida Program (UF Neurology Residency), Gainesville",FL,CONFLICT_PRESERVED,conflicts[7],"NMSS ATTRIBUTION LOGIC - CORRECTED BY ADVERSARIAL REVIEW (2026-09-12T17:00:20Z): Gainesville's self-claim is uncorroborated, NOT disproven. Confirming Jacksonville's designation does not refute Gainesville's, because NMSS designates many sites.",Preserve; do not resolve,YES_WAVE3
1801121026,RISE-NEURO-0216,University of Miami/Jackson Health System Program,FL,CONFLICT,domain:5_step2_timing,"UNRESOLVED after adversarial review. Two primary-tier readings conflict and neither can be dismissed: (a) Jackson GME publishes only a before-start rule ('must successfully complete ... Steps 1 and 2 before the start of the residency program') and FREIDA's survey sets field_usmle_step2_req_int = False, which together imply no interview-stage gate; (b) FREIDA's own public page renders, under the heading 'Medical Exam Licensing Requirements for Interview Consideration', 'Must Have Passed USMLE Step 2 CK => Yes' for both US MD and IMG applicants, with field_usmle_us_md_pass_ck = True, and the canonical registry carries 'US MD Step 2 Required = Yes'. Two sibling Florida programs coded that identical rendering AS a barrier. Treat as unresolved and confirm with the coordinator before relying on either reading.",Preserve both readings; do not project a single value,YES_WAVE1
1801121026,RISE-NEURO-0216,University of Miami/Jackson Health System Program,FL,CONFLICT,domain:10_deadline_signaling,"Program pages state an absolute ERAS deadline of November 15; the sponsoring institution's GME page states an application window closing November 1; the registry stored 2025-11-01. Neither official source was silently preferred. Separately, the registry and FREIDA field_interview_type record an In-Person interview format, which the program's own Interviews page contradicts by stating interviews are held virtually.",Preserve both readings; do not project a single value,YES_WAVE1
1801121026,RISE-NEURO-0216,University of Miami/Jackson Health System Program,FL,CONFLICT_PRESERVED,conflicts[0],"RESIDENT COUNT, WITHIN A SINGLE OFFICIAL PAGE. The Current Residents page opens 'Our Neurology Residency at the University of Miami is home to 45 talented residents across all training levels (PGY-1 through PGY-4)' and then lists 48 individually named residents (12 PGY-1, 13 PGY-2, 12 PGY-3, 11 PGY-4). The 45 figure is corroborated as the approved complement by four other sources: the Program Statistics page ('Total Compliment: 45 residents and 25 fellows' [sic]), the program hub ('45 Residency positions, and 25 Fellowship positions'), Jackson GME ('Total Residents 45') and FREIDA field_total_positions = 45. It is also internally consistent with the entry structure: 9 categorical x 4 years + 3 advanced x 3 years = 45. Both figures are reported; the named census of 48 exceeds the stated complement by three, which the program does not explain and which could reflect off-cycle, research-track or transferring residents.",Preserve; do not resolve,YES_WAVE1
1801121026,RISE-NEURO-0216,University of Miami/Jackson Health System Program,FL,CONFLICT_PRESERVED,conflicts[1],"APPLICATION DEADLINE, TWO OFFICIAL SOURCES. The program's Application Information page and FAQ state an absolute ERAS deadline of November 15 ('The absolute deadline for completed applications is the 15th of November'). The sponsoring institution's GME page states 'Applications are accepted from September 15 until November 1.' The registry stored 2025-11-01, matching Jackson. Neither was silently resolved. Conservative planning date: November 1. The stronger practical constraint is a third statement on the program's FAQ that 'We typically have filled our available slots by October 15th.'",Preserve; do not resolve,YES_WAVE1
1801121026,RISE-NEURO-0216,University of Miami/Jackson Health System Program,FL,CONFLICT_PRESERVED,conflicts[2],"STEP 2 TIMING, THREE SOURCES POINTING DIFFERENT DIRECTIONS. Jackson GME states Steps 1 and 2 must be passed 'before the start of the residency program' - an explicit timing rule. FREIDA survey_2026 records field_usmle_step2_req_int = False and field_usmle_step_2_required = False - explicitly not required before interview. The program's Application Information page lists 'USMLE scores for steps 1 and 2' among what 'The application requires', which reads as a with-application expectation. Resolved in favour of REQUIRES_STEP2_BEFORE_START because that is the only statement that actually addresses timing, and the contract forbids inferring timing from a non-timing statement - but all three are preserved verbatim so a second reader can weigh them independently.",Preserve; do not resolve,YES_WAVE1
1801121026,RISE-NEURO-0216,University of Miami/Jackson Health System Program,FL,CONFLICT_PRESERVED,conflicts[3],"FIRST-YEAR POSITION COUNT. The program's Eligibility Requirements and FAQ pages state 9 categorical and 3 advanced positions. NRMP program results for the 2026 appointment year show 8 categorical (1104180C0), 4 advanced (1104180A0) and 1 reserved (1104180R0). FREIDA field_first_year_positions = 8 matches the NRMP categorical quota. NRMP shows the categorical quota moving across 2022-2026 (9, 8, 9, 10, 8), so the website figures appear to be approximate steady-state numbers rather than a current quota, and the NRMP figures are the authoritative per-year record.",Preserve; do not resolve,YES_WAVE1
1801121026,RISE-NEURO-0216,University of Miami/Jackson Health System Program,FL,CONFLICT_PRESERVED,conflicts[4],"INTERVIEW FORMAT. The program's own Interviews page states interviews 'will be held virtually', with a Zoom welcome and virtual tours offered 'In lieu of the campus tour that we would usually provide'. The registry records 'Applicant Interview Format: In Person' and 'Interview Style: In Person', and FREIDA carries field_interview_type = 3 with field_video_interview = False. The program's own page is preferred as the most specific and most recent program-level statement.",Preserve; do not resolve,YES_WAVE1
1801121026,RISE-NEURO-0216,University of Miami/Jackson Health System Program,FL,CONFLICT_PRESERVED,conflicts[5],FELLOWSHIP POSITION COUNT. The ten fellowships listed on the Fellowship Programs page sum to 24 positions (2+1+2+2+2+2+5+2+2+4). Three separate sources state 25 fellowship positions. The one-position discrepancy is unexplained and is reported rather than reconciled.,Preserve; do not resolve,YES_WAVE1
1801121026,RISE-NEURO-0216,University of Miami/Jackson Health System Program,FL,CONFLICT_PRESERVED,conflicts[6],"WHO IS PROGRAM DIRECTOR. Dr. Leticia Tornes's own UM faculty bio describes her as 'Residency Program Director at University of Miami Miller School of Medicine'. The program's Program Overview page, the Jackson GME neurology page and FREIDA's program-director paragraph all identify Jason Margolesky as Program Director and Tornes as an Associate Program Director. The three program-level sources agree and are preferred; her individual bio page appears imprecise or stale.",Preserve; do not resolve,YES_WAVE1
1801121026,RISE-NEURO-0216,University of Miami/Jackson Health System Program,FL,CONFLICT_PRESERVED,conflicts[7],WHO DIRECTS THE CLINICAL NEUROPHYSIOLOGY FELLOWSHIP. The Fellowship Programs page lists Dr. Enrique Serrano as Program Director of Clinical Neurophysiology and Dr. Naymee Velez-Ruiz as Program Director of Epilepsy. Dr. Serrano's own faculty bio describes him as 'Former fellowship director for Epilepsy and Clinical Neurophysiology Fellowship Programs'. The current fellowship list is treated as current.,Preserve; do not resolve,YES_WAVE1
1801121026,RISE-NEURO-0216,University of Miami/Jackson Health System Program,FL,CONFLICT_PRESERVED,conflicts[8],"FACULTY COUNT, THREE INCOMPATIBLE FIGURES. FREIDA's 2025 survey reported 82 physician faculty plus 3 non-physicians. FREIDA survey_2026 returns field_total_physician = 0 and field_total_non_physician = 0, which are null sentinels rather than real counts. The program states 'more than 100 faculty members' and Jackson GME says '100+ clinical and research faculty'. The department directory exposes 113 profile links but mixes clinicians, PhD scientists, neuropsychologists and pediatric neurology faculty. None of these is the residency's ACGME core-faculty count, which is unpublished.",Preserve; do not resolve,YES_WAVE1
1801121026,RISE-NEURO-0216,University of Miami/Jackson Health System Program,FL,CONFLICT_PRESERVED,conflicts[9],"MOVEMENT DISORDERS: REQUIRED OR ELECTIVE. The Jackson GME year-by-year curriculum states the PGY-3 'will complete 2-week Neuro-oncology and Movement Disorder rotations', making it required. The UM Core Curriculum page lists movement disorders only among available PGY-3 electives and its published PGY-3 sample schedule does not itemise a movement disorders block. Both are reported; the Jackson page is more specific and year-resolved.",Preserve; do not resolve,YES_WAVE1
1801121026,RISE-NEURO-0216,University of Miami/Jackson Health System Program,FL,CONFLICT_PRESERVED,conflicts[10],"SALARY CURRENCY. Jackson Health System's GME page publishes a 2026-2027 scale beginning at $73,622. FREIDA survey_2026, received 2026-06-12, still reports $70,790 - matching the registry. The employer's own HR page is authoritative for pay and is fresher than the program's own survey answer, which is itself a notable finding about FREIDA's reliability for compensation.",Preserve; do not resolve,YES_WAVE1
1801121026,RISE-NEURO-0216,University of Miami/Jackson Health System Program,FL,CONFLICT_PRESERVED,conflicts[11],"BENEFIT COST-SHARING. FREIDA labels major medical (residents, dependents, domestic partners), outpatient and inpatient mental health, and dental as 'Institution & Resident Share Cost'. Jackson's own benefits page states a Jackson First HMO at zero employee premium, free Delta Dental, and 'Unlimited, no-cost access' to therapists via a Tava and Aetna partnership. Jackson's page is preferred as the employer of record.",Preserve; do not resolve,YES_WAVE1
1801121026,RISE-NEURO-0216,University of Miami/Jackson Health System Program,FL,DOWNGRADED,conflicts[12],"STEP 2 TIMING - DOWNGRADED BY ADVERSARIAL REVIEW (2026-09-12T15:46:49Z). Originally coded REQUIRES_STEP2_BEFORE_START / no barrier. Reviewer A re-fetched FREIDA and found 'Must Have Passed USMLE Step 2 CK => Yes' rendered under 'Medical Exam Licensing Requirements for Interview Consideration', plus field_usmle_us_md_pass_ck = True and registry 'US MD Step 2 Required = Yes' - none of which the original dossier reported. Re-coded PUBLISHED_SOURCES_CONFLICT with barrier=null. This is the most decision-relevant field for this student at her highest-ranked Florida program.",Adversarial correction supersedes the original; ingest the corrected state,YES_WAVE1
1801121027,RISE-NEURO-0240,University of South Florida Morsani Program - Adult Neurology Residency,FL,CONFLICT,domain:7_yog_limit,FREIDA field_years_since_graduation=2 versus the program page's IMG-scoped 'within the last 3 years'. Not resolved: the two sources answer differently scoped questions and the program has not reconciled them publicly.,Preserve both readings; do not project a single value,YES_WAVE3
1801121027,RISE-NEURO-0240,University of South Florida Morsani Program - Adult Neurology Residency,FL,CONFLICT_PRESERVED,conflicts[0],"POSITIONS PER YEAR - the program contradicts itself on its own website. The residency Overview page states 'Twelve (12) Adult Neurology residents are recruited each year' while the Letter to Applicants, signed by the program director, states 'We currently offers eight (8) positions per academic year.' The research-supported figure is TWELVE, on four independent confirmations: FREIDA's 2026 survey field_first_year_positions=12; NRMP's 2026 program results showing code 1109180C0 at quota 12 filled 12; the residency Overview page; and the PGY-1 class page naming exactly twelve residents. The Letter to Applicants is stale and has not been updated since the expansion. Not silently resolved: an applicant reading only the Letter would understate the class size by a third.",Preserve; do not resolve,YES_WAVE3
1801121027,RISE-NEURO-0240,University of South Florida Morsani Program - Adult Neurology Residency,FL,CONFLICT_PRESERVED,conflicts[1],"NRMP RESERVED TRACK VERSUS FREIDA - NRMP's Program Results 2022-2026 shows a second neurology code at this institution, 1109180R0 labelled 'Neurology/Adult', with quota 1 and filled 1 in the 2026 Match and no entry for 2022 through 2025. FREIDA's survey_2026, received 2026-07-08 and therefore FOUR MONTHS AFTER that match concluded, answers field_pgy2_pos_type_reserved=false and field_pgy2_pos_type_advanced=false. These directly disagree about whether the program has a reserved PGY-2 physician track. Both preserved. NRMP's published match result is the stronger evidence that the position existed and filled; FREIDA's answer may reflect the program not intending to offer it again, but FREIDA does not say that.",Preserve; do not resolve,YES_WAVE3
1801121027,RISE-NEURO-0240,University of South Florida Morsani Program - Adult Neurology Residency,FL,CONFLICT_PRESERVED,conflicts[2],"STEP 1 AND STEP 2 REQUIREMENT FLAGS - FREIDA's 2026 survey answers field_usmle_step_1_required=false and field_usmle_step_2_required=false, while USF institutional policy GME-201 states 'Each new Resident must have successfully completed Step/Level I and Step/Level II of the USMLE or COMLEX prior to the beginning of residency training' and GME-200 lists a passing Step 1 and Step 2 among appointment eligibility criteria. The registry, built on the 2025 survey, recorded Step 1 as required. These are reconcilable as answers to different questions - screening versus appointment - but they are not the same answer and neither should be quoted alone. Specifically, FREIDA's 'false' must never be rendered to a student as 'Step 2 is not required here'.",Preserve; do not resolve,YES_WAVE3
1801121027,RISE-NEURO-0240,University of South Florida Morsani Program - Adult Neurology Residency,FL,CONFLICT_PRESERVED,conflicts[3],"YEARS SINCE GRADUATION - FREIDA's 2026 survey answers field_years_since_graduation=2 while the program's own Application Information page tells international graduates 'Graduation from medical school within the last 3 years'. Two published numbers, differently scoped, never reconciled by the program.",Preserve; do not resolve,YES_WAVE3
1801121027,RISE-NEURO-0240,University of South Florida Morsani Program - Adult Neurology Residency,FL,CONFLICT_PRESERVED,conflicts[4],"H-1B SPONSORSHIP - FREIDA lists only 'J-1 through ECFMG' and the registry records 'H1B: No', while the program's Application Information page states 'We will consider sponsoring an H1 visa for highly qualified applicants (Steps 1 & 2 greater than 250)' and institutional policy GME-202 sets out an exception pathway under which H-1B sponsorship can be approved. All three preserved.",Preserve; do not resolve,YES_WAVE3
1801121027,RISE-NEURO-0240,University of South Florida Morsani Program - Adult Neurology Residency,FL,CONFLICT_PRESERVED,conflicts[5],"ASSOCIATE VERSUS ASSISTANT PROGRAM DIRECTOR - the residency Faculty page titles Rebecca Hurst, MD 'Assistant Program Director'; the department Faculty page titles her 'Associate Program Director, Neurology Residency'. Both are USF pages and both are current.",Preserve; do not resolve,YES_WAVE3
1801121027,RISE-NEURO-0240,University of South Florida Morsani Program - Adult Neurology Residency,FL,CONFLICT_PRESERVED,conflicts[6],"RESIDENT DEGREE - Anna-Katherine Escoto is published as 'Anna-Katherine Escoto, MD' in the Internet Archive capture of the PGY-1 page dated 2026-02-08 and as 'Anna-Katherine Escoto, DO' on the live PGY-2 page. The live page was used for classification and the discrepancy is preserved rather than resolved.",Preserve; do not resolve,YES_WAVE3
1801121027,RISE-NEURO-0240,University of South Florida Morsani Program - Adult Neurology Residency,FL,CONFLICT_PRESERVED,conflicts[7],"PGY-2 CLASS SIZE AND MEMBERSHIP - the archived PGY-1 page of 2026-02-08 lists the Class of 2029 with eight residents (Chua, Denissova, Escoto, Nanavati, Rodriguez, Spoeneman, St Peter, Tarantino), matching the eight positions filled in the 2025 Match. The live PGY-2 page lists seven, of whom Saikrishna Sriraman was not in the archived list, and Julia Denissova and Ashvi Nanavati no longer appear. The program publishes no explanation. Two departures and one arrival are recorded as facts; the inference that the arrival corresponds to the 2026 reserved PGY-2 physician position is flagged as an inference and not asserted.",Preserve; do not resolve,YES_WAVE3
1801121027,RISE-NEURO-0240,University of South Florida Morsani Program - Adult Neurology Residency,FL,CONFLICT_PRESERVED,conflicts[8],"NATIONAL MS SOCIETY DESIGNATION - USF describes its MS status two different ways on two of its own pages. The patient-care page says 'Designated as a National MS Society Center for Comprehensive Care in 2012'; the MS fellowship page says 'Our National MS Society-accredited Center'. The National MS Society does not 'accredit' centres and its designation programme is Partners in MS Care. Neither wording could be confirmed on the Society's own listing because that site renders its directory client-side and every legacy directory URL returns HTTP 404. The designation is therefore recorded as claimed-but-unconfirmed, and the internal inconsistency is preserved.",Preserve; do not resolve,YES_WAVE3
1801121027,RISE-NEURO-0240,University of South Florida Morsani Program - Adult Neurology Residency,FL,CONFLICT_PRESERVED,conflicts[9],HDSA CENTER COUNT - USF's Movement Disorders page describes its Huntington's clinic as 'one of 29 Centers across the country'. HDSA's own network page states 'There are currently 60 HDSA Centers of Excellence and 9 Partner Sites covering 37 States plus the District of Columbia.' The designation itself is confirmed on HDSA's own site; the count on USF's page is out of date by a factor of roughly two.,Preserve; do not resolve,YES_WAVE3
1801121027,RISE-NEURO-0240,University of South Florida Morsani Program - Adult Neurology Residency,FL,CONFLICT_PRESERVED,conflicts[10],"PARKINSON'S FOUNDATION VERSUS NATIONAL PARKINSON FOUNDATION NAMING - USF's own patient-care pages call the designation a 'National Parkinson Foundation Center of Excellence', the organisation's pre-2016 name. The Parkinson's Foundation's own Florida Chapter page currently names 'University of South Florida Parkinson's Disease and Movement Disorders' as one of three Florida Parkinson's Foundation Centers of Excellence. The underlying designation is live at the awarding body; USF's own wording is stale. Preserved because a reader checking USF's phrase against the Foundation's current programme names would not find a match and might wrongly conclude the designation had lapsed.",Preserve; do not resolve,YES_WAVE3
1801121027,RISE-NEURO-0240,University of South Florida Morsani Program - Adult Neurology Residency,FL,CONFLICT_PRESERVED,conflicts[11],"FREIDA FACULTY COUNT - FREIDA's 2026 survey answers field_total_physician=0 and field_total_non_physician=0 with field_ratio_ft_faculty='0.00', while the registry carries 42 physicians and 3 non-physicians from the prior survey and the department's own roster names 55 individuals. Three mutually incompatible figures, none of which is an ACGME core-faculty count.",Preserve; do not resolve,YES_WAVE3
1801121027,RISE-NEURO-0240,University of South Florida Morsani Program - Adult Neurology Residency,FL,CONFLICT_PRESERVED,conflicts[12],"FREIDA ACCEPTING-APPLICATIONS FLAGS - the registry records 'not accepting current year; accepting next year' and FREIDA's 2026 survey records the exact inverse (field_accepting_current_year=true, field_accepting_next_year=false). Both flags flipped between cycles and neither is reliable for application planning; the program's published interview window of 1 October 2026 to 28 February 2027 indicates active recruitment for the 2027 Match.",Preserve; do not resolve,YES_WAVE3
1801121027,RISE-NEURO-0240,University of South Florida Morsani Program - Adult Neurology Residency,FL,CONFLICT_PRESERVED,conflicts[13],"NRMP R-POSITION FOOTNOTE, AS AN EVIDENCE NOTE RATHER THAN A PROGRAM CONFLICT - the research contract records an unreconciled dispute about whether NRMP publishes a footnote asserting that physician positions are closed to students still in medical school. That disputed wording is deliberately NOT reproduced verbatim anywhere in this dossier, so it cannot be extracted downstream as if it were NRMP's language. A direct case-insensitive search of the three NRMP Program Results PDFs downloaded in this session (2017-2021, 2021-2025 and 2022-2026) returned ZERO occurrences of the phrase 'senior medical student' in any of them. This corroborates the Florida adversarial reviewer rather than the Texas agent. The phrase is therefore not quoted anywhere in this dossier. NRMP's actual and verifiable wording, which IS present, is: 'Reserved Positions (""R""): PGY-2 positions in specialty programs that begin in the year of the Match and are reserved for physicians with prior graduate medical education. These positions are also known as ""Physician Positions"".' The substantive conclusion is unchanged: a June 2027 graduate with no prior graduate medical education cannot take an R position.",Preserve; do not resolve,YES_WAVE3
1801121027,RISE-NEURO-0240,University of South Florida Morsani Program - Adult Neurology Residency,FL,CONFLICT_PRESERVED,conflicts[14],FIRST-YEAR OUTPATIENT PERCENTAGE VERSUS PROGRAM-WIDE SPLIT - FREIDA records field_training_outpatient_clinic=15 (15% hospital outpatient) while the Program Structure page describes PGY-2 to PGY-4 training as 'divided evenly between inpatient and outpatient training experiences (approximately 18 months in each setting)'. These are not contradictory - FREIDA's figure is a first-year measure - but a reader comparing the two without noticing the different scopes would draw the wrong conclusion about outpatient exposure.,Preserve; do not resolve,YES_WAVE3
1801122152,RISE-NEURO-0030,Cleveland Clinic Foundation/Florida Weston Program (self-described as the Cleveland Clinic Florida Neurology Residency Program),FL,STALE_NEEDS_REFRESH,domain:11_current_residents,"Registry 'Total Residents: 12' and 'Current Residents PGY1/2/3: 4/4/4' are approved complement, not census; the program's published census is 10 (4/3/3). Registry PGY labels are also offset by one year because the program is Advanced.",Render with a staleness marker or suppress; flag for refresh,YES_WAVE2
1801122152,RISE-NEURO-0030,Cleveland Clinic Foundation/Florida Weston Program (self-described as the Cleveland Clinic Florida Neurology Residency Program),FL,CONFLICT_PRESERVED,conflicts[0],"PROGRAM DIRECTOR TITLE. Efrain D. Salgado, MD's Cleveland Clinic provider biography states verbatim 'Efrain D Salgado, MD, is Director of the Neurology Residency Training Program at Cleveland Clinic Florida and Director of the Cleveland Clinic Florida Stroke Center and Neurosonology Laboratory.' Three independent 2026-dated sources instead name Mansour Afshani, MD as (Interim) Program Director and list Salgado only as 'Staff': the program page's own Our Team list and signed welcome letter, the FREIDA field_program_director paragraph attached to the survey received 2026-06-15, and the NRMP Main Residency Match Program Directory entries for both neurology codes. The most probable explanation is an un-updated provider biography for a long-serving former director, corroborated by two published alumni testimonials from the Class of 2018 that describe Salgado in a directorial mentoring role. Not resolved; both preserved. Practical consequence: correspondence should be addressed to Afshani as interim director via coordinator Belinda Ortiz, while Salgado should be understood as the program's senior stroke figure, its former director, and a Universidad Central del Caribe graduate.",Preserve; do not resolve,YES_WAVE2
1801122152,RISE-NEURO-0030,Cleveland Clinic Foundation/Florida Weston Program (self-described as the Cleveland Clinic Florida Neurology Residency Program),FL,CONFLICT_PRESERVED,conflicts[1],"STEP 1 AND STEP 2 'REQUIRED' FLAGS. The FREIDA 2026 survey (received 2026-06-15) sets field_usmle_step_1_required = false, field_usmle_step_2_required = false, field_usmle_step1_req_int = false, field_usmle_step2_req_int = false, field_comlex_lvl1_req_int = false and field_comlex_lvl2_req_int = false. The registry snapshot, drawn from the 2025-06-11 survey, records all of 'US MD Step 1 Required: Yes', 'US MD Step 2 Required: Yes', 'IMG Step 1 Required: Yes', 'IMG Step 2 Required: Yes', 'DO Step 1/2 Required: Yes' and 'DO COMLEX Level 1/2 Required: Yes'. Meanwhile the program's own page states an applicant without a Step 2 score report uploaded by the rank-list deadline 'will not be ranked'. The three cannot all be true on one reading. The most coherent reading is that FREIDA's 'required' fields encode a required minimum SCORE rather than a required score REPORT, which would make the 2026 false values consistent with the program's '>220 is suggested' language. Not resolved. The program page is treated as operative for both the requirement and the timing.",Preserve; do not resolve,YES_WAVE2
1801122152,RISE-NEURO-0030,Cleveland Clinic Foundation/Florida Weston Program (self-described as the Cleveland Clinic Florida Neurology Residency Program),FL,CONFLICT_PRESERVED,conflicts[2],"STEP 2 TIMING, INTERNAL TO THE PROGRAM'S OWN PAGE. The How to Apply preamble ('You must complete all components of the ERAS Application for your application to be considered complete and to be reviewed by the Selection Committee') lists the Step 2 transcript among the components, implying a pre-review requirement. The immediately following bullet sets the deadline at rank-list submission and its parenthetical, 'assuming you were invited for an interview', presupposes interviewing applicants with no Step 2 score uploaded. The specific rule is taken as operative and the tension is recorded, not erased.",Preserve; do not resolve,YES_WAVE2
1801122152,RISE-NEURO-0030,Cleveland Clinic Foundation/Florida Weston Program (self-described as the Cleveland Clinic Florida Neurology Residency Program),FL,CONFLICT_PRESERVED,conflicts[3],"CALL FREQUENCY. The program page states 'The on-call schedule averages every 6th night for PGY2 and PGY3 residents.' The FREIDA 2026 survey reports field_call_schedule of 'Every eighth night' for 25 weeks in each of the first two program years (and 'Other' for 2 weeks in year three). Both preserved. The registry's 'Every sixth night' matches the program page and came from the older survey cycle, so FREIDA's own answer moved between cycles.",Preserve; do not resolve,YES_WAVE2
1801122152,RISE-NEURO-0030,Cleveland Clinic Foundation/Florida Weston Program (self-described as the Cleveland Clinic Florida Neurology Residency Program),FL,CONFLICT_PRESERVED,conflicts[4],"NIGHT FLOAT. FREIDA 2026 reports field_night_float = true and field_night_float_y1 = true. The registry snapshot records 'Night Float: No'. The 2026 cycle supersedes, but the program page describes call in terms of every-nth-night coverage and never mentions a night float rotation, so the newer FREIDA value is unconfirmed by the program's own description.",Preserve; do not resolve,YES_WAVE2
1801122152,RISE-NEURO-0030,Cleveland Clinic Foundation/Florida Weston Program (self-described as the Cleveland Clinic Florida Neurology Residency Program),FL,CONFLICT_PRESERVED,conflicts[5],"VACATION. The Cleveland Clinic Florida GME Benefits page states 'Residents and fellows receive three weeks (15 working days) of vacation per academic year.' The FREIDA 2026 survey reports paid_vacation = 20 for each of the three neurology years. Both preserved; the institution's own HR benefits page is the higher-authority source for an employment term, and 15 working days is the more conservative figure an applicant should plan around.",Preserve; do not resolve,YES_WAVE2
1801122152,RISE-NEURO-0030,Cleveland Clinic Foundation/Florida Weston Program (self-described as the Cleveland Clinic Florida Neurology Residency Program),FL,CONFLICT_PRESERVED,conflicts[6],"ACCEPTING APPLICATIONS. FREIDA 2026 reports field_accepting_current_year = true and field_accepting_next_year = false. The registry snapshot records the inverse: 'Program Status: FREIDA: not accepting current year; accepting next year'. The values are exactly transposed between the 2025 and 2026 survey cycles, which is consistent with a cycle roll-over rather than with a substantive change. The program is currently recruiting, corroborated by an Active NRMP track, an open interview window of 2026-10-01 to 2027-02-28, and a 4/4 fill in the 2026 Match.",Preserve; do not resolve,YES_WAVE2
1801122152,RISE-NEURO-0030,Cleveland Clinic Foundation/Florida Weston Program (self-described as the Cleveland Clinic Florida Neurology Residency Program),FL,CONFLICT_PRESERVED,conflicts[7],"NRMP MAIN MATCH PARTICIPATION. The registry snapshot records 'NRMP Main Match Participation: No'. This is contradicted by three sources: FREIDA 2026 field_match_nrmp_main = true and field_match_nrmp_adv_fellow = true and field_pgm_no_match_ind = false; the NRMP Program Directory page for 1383180A0 reading 'Program Status: Active — The program track is participating in the Match'; and NRMP's own March 2026 Program Results, which record a quota of 4 filled 4 for 1383180A0 in the 2026 Match. The registry value is simply wrong.",Preserve; do not resolve,YES_WAVE2
1801122152,RISE-NEURO-0030,Cleveland Clinic Foundation/Florida Weston Program (self-described as the Cleveland Clinic Florida Neurology Residency Program),FL,CONFLICT_PRESERVED,conflicts[8],"PRELIMINARY POSITIONS. The registry records 'Offers Preliminary Positions: Yes' while FREIDA 2026 reports field_offers_preliminary_positio = false for the neurology program — yet field_pgy1_pos_type_prelim = true and field_coordinated_pgy1_pos = true, and the program page describes dedicated preliminary positions at length. Resolved as a semantic mismatch rather than a factual conflict: the NEUROLOGY program does not itself offer preliminary positions; the dedicated preliminary year is a track inside the Cleveland Clinic Florida INTERNAL MEDICINE program (NRMP 1383140P0, ACGME 1401121528), coordinated with the neurology match. Both values are defensible against different questions and both are recorded.",Preserve; do not resolve,YES_WAVE2
1801122152,RISE-NEURO-0030,Cleveland Clinic Foundation/Florida Weston Program (self-described as the Cleveland Clinic Florida Neurology Residency Program),FL,CONFLICT_PRESERVED,conflicts[9],"FACULTY COUNT AND COMPOSITION. Registry: 'Program Faculty Count: 36', 'Faculty Distribution: Physicians 36; non-physicians 0', 'Faculty Resident Ratio: 3.00:1', 'Female Faculty Percent: 27.80%'. FREIDA 2026: field_total_physician = 22, field_total_non_physician = 0, field_ratio_ft_faculty = '1.80', field_pct_ft_female = '45.50'. The program page's own team list names 26 people across four institutions, 19 of them at Weston, and includes non-neurologist teaching faculty. Three different units of count. The 2026 survey supersedes the registry for the survey question; the team list answers a different question.",Preserve; do not resolve,YES_WAVE2
1801122152,RISE-NEURO-0030,Cleveland Clinic Foundation/Florida Weston Program (self-described as the Cleveland Clinic Florida Neurology Residency Program),FL,CONFLICT_PRESERVED,conflicts[10],"RESIDENT ROSTER CURRENCY. The program's published roster is the academic year 2025-2026 cohort (Classes of 2026, 2027, 2028) and has not rolled over for AY2026-2027 as of 2026-09-12 — proven by an identical Internet Archive capture from 2026-07-08 and by an alumni list that still ends at 2025. The census it supports (10) is nonetheless the most recent published census and is exactly corroborated by the FREIDA 2026 survey percentages received 2026-06-15.",Preserve; do not resolve,YES_WAVE2
1801122152,RISE-NEURO-0030,Cleveland Clinic Foundation/Florida Weston Program (self-described as the Cleveland Clinic Florida Neurology Residency Program),FL,CONFLICT_PRESERVED,conflicts[11],"PARKINSON'S FOUNDATION DESIGNATION SCOPE AND COUNT. The Cleveland Clinic Florida Parkinson's page states 'Cleveland Clinic Weston Hospital receiving a Center of Excellence designation by the Parkinson's Foundation, one of only 47 centers worldwide with this designation.' Cleveland Clinic Florida's own Awards page states the more precise 'Center of Excellence (Multi-Site Award)'. The Parkinson's Foundation's own listing, updated April 2026, states 59 Centers of Excellence worldwide (46 U.S., 13 international) and names no Cleveland Clinic Florida or Weston site; its two Cleveland Clinic entries are in Nevada and Ohio, and its three Florida entries are UF Fixel, University of Miami and USF. Both the scope ('Weston Hospital receiving a designation' vs a multi-site award covering Weston as one site) and the count ('47 worldwide' vs 59) conflict. All three sources preserved.",Preserve; do not resolve,YES_WAVE2
1801122152,RISE-NEURO-0030,Cleveland Clinic Foundation/Florida Weston Program (self-described as the Cleveland Clinic Florida Neurology Residency Program),FL,CONFLICT_PRESERVED,conflicts[12],"ALUMNI ENTRY GEOGRAPHY. The program's alumni table records 'Metin Bicen, MD — 2025 — Vascular Neurology Fellowship — National Institutes of Health in MA'. The NIH intramural campus is in Maryland. Quoted as published without correction; a transcription error on the program's part is the likely explanation.",Preserve; do not resolve,YES_WAVE2
1801122152,RISE-NEURO-0030,Cleveland Clinic Foundation/Florida Weston Program (self-described as the Cleveland Clinic Florida Neurology Residency Program),FL,CONFLICT_PRESERVED,conflicts[13],SUPPLEMENTAL APPLICATION. Registry 'Required Supplemental Information: Yes' vs FREIDA 2026 field_nxt_supplement = false. The 2026 cycle supersedes; the program page requires no supplemental application beyond the standard ERAS components.,Preserve; do not resolve,YES_WAVE2
1801122152,RISE-NEURO-0030,Cleveland Clinic Foundation/Florida Weston Program (self-described as the Cleveland Clinic Florida Neurology Residency Program),FL,CONFLICT_PRESERVED,conflicts[14],MENTAL HEALTH BENEFIT COST SHARE. Registry records outpatient and inpatient mental health as 'Fully Paid by Institution'; FREIDA 2026 reports both as 'Institution & Resident Share Cost'. The 2026 cycle supersedes. Group life and disability remain 'Fully Paid by Institution' in both.,Preserve; do not resolve,YES_WAVE2
1801122152,RISE-NEURO-0030,Cleveland Clinic Foundation/Florida Weston Program (self-described as the Cleveland Clinic Florida Neurology Residency Program),FL,SOURCE_MISMATCH,conflicts[15],"PARKINSON'S FOUNDATION MULTI-SITE AWARD - SOURCE_MISMATCH FLAGGED BY ADVERSARIAL REVIEW (2026-09-12T15:48:06Z). Reviewer B confirmed the core finding: the program page's 'one of only 47 centers worldwide' is wrong (the Foundation's April-2026 listing says 59 - 46 US, 13 international), the Foundation names Cleveland Clinic only in Nevada and Ohio, 'Weston' appears zero times, and the institution's own awards page calls it a 'Center of Excellence (Multi-Site Award)'. HOWEVER this dossier additionally enumerated four covered sites including Florida and Abu Dhabi; that enumeration is NOT supported by the Foundation's listing and should not be relied on. The multi-site award is real; its site coverage is unestablished.",Adversarial correction supersedes the original; ingest the corrected state,YES_WAVE2
